Config_ID,run_time_s,timestamp,config,num_users,target_rpm,actual_rpm,failures,avg_response_time_ms,rt_90,rt_95,rt_99,total_cpu,total_mem,Active_Services,Agg,GB1,GB2,Inven1,Inven2,Rev1,Rev2,Recom1,Recom2,Adv
2,60,2026-01-01 22:55:48,2,,759.0,705.0,0.0,3151.23,7362.86,9983.53,11964.46,0.4356113906960619,3172110336.0,"Agg, GB1, Inven1, Rev1, Recom1",1,1,0,1,0,1,0,1,0,0
2,120,2026-01-01 22:56:48,2,,722.0,722.0,0.0,1601.52,1606.97,1610.21,1630.42,0.8188426063445988,3177635840.0,"Agg, GB1, Inven1, Rev1, Recom1",1,1,0,1,0,1,0,1,0,0
2,180,2026-01-01 22:57:48,2,,535.0,537.0,0.0,1603.54,1609.88,1612.23,1634.79,0.7070765530164028,2781102080.0,"Agg, GB1, Inven1, Rev1, Recom1",1,1,0,1,0,1,0,1,0,0
2,240,2026-01-01 22:58:48,2,,460.0,460.0,0.0,1599.47,1603.64,1606.27,1612.99,0.5717522196751484,2781392896.0,"Agg, GB1, Inven1, Rev1, Recom1",1,1,0,1,0,1,0,1,0,0
2,300,2026-01-01 22:59:48,2,,438.0,438.0,0.0,1599.7,1603.18,1605.7,1645.09,0.4747360409282959,2782203904.0,"Agg, GB1, Inven1, Rev1, Recom1",1,1,0,1,0,1,0,1,0,0
2,360,2026-01-01 23:00:48,2,,507.0,507.0,0.0,1599.21,1604.89,1606.58,1613.5,0.4719581051724622,2782457856.0,"Agg, GB1, Inven1, Rev1, Recom1",1,1,0,1,0,1,0,1,0,0
2,420,2026-01-01 23:01:48,2,,505.0,505.0,0.0,1598.83,1603.54,1604.61,1609.68,0.5020192910363681,2782756864.0,"Agg, GB1, Inven1, Rev1, Recom1",1,1,0,1,0,1,0,1,0,0
2,480,2026-01-01 23:02:48,2,,525.0,525.0,0.0,1599.59,1603.48,1605.3,1611.46,0.5134031279648025,2784276480.0,"Agg, GB1, Inven1, Rev1, Recom1",1,1,0,1,0,1,0,1,0,0
2,540,2026-01-01 23:03:48,2,,382.0,383.0,0.0,1598.84,1603.16,1604.99,1609.37,0.4564719875354729,2784575488.0,"Agg, GB1, Inven1, Rev1, Recom1",1,1,0,1,0,1,0,1,0,0
2,600,2026-01-01 23:04:48,2,,365.0,365.0,0.0,1597.68,1601.33,1602.3,1605.32,0.3736313560920397,2784587776.0,"Agg, GB1, Inven1, Rev1, Recom1",1,1,0,1,0,1,0,1,0,0
2,660,2026-01-01 23:05:48,2,,410.0,410.0,0.0,1599.62,1603.73,1605.55,1610.05,0.3823836237611595,2784829440.0,"Agg, GB1, Inven1, Rev1, Recom1",1,1,0,1,0,1,0,1,0,0
2,720,2026-01-01 23:06:48,2,,388.0,388.0,0.0,1598.57,1602.19,1604.67,1607.59,0.4023143964447293,2785415168.0,"Agg, GB1, Inven1, Rev1, Recom1",1,1,0,1,0,1,0,1,0,0
2,780,2026-01-01 23:07:48,2,,397.0,397.0,0.0,1599.58,1604.59,1606.21,1612.1,0.3925598082361917,2785521664.0,"Agg, GB1, Inven1, Rev1, Recom1",1,1,0,1,0,1,0,1,0,0
2,840,2026-01-01 23:08:48,2,,475.0,474.0,0.0,1603.34,1606.48,1610.55,1691.46,0.4269145137426298,2785685504.0,"Agg, GB1, Inven1, Rev1, Recom1",1,1,0,1,0,1,0,1,0,0
2,900,2026-01-01 23:09:48,2,,452.0,452.0,0.0,1598.2,1602.19,1604.53,1607.46,0.4577376266572294,2785824768.0,"Agg, GB1, Inven1, Rev1, Recom1",1,1,0,1,0,1,0,1,0,0
2,960,2026-01-01 23:10:48,2,,447.0,447.0,0.0,1598.01,1602.06,1604.76,1608.88,0.4402065887719119,2786816000.0,"Agg, GB1, Inven1, Rev1, Recom1",1,1,0,1,0,1,0,1,0,0
2,1020,2026-01-01 23:11:48,2,,475.0,475.0,0.0,1600.73,1605.64,1607.69,1612.82,0.4523258632739337,2744279040.0,"Agg, GB1, Inven1, Rev1, Recom1",1,1,0,1,0,1,0,1,0,0
2,1080,2026-01-01 23:12:48,2,,504.0,504.0,0.0,1599.49,1603.48,1604.57,1610.71,0.4826945892737718,2744385536.0,"Agg, GB1, Inven1, Rev1, Recom1",1,1,0,1,0,1,0,1,0,0
2,1140,2026-01-01 23:13:48,2,,508.0,508.0,0.0,1598.93,1602.64,1604.4,1607.82,0.4935587701446084,2744737792.0,"Agg, GB1, Inven1, Rev1, Recom1",1,1,0,1,0,1,0,1,0,0
2,1200,2026-01-01 23:14:48,2,,636.0,635.0,0.0,1598.7,1604.19,1605.4,1608.68,0.5539832453301146,2744881152.0,"Agg, GB1, Inven1, Rev1, Recom1",1,1,0,1,0,1,0,1,0,0
2,1260,2026-01-01 23:15:48,2,,630.0,630.0,0.0,1599.91,1604.86,1606.48,1610.53,0.6228147354009472,2745212928.0,"Agg, GB1, Inven1, Rev1, Recom1",1,1,0,1,0,1,0,1,0,0
2,1320,2026-01-01 23:16:48,2,,715.0,714.0,0.0,1598.08,1602.76,1605.0,1611.2,0.6640654231763923,2745282560.0,"Agg, GB1, Inven1, Rev1, Recom1",1,1,0,1,0,1,0,1,0,0
2,1380,2026-01-01 23:17:48,2,,757.0,757.0,0.0,1601.94,1606.76,1608.32,1612.91,0.7231611451082371,2499198976.0,"Agg, GB1, Inven1, Rev1, Recom1",1,1,0,1,0,1,0,1,0,0
2,1440,2026-01-01 23:18:48,2,,794.0,793.0,0.0,1599.54,1604.01,1605.95,1614.18,0.7724665432028497,2500485120.0,"Agg, GB1, Inven1, Rev1, Recom1",1,1,0,1,0,1,0,1,0,0
2,1500,2026-01-01 23:19:48,2,,767.0,768.0,0.0,1600.47,1605.11,1607.42,1612.66,0.780414884434309,2500534272.0,"Agg, GB1, Inven1, Rev1, Recom1",1,1,0,1,0,1,0,1,0,0
2,1560,2026-01-01 23:20:48,2,,800.0,799.0,0.0,1598.75,1604.15,1607.13,1615.73,0.7832350321203221,2500829184.0,"Agg, GB1, Inven1, Rev1, Recom1",1,1,0,1,0,1,0,1,0,0
2,1620,2026-01-01 23:21:48,2,,706.0,707.0,0.0,1599.75,1604.23,1606.33,1614.6,0.7511560219567753,2233827328.0,"Agg, GB1, Inven1, Rev1, Recom1",1,1,0,1,0,1,0,1,0,0
2,1680,2026-01-01 23:22:48,2,,617.0,618.0,0.0,1600.3,1604.45,1605.87,1610.4,0.678035396240757,2245525504.0,"Agg, GB1, Inven1, Rev1, Recom1",1,1,0,1,0,1,0,1,0,0
2,1740,2026-01-01 23:23:48,2,,498.0,499.0,0.0,1600.08,1603.33,1604.81,1609.35,0.5717690233448864,2148872192.0,"Agg, GB1, Inven1, Rev1, Recom1",1,1,0,1,0,1,0,1,0,0
2,1800,2026-01-01 23:24:48,2,,455.0,455.0,0.0,1599.15,1603.18,1604.66,1609.78,0.4833850527145524,2148724736.0,"Agg, GB1, Inven1, Rev1, Recom1",1,1,0,1,0,1,0,1,0,0
4,60,2026-01-02 00:00:43,4,,759.0,500.0,0.0,34594.57,42522.88,46150.07,50864.35,0.3861950914540236,3514740736.0,"Agg, GB1, Inven1, Rev2, Recom1",1,1,0,1,0,0,1,1,0,0
4,120,2026-01-02 00:01:43,4,,722.0,588.0,45.0,48607.54,58458.77,60000.35,60000.93,0.6565631749403955,3519299584.0,"Agg, GB1, Inven1, Rev2, Recom1",1,1,0,1,0,0,1,1,0,0
4,180,2026-01-02 00:02:43,4,,535.0,496.0,289.0,58396.31,60000.68,60000.84,60001.13,0.5869354683893271,3519909888.0,"Agg, GB1, Inven1, Rev2, Recom1",1,1,0,1,0,0,1,1,0,0
4,240,2026-01-02 00:03:43,4,,460.0,460.0,363.0,59475.99,60000.66,60000.79,60001.05,0.5650081703990939,2709733376.0,"Agg, GB1, Inven1, Rev2, Recom1",1,1,0,1,0,0,1,1,0,0
4,300,2026-01-02 00:04:43,4,,438.0,438.0,320.0,59268.63,60000.61,60000.77,60001.1,0.5759520290363426,2709848064.0,"Agg, GB1, Inven1, Rev2, Recom1",1,1,0,1,0,0,1,1,0,0
4,360,2026-01-02 00:05:43,4,,507.0,496.0,398.0,59492.84,60000.57,60000.66,60001.02,0.568726897708419,2710265856.0,"Agg, GB1, Inven1, Rev2, Recom1",1,1,0,1,0,0,1,1,0,0
4,420,2026-01-02 00:06:43,4,,505.0,496.0,486.0,59973.51,60000.57,60000.69,60001.02,0.4772636423073346,2710310912.0,"Agg, GB1, Inven1, Rev2, Recom1",1,1,0,1,0,0,1,1,0,0
4,480,2026-01-02 00:07:43,4,,525.0,499.0,499.0,60000.0,60000.61,60000.89,60001.53,0.5598361452958941,2697326592.0,"Agg, GB1, Inven1, Rev2, Recom1",1,1,0,1,0,0,1,1,0,0
4,540,2026-01-02 00:08:43,4,,382.0,383.0,379.0,59984.76,60000.51,60000.66,60000.98,0.5687894623188048,2697658368.0,"Agg, GB1, Inven1, Rev2, Recom1",1,1,0,1,0,0,1,1,0,0
4,600,2026-01-02 00:09:43,4,,365.0,365.0,237.0,58795.14,60000.35,60000.57,60000.91,0.558288400792206,2697764864.0,"Agg, GB1, Inven1, Rev2, Recom1",1,1,0,1,0,0,1,1,0,0
4,660,2026-01-02 00:10:43,4,,410.0,410.0,53.0,53325.63,59999.67,60000.16,60000.78,0.5252806628142318,2609496064.0,"Agg, GB1, Inven1, Rev2, Recom1",1,1,0,1,0,0,1,1,0,0
4,720,2026-01-02 00:11:43,4,,388.0,388.0,7.0,46522.05,54378.69,56107.75,60000.11,0.557287374831766,2609889280.0,"Agg, GB1, Inven1, Rev2, Recom1",1,1,0,1,0,0,1,1,0,0
4,780,2026-01-02 00:12:43,4,,397.0,397.0,1.0,38536.34,45615.72,48453.81,55202.25,0.5803864197144786,2367528960.0,"Agg, GB1, Inven1, Rev2, Recom1",1,1,0,1,0,0,1,1,0,0
4,840,2026-01-02 00:13:43,4,,475.0,474.0,0.0,36649.34,43721.34,45870.67,48476.22,0.5424852818950371,2367688704.0,"Agg, GB1, Inven1, Rev2, Recom1",1,1,0,1,0,0,1,1,0,0
4,900,2026-01-02 00:14:43,4,,452.0,452.0,0.0,36709.33,43306.01,46701.1,51866.6,0.477207133857276,2367811584.0,"Agg, GB1, Inven1, Rev2, Recom1",1,1,0,1,0,0,1,1,0,0
4,960,2026-01-02 00:15:43,4,,447.0,447.0,0.0,35557.68,41609.84,43940.36,48976.72,0.5728813712334516,2368118784.0,"Agg, GB1, Inven1, Rev2, Recom1",1,1,0,1,0,0,1,1,0,0
4,1020,2026-01-02 00:16:43,4,,475.0,475.0,0.0,34604.65,41435.67,43662.78,47347.24,0.5595132657703438,2368618496.0,"Agg, GB1, Inven1, Rev2, Recom1",1,1,0,1,0,0,1,1,0,0
4,1080,2026-01-02 00:17:43,4,,504.0,504.0,0.0,37315.27,44484.5,47302.88,51799.88,0.5715011476136662,2374410240.0,"Agg, GB1, Inven1, Rev2, Recom1",1,1,0,1,0,0,1,1,0,0
4,1140,2026-01-02 00:18:43,4,,508.0,508.0,5.0,42832.75,50934.25,53324.29,59131.25,0.4848089173985609,2368385024.0,"Agg, GB1, Inven1, Rev2, Recom1",1,1,0,1,0,0,1,1,0,0
4,1200,2026-01-02 00:19:43,4,,636.0,606.0,241.0,55250.18,60000.57,60000.68,60001.01,0.527300261514849,2368831488.0,"Agg, GB1, Inven1, Rev2, Recom1",1,1,0,1,0,0,1,1,0,0
4,1260,2026-01-02 00:20:43,4,,630.0,499.0,443.0,59768.33,60000.66,60000.82,60001.18,0.5556003570856394,2368565248.0,"Agg, GB1, Inven1, Rev2, Recom1",1,1,0,1,0,0,1,1,0,0
4,1320,2026-01-02 00:21:43,4,,715.0,499.0,497.0,59997.5,60000.64,60000.8,60001.12,0.5635924675879042,2368942080.0,"Agg, GB1, Inven1, Rev2, Recom1",1,1,0,1,0,0,1,1,0,0
4,1380,2026-01-02 00:22:43,4,,757.0,500.0,500.0,59999.88,60000.45,60000.59,60000.9,0.5627877284054962,2336051200.0,"Agg, GB1, Inven1, Rev2, Recom1",1,1,0,1,0,0,1,1,0,0
4,1440,2026-01-02 00:23:43,4,,794.0,499.0,499.0,59999.9,60000.48,60000.66,60001.4,0.5688038345569324,2336190464.0,"Agg, GB1, Inven1, Rev2, Recom1",1,1,0,1,0,0,1,1,0,0
4,1500,2026-01-02 00:24:43,4,,767.0,500.0,500.0,59999.85,60000.5,60000.6,60000.97,0.5803986620361286,2336497664.0,"Agg, GB1, Inven1, Rev2, Recom1",1,1,0,1,0,0,1,1,0,0
4,1560,2026-01-02 00:25:43,4,,800.0,499.0,499.0,59999.91,60000.52,60000.69,60000.96,0.4832719055911931,2336497664.0,"Agg, GB1, Inven1, Rev2, Recom1",1,1,0,1,0,0,1,1,0,0
4,1620,2026-01-02 00:26:43,4,,706.0,500.0,500.0,59999.92,60000.5,60000.68,60001.33,0.5732476334334026,2336948224.0,"Agg, GB1, Inven1, Rev2, Recom1",1,1,0,1,0,0,1,1,0,0
4,1680,2026-01-02 00:27:43,4,,617.0,500.0,500.0,59999.83,60000.42,60000.64,60000.9,0.5737398188352539,2337406976.0,"Agg, GB1, Inven1, Rev2, Recom1",1,1,0,1,0,0,1,1,0,0
4,1740,2026-01-02 00:28:43,4,,498.0,480.0,480.0,59999.89,60000.54,60000.73,60000.99,0.5591056566130445,2337497088.0,"Agg, GB1, Inven1, Rev2, Recom1",1,1,0,1,0,0,1,1,0,0
4,1800,2026-01-02 00:29:43,4,,455.0,265.0,265.0,59999.88,60000.42,60000.51,60000.75,0.4757455249278638,2337243136.0,"Agg, GB1, Inven1, Rev2, Recom1",1,1,0,1,0,0,1,1,0,0
5,60,2026-01-02 00:33:23,5,,759.0,616.0,315.0,10101.76,19887.54,22981.35,24955.29,0.2417067594769448,2486734848.0,"Agg, GB1, Inven1, Recom1, Adv",1,1,0,1,0,0,0,1,0,1
5,120,2026-01-02 00:34:23,5,,722.0,722.0,0.0,3033.17,5901.12,7092.39,10055.01,0.2535104970451753,3632820224.0,"Agg, GB1, Inven1, Recom1, Adv",1,1,0,1,0,0,0,1,0,1
5,180,2026-01-02 00:35:23,5,,535.0,537.0,0.0,2197.12,2202.5,2205.53,2218.6,0.7114184371012573,2940047360.0,"Agg, GB1, Inven1, Recom1, Adv",1,1,0,1,0,0,0,1,0,1
5,240,2026-01-02 00:36:23,5,,460.0,460.0,0.0,2196.87,2201.43,2202.72,2209.03,0.5333346011013418,2947358720.0,"Agg, GB1, Inven1, Recom1, Adv",1,1,0,1,0,0,0,1,0,1
5,300,2026-01-02 00:37:23,5,,438.0,438.0,0.0,2197.27,2201.42,2203.43,2209.47,0.4504429407018351,2970996736.0,"Agg, GB1, Inven1, Recom1, Adv",1,1,0,1,0,0,0,1,0,1
5,360,2026-01-02 00:38:23,5,,507.0,507.0,0.0,2197.44,2201.62,2203.84,2212.11,0.4430213183666496,2615898112.0,"Agg, GB1, Inven1, Recom1, Adv",1,1,0,1,0,0,0,1,0,1
5,420,2026-01-02 00:39:23,5,,505.0,505.0,0.0,2197.62,2201.57,2203.34,2209.93,0.4781418609587716,2616119296.0,"Agg, GB1, Inven1, Recom1, Adv",1,1,0,1,0,0,0,1,0,1
5,480,2026-01-02 00:40:23,5,,525.0,525.0,0.0,2196.03,2201.49,2203.06,2206.13,0.4925444601589577,2616328192.0,"Agg, GB1, Inven1, Recom1, Adv",1,1,0,1,0,0,0,1,0,1
5,540,2026-01-02 00:41:23,5,,382.0,383.0,0.0,2196.32,2200.37,2201.86,2207.05,0.455831909144207,2616438784.0,"Agg, GB1, Inven1, Recom1, Adv",1,1,0,1,0,0,0,1,0,1
5,600,2026-01-02 00:42:23,5,,365.0,365.0,0.0,2194.79,2200.16,2201.98,2208.26,0.3476320911361767,2616487936.0,"Agg, GB1, Inven1, Recom1, Adv",1,1,0,1,0,0,0,1,0,1
5,660,2026-01-02 00:43:23,5,,410.0,410.0,0.0,2196.6,2200.97,2202.53,2206.99,0.3500779755354038,2616557568.0,"Agg, GB1, Inven1, Recom1, Adv",1,1,0,1,0,0,0,1,0,1
5,720,2026-01-02 00:44:23,5,,388.0,388.0,0.0,2196.53,2200.71,2202.52,2206.31,0.3867716187132114,2616950784.0,"Agg, GB1, Inven1, Recom1, Adv",1,1,0,1,0,0,0,1,0,1
5,780,2026-01-02 00:45:23,5,,397.0,397.0,0.0,2197.31,2201.06,2203.04,2226.89,0.3794026411003467,2617364480.0,"Agg, GB1, Inven1, Recom1, Adv",1,1,0,1,0,0,0,1,0,1
5,840,2026-01-02 00:46:23,5,,475.0,474.0,0.0,2196.37,2199.88,2201.76,2208.37,0.3906859462195929,2617659392.0,"Agg, GB1, Inven1, Recom1, Adv",1,1,0,1,0,0,0,1,0,1
5,900,2026-01-02 00:47:23,5,,452.0,452.0,0.0,2196.11,2201.03,2203.13,2206.78,0.4342490139281164,2572709888.0,"Agg, GB1, Inven1, Recom1, Adv",1,1,0,1,0,0,0,1,0,1
5,960,2026-01-02 00:48:23,5,,447.0,447.0,0.0,2196.06,2200.41,2202.8,2207.34,0.4188706092108344,2572775424.0,"Agg, GB1, Inven1, Recom1, Adv",1,1,0,1,0,0,0,1,0,1
5,1020,2026-01-02 00:49:23,5,,475.0,475.0,0.0,2195.87,2199.66,2202.45,2209.63,0.4274464349514117,2573254656.0,"Agg, GB1, Inven1, Recom1, Adv",1,1,0,1,0,0,0,1,0,1
5,1080,2026-01-02 00:50:23,5,,504.0,504.0,0.0,2196.4,2200.43,2202.02,2204.9,0.4417929547823382,2573623296.0,"Agg, GB1, Inven1, Recom1, Adv",1,1,0,1,0,0,0,1,0,1
5,1140,2026-01-02 00:51:23,5,,508.0,508.0,0.0,2196.36,2200.09,2201.69,2205.24,0.467227982682184,2572681216.0,"Agg, GB1, Inven1, Recom1, Adv",1,1,0,1,0,0,0,1,0,1
5,1200,2026-01-02 00:52:23,5,,636.0,635.0,0.0,2196.18,2201.26,2202.59,2207.12,0.4983591945534861,2572984320.0,"Agg, GB1, Inven1, Recom1, Adv",1,1,0,1,0,0,0,1,0,1
5,1260,2026-01-02 00:53:23,5,,630.0,630.0,0.0,2196.87,2201.33,2203.05,2206.01,0.5936134449061237,2572488704.0,"Agg, GB1, Inven1, Recom1, Adv",1,1,0,1,0,0,0,1,0,1
5,1320,2026-01-02 00:54:23,5,,715.0,714.0,0.0,2196.58,2201.47,2203.93,2226.48,0.6083122055883512,2572640256.0,"Agg, GB1, Inven1, Recom1, Adv",1,1,0,1,0,0,0,1,0,1
5,1380,2026-01-02 00:55:23,5,,757.0,757.0,0.0,2198.45,2202.72,2204.38,2211.74,0.629873909141375,2399870976.0,"Agg, GB1, Inven1, Recom1, Adv",1,1,0,1,0,0,0,1,0,1
5,1440,2026-01-02 00:56:23,5,,794.0,793.0,0.0,2197.79,2202.82,2204.68,2209.96,0.7317306673493229,2400210944.0,"Agg, GB1, Inven1, Recom1, Adv",1,1,0,1,0,0,0,1,0,1
5,1500,2026-01-02 00:57:23,5,,767.0,768.0,0.0,2199.29,2203.62,2205.68,2213.06,0.7361271264606691,2400219136.0,"Agg, GB1, Inven1, Recom1, Adv",1,1,0,1,0,0,0,1,0,1
5,1560,2026-01-02 00:58:23,5,,800.0,799.0,0.0,2197.38,2202.43,2204.86,2216.01,0.7478804532819338,2400325632.0,"Agg, GB1, Inven1, Recom1, Adv",1,1,0,1,0,0,0,1,0,1
5,1620,2026-01-02 00:59:23,5,,706.0,707.0,0.0,2199.97,2202.19,2205.93,2363.58,0.7384507129737637,1972252672.0,"Agg, GB1, Inven1, Recom1, Adv",1,1,0,1,0,0,0,1,0,1
5,1680,2026-01-02 01:00:23,5,,617.0,618.0,0.0,2197.68,2201.97,2203.41,2208.8,0.6423111294814448,1972330496.0,"Agg, GB1, Inven1, Recom1, Adv",1,1,0,1,0,0,0,1,0,1
5,1740,2026-01-02 01:01:23,5,,498.0,499.0,0.0,2202.29,2202.37,2207.73,2386.01,0.5547912062152953,1972404224.0,"Agg, GB1, Inven1, Recom1, Adv",1,1,0,1,0,0,0,1,0,1
5,1800,2026-01-02 01:02:23,5,,455.0,455.0,0.0,2196.07,2199.48,2201.16,2204.16,0.4646302300194703,1972633600.0,"Agg, GB1, Inven1, Recom1, Adv",1,1,0,1,0,0,0,1,0,1
11,60,2026-01-02 13:36:02,11,,759.0,426.0,392.0,55025.66,60000.39,60000.56,60000.95,0.2478491461185576,2349551616.0,"Agg, GB1, Inven1, Recom2, Adv",1,1,0,1,0,0,0,0,1,1
11,120,2026-01-02 13:37:02,11,,722.0,506.0,458.0,59555.67,60000.56,60000.76,60001.18,0.4632870074721691,2483507200.0,"Agg, GB1, Inven1, Recom2, Adv",1,1,0,1,0,0,0,0,1,1
11,180,2026-01-02 13:38:02,11,,535.0,499.0,499.0,59999.87,60000.45,60000.63,60000.94,0.4892927678769072,2306543616.0,"Agg, GB1, Inven1, Recom2, Adv",1,1,0,1,0,0,0,0,1,1
11,240,2026-01-02 13:39:02,11,,460.0,458.0,458.0,59999.82,60000.33,60000.56,60001.11,0.5503731284687174,2344722432.0,"Agg, GB1, Inven1, Recom2, Adv",1,1,0,1,0,0,0,0,1,1
11,300,2026-01-02 13:40:02,11,,438.0,438.0,438.0,59999.79,60000.33,60000.56,60000.88,0.5529263334732142,2363641856.0,"Agg, GB1, Inven1, Recom2, Adv",1,1,0,1,0,0,0,0,1,1
11,360,2026-01-02 13:41:02,11,,507.0,500.0,500.0,59999.75,60000.25,60000.39,60000.83,0.5502583840363926,2368802816.0,"Agg, GB1, Inven1, Recom2, Adv",1,1,0,1,0,0,0,0,1,1
11,420,2026-01-02 13:42:02,11,,505.0,499.0,499.0,59999.74,60000.25,60000.38,60000.72,0.5529019461521719,2367918080.0,"Agg, GB1, Inven1, Recom2, Adv",1,1,0,1,0,0,0,0,1,1
11,480,2026-01-02 13:43:02,11,,525.0,499.0,363.0,58175.55,60000.24,60000.48,60000.8,0.6539285813931197,2372898816.0,"Agg, GB1, Inven1, Recom2, Adv",1,1,0,1,0,0,0,0,1,1
11,540,2026-01-02 13:44:02,11,,382.0,383.0,10.0,33430.63,53574.23,55431.62,59999.57,0.7620697634407365,2373410816.0,"Agg, GB1, Inven1, Recom2, Adv",1,1,0,1,0,0,0,0,1,1
11,600,2026-01-02 13:45:02,11,,365.0,365.0,0.0,4299.2,11324.36,15200.84,18324.42,0.854429782677527,2323841024.0,"Agg, GB1, Inven1, Recom2, Adv",1,1,0,1,0,0,0,0,1,1
11,660,2026-01-02 13:46:02,11,,410.0,410.0,0.0,1914.56,1939.14,2034.6,2296.41,0.4759475609460544,2328051712.0,"Agg, GB1, Inven1, Recom2, Adv",1,1,0,1,0,0,0,0,1,1
11,720,2026-01-02 13:47:02,11,,388.0,388.0,0.0,1906.66,1926.48,1989.29,2114.01,0.400713291618566,2141839360.0,"Agg, GB1, Inven1, Recom2, Adv",1,1,0,1,0,0,0,0,1,1
11,780,2026-01-02 13:48:02,11,,397.0,397.0,0.0,1907.32,1943.8,1993.16,2077.19,0.4503621366473956,2153517056.0,"Agg, GB1, Inven1, Recom2, Adv",1,1,0,1,0,0,0,0,1,1
11,840,2026-01-02 13:49:02,11,,475.0,474.0,0.0,1909.4,1979.11,2049.88,2188.74,0.4832726509654054,2156302336.0,"Agg, GB1, Inven1, Recom2, Adv",1,1,0,1,0,0,0,0,1,1
11,900,2026-01-02 13:50:02,11,,452.0,452.0,0.0,1914.43,1973.37,2025.26,2160.36,0.4547236700691433,2157322240.0,"Agg, GB1, Inven1, Recom2, Adv",1,1,0,1,0,0,0,0,1,1
11,960,2026-01-02 13:51:02,11,,447.0,447.0,0.0,1899.88,1918.25,1944.11,1980.84,0.4701691549555896,2040745984.0,"Agg, GB1, Inven1, Recom2, Adv",1,1,0,1,0,0,0,0,1,1
11,1020,2026-01-02 13:52:02,11,,475.0,475.0,0.0,1896.9,1901.01,1966.04,2075.03,0.4590659089491983,2041565184.0,"Agg, GB1, Inven1, Recom2, Adv",1,1,0,1,0,0,0,0,1,1
11,1080,2026-01-02 13:53:02,11,,504.0,504.0,0.0,1905.61,1935.4,2007.17,2138.43,0.4427045252155377,2042097664.0,"Agg, GB1, Inven1, Recom2, Adv",1,1,0,1,0,0,0,0,1,1
11,1140,2026-01-02 13:54:02,11,,508.0,508.0,0.0,1902.38,1900.0,1907.67,2160.62,0.4640388827129412,2046726144.0,"Agg, GB1, Inven1, Recom2, Adv",1,1,0,1,0,0,0,0,1,1
11,1200,2026-01-02 13:55:02,11,,636.0,635.0,0.0,1893.79,1898.76,1901.08,1924.66,0.514864863165944,2048364544.0,"Agg, GB1, Inven1, Recom2, Adv",1,1,0,1,0,0,0,0,1,1
11,1260,2026-01-02 13:56:02,11,,630.0,630.0,0.0,1894.42,1898.64,1900.44,1929.56,0.5482251508406607,2048610304.0,"Agg, GB1, Inven1, Recom2, Adv",1,1,0,1,0,0,0,0,1,1
11,1320,2026-01-02 13:57:02,11,,715.0,714.0,0.0,1894.72,1897.99,1899.8,1911.63,0.5318023036704966,2048724992.0,"Agg, GB1, Inven1, Recom2, Adv",1,1,0,1,0,0,0,0,1,1
11,1380,2026-01-02 13:58:02,11,,757.0,757.0,0.0,1895.26,1900.11,1901.69,1907.28,0.6440426508869017,2048782336.0,"Agg, GB1, Inven1, Recom2, Adv",1,1,0,1,0,0,0,0,1,1
11,1440,2026-01-02 13:59:02,11,,794.0,793.0,0.0,1894.46,1898.93,1900.38,1907.21,0.6899776161954914,2049032192.0,"Agg, GB1, Inven1, Recom2, Adv",1,1,0,1,0,0,0,0,1,1
11,1500,2026-01-02 14:00:02,11,,767.0,768.0,0.0,1895.94,1899.87,1901.52,1924.94,0.7057537665618976,2048929792.0,"Agg, GB1, Inven1, Recom2, Adv",1,1,0,1,0,0,0,0,1,1
11,1560,2026-01-02 14:01:02,11,,800.0,799.0,0.0,1893.68,1899.14,1900.29,1903.68,0.7087261490299943,2042892288.0,"Agg, GB1, Inven1, Recom2, Adv",1,1,0,1,0,0,0,0,1,1
11,1620,2026-01-02 14:02:02,11,,706.0,707.0,0.0,1895.09,1899.17,1900.89,1905.61,0.6889397227626124,2042949632.0,"Agg, GB1, Inven1, Recom2, Adv",1,1,0,1,0,0,0,0,1,1
11,1680,2026-01-02 14:03:02,11,,617.0,618.0,0.0,1896.39,1899.36,1901.59,1949.45,0.6074428211273658,2042925056.0,"Agg, GB1, Inven1, Recom2, Adv",1,1,0,1,0,0,0,0,1,1
11,1740,2026-01-02 14:04:02,11,,498.0,499.0,0.0,1893.61,1898.38,1900.7,1912.21,0.540778782131689,2043125760.0,"Agg, GB1, Inven1, Recom2, Adv",1,1,0,1,0,0,0,0,1,1
11,1800,2026-01-02 14:05:02,11,,455.0,455.0,0.0,1893.41,1897.0,1898.1,1902.35,0.4537660721655994,2042777600.0,"Agg, GB1, Inven1, Recom2, Adv",1,1,0,1,0,0,0,0,1,1
13,60,2026-01-02 14:40:29,13,,759.0,707.0,0.0,2975.83,6326.27,9054.25,11325.11,0.0855911210847524,2377687040.0,"Agg, GB1, Inven1, Rev1, Adv",1,1,0,1,0,1,0,0,0,1
13,120,2026-01-02 14:41:29,13,,722.0,722.0,0.0,1801.52,1807.02,1812.67,1826.41,1.225476008312776,3023028224.0,"Agg, GB1, Inven1, Rev1, Adv",1,1,0,1,0,1,0,0,0,1
13,180,2026-01-02 14:42:29,13,,535.0,537.0,0.0,1796.81,1804.71,1806.45,1815.07,0.7520683518733675,2643910656.0,"Agg, GB1, Inven1, Rev1, Adv",1,1,0,1,0,1,0,0,0,1
13,240,2026-01-02 14:43:29,13,,460.0,460.0,0.0,1797.45,1802.21,1804.43,1813.52,0.5437144782860354,2646921216.0,"Agg, GB1, Inven1, Rev1, Adv",1,1,0,1,0,1,0,0,0,1
13,300,2026-01-02 14:44:29,13,,438.0,438.0,0.0,1797.45,1802.66,1805.27,1812.27,0.4700002597468479,2647900160.0,"Agg, GB1, Inven1, Rev1, Adv",1,1,0,1,0,1,0,0,0,1
13,360,2026-01-02 14:45:29,13,,507.0,507.0,0.0,1800.74,1806.14,1808.62,1813.74,0.4534911761397437,2648268800.0,"Agg, GB1, Inven1, Rev1, Adv",1,1,0,1,0,1,0,0,0,1
13,420,2026-01-02 14:46:29,13,,505.0,505.0,0.0,1802.96,1808.98,1811.67,1817.19,0.5255308752205763,2648965120.0,"Agg, GB1, Inven1, Rev1, Adv",1,1,0,1,0,1,0,0,0,1
13,480,2026-01-02 14:47:29,13,,525.0,525.0,0.0,1800.33,1807.75,1811.48,1817.65,0.5543284023885847,2491072512.0,"Agg, GB1, Inven1, Rev1, Adv",1,1,0,1,0,1,0,0,0,1
13,540,2026-01-02 14:48:29,13,,382.0,383.0,0.0,1799.3,1803.89,1807.06,1814.77,0.4995482491225007,2491125760.0,"Agg, GB1, Inven1, Rev1, Adv",1,1,0,1,0,1,0,0,0,1
13,600,2026-01-02 14:49:29,13,,365.0,365.0,0.0,1798.2,1802.52,1807.09,1814.13,0.3753234904814483,2491269120.0,"Agg, GB1, Inven1, Rev1, Adv",1,1,0,1,0,1,0,0,0,1
13,660,2026-01-02 14:50:29,13,,410.0,410.0,0.0,1798.72,1803.3,1806.42,1812.24,0.3470091217370669,2491592704.0,"Agg, GB1, Inven1, Rev1, Adv",1,1,0,1,0,1,0,0,0,1
13,720,2026-01-02 14:51:29,13,,388.0,388.0,0.0,1799.3,1803.85,1807.17,1814.5,0.4321035172926356,2492743680.0,"Agg, GB1, Inven1, Rev1, Adv",1,1,0,1,0,1,0,0,0,1
13,780,2026-01-02 14:52:29,13,,397.0,397.0,0.0,1799.32,1804.12,1806.84,1813.97,0.38752847120572,2492903424.0,"Agg, GB1, Inven1, Rev1, Adv",1,1,0,1,0,1,0,0,0,1
13,840,2026-01-02 14:53:29,13,,475.0,474.0,0.0,1796.89,1801.09,1803.1,1811.05,0.3760348775720468,2200240128.0,"Agg, GB1, Inven1, Rev1, Adv",1,1,0,1,0,1,0,0,0,1
13,900,2026-01-02 14:54:29,13,,452.0,452.0,0.0,1797.5,1801.67,1804.12,1811.44,0.4524067069179109,2201640960.0,"Agg, GB1, Inven1, Rev1, Adv",1,1,0,1,0,1,0,0,0,1
13,960,2026-01-02 14:55:29,13,,447.0,447.0,0.0,1797.89,1802.74,1807.53,1814.25,0.4280756059711101,2092359680.0,"Agg, GB1, Inven1, Rev1, Adv",1,1,0,1,0,1,0,0,0,1
13,1020,2026-01-02 14:56:29,13,,475.0,475.0,0.0,1797.48,1801.95,1805.38,1813.75,0.4366722937970368,2092462080.0,"Agg, GB1, Inven1, Rev1, Adv",1,1,0,1,0,1,0,0,0,1
13,1080,2026-01-02 14:57:29,13,,504.0,504.0,0.0,1800.48,1806.84,1808.81,1820.42,0.458859269530937,2092564480.0,"Agg, GB1, Inven1, Rev1, Adv",1,1,0,1,0,1,0,0,0,1
13,1140,2026-01-02 14:58:29,13,,508.0,508.0,0.0,1800.94,1805.84,1809.17,1815.98,0.4626188511727508,2092941312.0,"Agg, GB1, Inven1, Rev1, Adv",1,1,0,1,0,1,0,0,0,1
13,1200,2026-01-02 14:59:29,13,,636.0,635.0,0.0,1801.27,1806.07,1810.83,1819.52,0.4915359495624072,2092990464.0,"Agg, GB1, Inven1, Rev1, Adv",1,1,0,1,0,1,0,0,0,1
13,1260,2026-01-02 15:00:29,13,,630.0,630.0,0.0,1800.28,1805.14,1807.64,1816.13,0.5679060420862829,2093199360.0,"Agg, GB1, Inven1, Rev1, Adv",1,1,0,1,0,1,0,0,0,1
13,1320,2026-01-02 15:01:29,13,,715.0,714.0,0.0,1799.64,1804.38,1808.15,1816.88,0.5904732884473567,2093293568.0,"Agg, GB1, Inven1, Rev1, Adv",1,1,0,1,0,1,0,0,0,1
13,1380,2026-01-02 15:02:29,13,,757.0,757.0,0.0,1802.62,1807.39,1810.99,1819.7,0.7198183615956846,2093707264.0,"Agg, GB1, Inven1, Rev1, Adv",1,1,0,1,0,1,0,0,0,1
13,1440,2026-01-02 15:03:29,13,,794.0,793.0,0.0,1800.47,1805.52,1809.7,1830.31,0.7811316081746142,2093608960.0,"Agg, GB1, Inven1, Rev1, Adv",1,1,0,1,0,1,0,0,0,1
13,1500,2026-01-02 15:04:29,13,,767.0,768.0,0.0,1802.77,1806.9,1810.94,1820.73,0.7917253323973196,2093625344.0,"Agg, GB1, Inven1, Rev1, Adv",1,1,0,1,0,1,0,0,0,1
13,1560,2026-01-02 15:05:29,13,,800.0,799.0,0.0,1798.04,1804.74,1806.71,1825.43,0.7898710116028722,2093916160.0,"Agg, GB1, Inven1, Rev1, Adv",1,1,0,1,0,1,0,0,0,1
13,1620,2026-01-02 15:06:29,13,,706.0,707.0,0.0,1799.51,1803.2,1806.07,1817.63,0.7694337652101473,2093977600.0,"Agg, GB1, Inven1, Rev1, Adv",1,1,0,1,0,1,0,0,0,1
13,1680,2026-01-02 15:07:29,13,,617.0,618.0,0.0,1800.4,1804.8,1808.51,1816.54,0.681046436355067,2093707264.0,"Agg, GB1, Inven1, Rev1, Adv",1,1,0,1,0,1,0,0,0,1
13,1740,2026-01-02 15:08:29,13,,498.0,499.0,0.0,1798.81,1803.8,1809.08,1817.87,0.5633978174673338,2093867008.0,"Agg, GB1, Inven1, Rev1, Adv",1,1,0,1,0,1,0,0,0,1
13,1800,2026-01-02 15:09:29,13,,455.0,455.0,0.0,1797.79,1800.44,1804.45,1815.06,0.4849926802058616,2093780992.0,"Agg, GB1, Inven1, Rev1, Adv",1,1,0,1,0,1,0,0,0,1
15,60,2026-01-02 15:44:52,15,,759.0,401.0,401.0,60000.02,60000.55,60000.69,60001.01,0.202845190257874,2840948736.0,"Agg, GB1, Inven1, Rev2, Adv",1,1,0,1,0,0,1,0,0,1
15,120,2026-01-02 15:45:52,15,,722.0,499.0,499.0,60000.08,60000.6,60000.72,60001.05,0.2675224242265441,2875154432.0,"Agg, GB1, Inven1, Rev2, Adv",1,1,0,1,0,0,1,0,0,1
15,180,2026-01-02 15:46:52,15,,535.0,535.0,535.0,16823.74,60000.13,60000.41,60000.7,0.145392785677152,2516410368.0,"Agg, GB1, Inven1, Rev2, Adv",1,1,0,1,0,0,1,0,0,1
15,240,2026-01-02 15:47:52,15,,460.0,460.0,460.0,21653.35,60000.02,60000.26,60000.56,0.264288988616447,2595893248.0,"Agg, GB1, Inven1, Rev2, Adv",1,1,0,1,0,0,1,0,0,1
15,300,2026-01-02 15:48:52,15,,438.0,438.0,438.0,4248.41,2.71,59999.59,60000.34,0.2608037331946187,2599596032.0,"Agg, GB1, Inven1, Rev2, Adv",1,1,0,1,0,0,1,0,0,1
15,360,2026-01-02 15:49:52,15,,507.0,507.0,507.0,20237.93,60000.09,60000.33,60000.74,0.2191394734821606,2608058368.0,"Agg, GB1, Inven1, Rev2, Adv",1,1,0,1,0,0,1,0,0,1
15,420,2026-01-02 15:50:52,15,,505.0,505.0,505.0,28991.05,60000.21,60000.46,60001.09,0.3178055133831065,2611531776.0,"Agg, GB1, Inven1, Rev2, Adv",1,1,0,1,0,0,1,0,0,1
15,480,2026-01-02 15:51:52,15,,525.0,525.0,525.0,48343.18,60000.44,60000.58,60000.81,0.427333874601203,2622681088.0,"Agg, GB1, Inven1, Rev2, Adv",1,1,0,1,0,0,1,0,0,1
15,540,2026-01-02 15:52:52,15,,382.0,383.0,383.0,59843.16,60000.39,60000.55,60001.09,0.5336836128135384,2629517312.0,"Agg, GB1, Inven1, Rev2, Adv",1,1,0,1,0,0,1,0,0,1
15,600,2026-01-02 15:53:52,15,,365.0,365.0,365.0,59999.83,60000.32,60000.5,60000.82,0.5619646355399803,2617249792.0,"Agg, GB1, Inven1, Rev2, Adv",1,1,0,1,0,0,1,0,0,1
15,660,2026-01-02 15:54:52,15,,410.0,410.0,410.0,59999.85,60000.39,60000.63,60000.96,0.5761844035910443,2626326528.0,"Agg, GB1, Inven1, Rev2, Adv",1,1,0,1,0,0,1,0,0,1
15,720,2026-01-02 15:55:52,15,,388.0,388.0,388.0,59999.83,60000.41,60000.56,60000.74,0.5644024190912983,2635063296.0,"Agg, GB1, Inven1, Rev2, Adv",1,1,0,1,0,0,1,0,0,1
15,780,2026-01-02 15:56:52,15,,397.0,397.0,397.0,59999.89,60000.41,60000.6,60001.38,0.547085595589938,2535260160.0,"Agg, GB1, Inven1, Rev2, Adv",1,1,0,1,0,0,1,0,0,1
15,840,2026-01-02 15:57:52,15,,475.0,474.0,474.0,59999.78,60000.45,60000.6,60001.06,0.5699241113464864,2535972864.0,"Agg, GB1, Inven1, Rev2, Adv",1,1,0,1,0,0,1,0,0,1
15,900,2026-01-02 15:58:52,15,,452.0,452.0,452.0,59999.88,60000.48,60000.64,60000.89,0.5818880891651422,2422435840.0,"Agg, GB1, Inven1, Rev2, Adv",1,1,0,1,0,0,1,0,0,1
15,960,2026-01-02 15:59:52,15,,447.0,447.0,447.0,59999.89,60000.47,60000.59,60000.79,0.5755047825867222,2422906880.0,"Agg, GB1, Inven1, Rev2, Adv",1,1,0,1,0,0,1,0,0,1
15,1020,2026-01-02 16:00:52,15,,475.0,475.0,475.0,59999.92,60000.48,60000.6,60001.07,0.5877623766790034,2281062400.0,"Agg, GB1, Inven1, Rev2, Adv",1,1,0,1,0,0,1,0,0,1
15,1080,2026-01-02 16:01:52,15,,504.0,500.0,500.0,59999.83,60000.36,60000.54,60001.19,0.6045587815676589,2282184704.0,"Agg, GB1, Inven1, Rev2, Adv",1,1,0,1,0,0,1,0,0,1
15,1140,2026-01-02 16:02:52,15,,508.0,499.0,499.0,59999.78,60000.29,60000.46,60000.93,0.6049055162353982,2282680320.0,"Agg, GB1, Inven1, Rev2, Adv",1,1,0,1,0,0,1,0,0,1
15,1200,2026-01-02 16:03:52,15,,636.0,500.0,500.0,59999.82,60000.4,60000.59,60000.99,0.5844984987147485,2282713088.0,"Agg, GB1, Inven1, Rev2, Adv",1,1,0,1,0,0,1,0,0,1
15,1260,2026-01-02 16:04:52,15,,630.0,499.0,499.0,59999.84,60000.34,60000.6,60000.95,0.5689205508502673,2283130880.0,"Agg, GB1, Inven1, Rev2, Adv",1,1,0,1,0,0,1,0,0,1
15,1320,2026-01-02 16:05:52,15,,715.0,499.0,499.0,59999.88,60000.47,60000.57,60000.74,0.5633819636158737,2283339776.0,"Agg, GB1, Inven1, Rev2, Adv",1,1,0,1,0,0,1,0,0,1
15,1380,2026-01-02 16:06:52,15,,757.0,616.0,616.0,47435.39,60000.47,60000.68,60001.19,0.5639044042905643,2283462656.0,"Agg, GB1, Inven1, Rev2, Adv",1,1,0,1,0,0,1,0,0,1
15,1440,2026-01-02 16:07:52,15,,794.0,793.0,793.0,35259.13,60000.26,60000.43,60000.7,0.5741599919515592,2283556864.0,"Agg, GB1, Inven1, Rev2, Adv",1,1,0,1,0,0,1,0,0,1
15,1500,2026-01-02 16:08:52,15,,767.0,768.0,768.0,35000.62,60000.12,60000.33,60000.74,0.5756207883353461,2283892736.0,"Agg, GB1, Inven1, Rev2, Adv",1,1,0,1,0,0,1,0,0,1
15,1560,2026-01-02 16:09:52,15,,800.0,799.0,799.0,32140.93,60000.28,60000.48,60000.83,0.5747806062430679,2284204032.0,"Agg, GB1, Inven1, Rev2, Adv",1,1,0,1,0,0,1,0,0,1
15,1620,2026-01-02 16:10:52,15,,706.0,707.0,707.0,36662.56,60000.28,60000.5,60000.71,0.5471889185333454,2283728896.0,"Agg, GB1, Inven1, Rev2, Adv",1,1,0,1,0,0,1,0,0,1
15,1680,2026-01-02 16:11:52,15,,617.0,618.0,618.0,43786.77,60000.3,60000.51,60000.81,0.5380206994523724,2284019712.0,"Agg, GB1, Inven1, Rev2, Adv",1,1,0,1,0,0,1,0,0,1
15,1740,2026-01-02 16:12:52,15,,498.0,499.0,499.0,52184.48,60000.36,60000.6,60001.25,0.5567806051825999,2284036096.0,"Agg, GB1, Inven1, Rev2, Adv",1,1,0,1,0,0,1,0,0,1
15,1800,2026-01-02 16:13:52,15,,455.0,266.0,266.0,58420.91,60000.33,60000.54,60000.75,0.5519661717222167,2284195840.0,"Agg, GB1, Inven1, Rev2, Adv",1,1,0,1,0,0,1,0,0,1
17,60,2026-01-02 16:50:12,17,,759.0,705.0,0.0,3103.94,6806.41,9661.98,12333.09,0.4138193684498545,2807775232.0,"Agg, GB1, Inven1, Adv",1,1,0,1,0,0,0,0,0,1
17,120,2026-01-02 16:51:12,17,,722.0,722.0,0.0,1794.18,1799.26,1803.09,1818.09,0.5775823309949321,2810007552.0,"Agg, GB1, Inven1, Adv",1,1,0,1,0,0,0,0,0,1
17,180,2026-01-02 16:52:12,17,,535.0,537.0,0.0,1791.7,1796.7,1800.53,1809.66,0.6636971037422873,2236157952.0,"Agg, GB1, Inven1, Adv",1,1,0,1,0,0,0,0,0,1
17,240,2026-01-02 16:53:12,17,,460.0,460.0,0.0,1792.07,1796.03,1799.17,1806.92,0.4587572128011592,2236678144.0,"Agg, GB1, Inven1, Adv",1,1,0,1,0,0,0,0,0,1
17,300,2026-01-02 16:54:12,17,,438.0,438.0,0.0,1791.69,1795.39,1797.27,1799.84,0.34921162967823,2237317120.0,"Agg, GB1, Inven1, Adv",1,1,0,1,0,0,0,0,0,1
17,360,2026-01-02 16:55:12,17,,507.0,507.0,0.0,1792.11,1799.06,1803.19,1822.62,0.4154768411782533,2237788160.0,"Agg, GB1, Inven1, Adv",1,1,0,1,0,0,0,0,0,1
17,420,2026-01-02 16:56:12,17,,505.0,505.0,0.0,1792.34,1797.81,1801.38,1807.22,0.4595380631032567,2237976576.0,"Agg, GB1, Inven1, Adv",1,1,0,1,0,0,0,0,0,1
17,480,2026-01-02 16:57:12,17,,525.0,525.0,0.0,1792.36,1796.68,1799.64,1806.42,0.457839355186395,2238234624.0,"Agg, GB1, Inven1, Adv",1,1,0,1,0,0,0,0,0,1
17,540,2026-01-02 16:58:12,17,,382.0,383.0,0.0,1792.79,1797.39,1801.62,1813.16,0.3879244154376527,2238283776.0,"Agg, GB1, Inven1, Adv",1,1,0,1,0,0,0,0,0,1
17,600,2026-01-02 16:59:12,17,,365.0,365.0,0.0,1791.96,1795.56,1799.17,1806.92,0.3005670394119619,2042712064.0,"Agg, GB1, Inven1, Adv",1,1,0,1,0,0,0,0,0,1
17,660,2026-01-02 17:00:12,17,,410.0,410.0,0.0,1793.1,1797.71,1801.29,1807.65,0.3309913337842137,2042818560.0,"Agg, GB1, Inven1, Adv",1,1,0,1,0,0,0,0,0,1
17,720,2026-01-02 17:01:12,17,,388.0,388.0,0.0,1792.34,1796.52,1800.14,1805.56,0.3794051252835362,2043449344.0,"Agg, GB1, Inven1, Adv",1,1,0,1,0,0,0,0,0,1
17,780,2026-01-02 17:02:12,17,,397.0,397.0,0.0,1792.39,1796.18,1799.4,1807.81,0.3423727327588209,2043469824.0,"Agg, GB1, Inven1, Adv",1,1,0,1,0,0,0,0,0,1
17,840,2026-01-02 17:03:12,17,,475.0,474.0,0.0,1791.59,1795.48,1798.97,1806.08,0.3282226834424734,2043891712.0,"Agg, GB1, Inven1, Adv",1,1,0,1,0,0,0,0,0,1
17,900,2026-01-02 17:04:12,17,,452.0,452.0,0.0,1791.65,1795.78,1797.97,1805.71,0.3888453451681155,2043916288.0,"Agg, GB1, Inven1, Adv",1,1,0,1,0,0,0,0,0,1
17,960,2026-01-02 17:05:12,17,,447.0,447.0,0.0,1792.24,1795.67,1797.99,1814.38,0.3814368408975975,2044227584.0,"Agg, GB1, Inven1, Adv",1,1,0,1,0,0,0,0,0,1
17,1020,2026-01-02 17:06:12,17,,475.0,475.0,0.0,1791.58,1794.97,1797.2,1804.01,0.4002268818377115,1684058112.0,"Agg, GB1, Inven1, Adv",1,1,0,1,0,0,0,0,0,1
17,1080,2026-01-02 17:07:12,17,,504.0,504.0,0.0,1791.31,1796.77,1800.33,1808.76,0.3606411943499724,1683873792.0,"Agg, GB1, Inven1, Adv",1,1,0,1,0,0,0,0,0,1
17,1140,2026-01-02 17:08:12,17,,508.0,508.0,0.0,1793.57,1798.39,1800.98,1807.77,0.3962072766509199,1587372032.0,"Agg, GB1, Inven1, Adv",1,1,0,1,0,0,0,0,0,1
17,1200,2026-01-02 17:09:12,17,,636.0,635.0,0.0,1793.0,1797.39,1800.93,1810.29,0.4878710758136652,1587265536.0,"Agg, GB1, Inven1, Adv",1,1,0,1,0,0,0,0,0,1
17,1260,2026-01-02 17:10:12,17,,630.0,630.0,0.0,1792.87,1797.73,1801.52,1810.57,0.5589008748616966,1587544064.0,"Agg, GB1, Inven1, Adv",1,1,0,1,0,0,0,0,0,1
17,1320,2026-01-02 17:11:12,17,,715.0,714.0,0.0,1793.5,1797.33,1802.24,1816.2,0.5311099201506455,1587720192.0,"Agg, GB1, Inven1, Adv",1,1,0,1,0,0,0,0,0,1
17,1380,2026-01-02 17:12:12,17,,757.0,757.0,0.0,1794.48,1798.56,1801.24,1810.4,0.6438560756538294,1587990528.0,"Agg, GB1, Inven1, Adv",1,1,0,1,0,0,0,0,0,1
17,1440,2026-01-02 17:13:12,17,,794.0,793.0,0.0,1792.58,1798.18,1803.22,1810.53,0.5914160612519936,1587912704.0,"Agg, GB1, Inven1, Adv",1,1,0,1,0,0,0,0,0,1
17,1500,2026-01-02 17:14:12,17,,767.0,768.0,0.0,1795.55,1799.19,1804.65,1849.83,0.6958587035039134,1587953664.0,"Agg, GB1, Inven1, Adv",1,1,0,1,0,0,0,0,0,1
17,1560,2026-01-02 17:15:12,17,,800.0,799.0,0.0,1793.8,1798.21,1801.59,1813.25,0.6258233000896073,1587970048.0,"Agg, GB1, Inven1, Adv",1,1,0,1,0,0,0,0,0,1
17,1620,2026-01-02 17:16:12,17,,706.0,707.0,0.0,1792.93,1796.29,1798.06,1801.91,0.6770878358169554,1587982336.0,"Agg, GB1, Inven1, Adv",1,1,0,1,0,0,0,0,0,1
17,1680,2026-01-02 17:17:12,17,,617.0,618.0,0.0,1794.03,1798.55,1801.66,1809.58,0.5933715685874102,1587752960.0,"Agg, GB1, Inven1, Adv",1,1,0,1,0,0,0,0,0,1
17,1740,2026-01-02 17:18:12,17,,498.0,499.0,0.0,1792.54,1797.78,1802.38,1811.52,0.51002215107441,1587757056.0,"Agg, GB1, Inven1, Adv",1,1,0,1,0,0,0,0,0,1
17,1800,2026-01-02 17:19:12,17,,455.0,455.0,0.0,1792.04,1796.1,1798.91,1807.09,0.4168613971683109,1587773440.0,"Agg, GB1, Inven1, Adv",1,1,0,1,0,0,0,0,0,1
20,60,2026-01-02 18:26:45,20,,759.0,672.0,0.0,3397.8,10390.9,14837.06,16918.23,0.4957361144859395,3240853504.0,"Agg, GB1, Inven2, Rev1, Recom1",1,1,0,0,1,1,0,1,0,0
20,120,2026-01-02 18:27:45,20,,722.0,722.0,0.0,1152.03,1156.5,1161.34,1191.37,0.8305293349710156,3235430400.0,"Agg, GB1, Inven2, Rev1, Recom1",1,1,0,0,1,1,0,1,0,0
20,180,2026-01-02 18:28:45,20,,535.0,537.0,0.0,1147.9,1154.07,1158.39,1167.72,0.6672661102505817,2741985280.0,"Agg, GB1, Inven2, Rev1, Recom1",1,1,0,0,1,1,0,1,0,0
20,240,2026-01-02 18:29:45,20,,460.0,460.0,0.0,1147.1,1151.45,1153.24,1159.05,0.5043330528480339,2742689792.0,"Agg, GB1, Inven2, Rev1, Recom1",1,1,0,0,1,1,0,1,0,0
20,300,2026-01-02 18:30:45,20,,438.0,438.0,0.0,1148.57,1152.81,1155.71,1163.48,0.4522246207923262,2743119872.0,"Agg, GB1, Inven2, Rev1, Recom1",1,1,0,0,1,1,0,1,0,0
20,360,2026-01-02 18:31:45,20,,507.0,507.0,0.0,1147.13,1152.44,1156.12,1163.95,0.4593794081286055,2743660544.0,"Agg, GB1, Inven2, Rev1, Recom1",1,1,0,0,1,1,0,1,0,0
20,420,2026-01-02 18:32:45,20,,505.0,505.0,0.0,1147.12,1152.37,1156.12,1164.44,0.4818748213035215,2744066048.0,"Agg, GB1, Inven2, Rev1, Recom1",1,1,0,0,1,1,0,1,0,0
20,480,2026-01-02 18:33:45,20,,525.0,525.0,0.0,1146.66,1150.54,1154.33,1164.34,0.4915713427261188,2744360960.0,"Agg, GB1, Inven2, Rev1, Recom1",1,1,0,0,1,1,0,1,0,0
20,540,2026-01-02 18:34:45,20,,382.0,383.0,0.0,1146.4,1150.31,1152.87,1162.4,0.4411026559250348,2744360960.0,"Agg, GB1, Inven2, Rev1, Recom1",1,1,0,0,1,1,0,1,0,0
20,600,2026-01-02 18:35:45,20,,365.0,365.0,0.0,1146.21,1150.53,1152.95,1159.39,0.3707395954578629,2744365056.0,"Agg, GB1, Inven2, Rev1, Recom1",1,1,0,0,1,1,0,1,0,0
20,660,2026-01-02 18:36:45,20,,410.0,410.0,0.0,1149.63,1154.24,1158.17,1168.32,0.3777858750559444,2745077760.0,"Agg, GB1, Inven2, Rev1, Recom1",1,1,0,0,1,1,0,1,0,0
20,720,2026-01-02 18:37:45,20,,388.0,388.0,0.0,1147.2,1151.66,1155.71,1163.11,0.3946793950971791,2697695232.0,"Agg, GB1, Inven2, Rev1, Recom1",1,1,0,0,1,1,0,1,0,0
20,780,2026-01-02 18:38:45,20,,397.0,397.0,0.0,1147.64,1152.6,1155.67,1161.76,0.382947843938082,2697613312.0,"Agg, GB1, Inven2, Rev1, Recom1",1,1,0,0,1,1,0,1,0,0
20,840,2026-01-02 18:39:45,20,,475.0,474.0,0.0,1146.27,1150.54,1153.19,1160.12,0.4115323903701817,2697789440.0,"Agg, GB1, Inven2, Rev1, Recom1",1,1,0,0,1,1,0,1,0,0
20,900,2026-01-02 18:40:45,20,,452.0,452.0,0.0,1147.06,1151.39,1153.59,1160.13,0.4375024084564139,2697949184.0,"Agg, GB1, Inven2, Rev1, Recom1",1,1,0,0,1,1,0,1,0,0
20,960,2026-01-02 18:41:45,20,,447.0,447.0,0.0,1147.55,1152.7,1155.35,1160.33,0.4328206288993185,2698379264.0,"Agg, GB1, Inven2, Rev1, Recom1",1,1,0,0,1,1,0,1,0,0
20,1020,2026-01-02 18:42:45,20,,475.0,475.0,0.0,1146.29,1150.7,1153.52,1162.88,0.4349432161501438,2698231808.0,"Agg, GB1, Inven2, Rev1, Recom1",1,1,0,0,1,1,0,1,0,0
20,1080,2026-01-02 18:43:45,20,,504.0,504.0,0.0,1146.73,1150.77,1154.89,1167.75,0.4541040211808973,2698448896.0,"Agg, GB1, Inven2, Rev1, Recom1",1,1,0,0,1,1,0,1,0,0
20,1140,2026-01-02 18:44:45,20,,508.0,508.0,0.0,1146.42,1150.82,1153.67,1163.51,0.4738271827255464,2698768384.0,"Agg, GB1, Inven2, Rev1, Recom1",1,1,0,0,1,1,0,1,0,0
20,1200,2026-01-02 18:45:45,20,,636.0,635.0,0.0,1146.77,1150.76,1155.0,1164.43,0.5296323566277221,2456657920.0,"Agg, GB1, Inven2, Rev1, Recom1",1,1,0,0,1,1,0,1,0,0
20,1260,2026-01-02 18:46:45,20,,630.0,630.0,0.0,1147.74,1152.32,1156.27,1162.18,0.5853534412909513,2457047040.0,"Agg, GB1, Inven2, Rev1, Recom1",1,1,0,0,1,1,0,1,0,0
20,1320,2026-01-02 18:47:45,20,,715.0,714.0,0.0,1150.2,1155.88,1158.47,1165.56,0.6390868185171567,2456784896.0,"Agg, GB1, Inven2, Rev1, Recom1",1,1,0,0,1,1,0,1,0,0
20,1380,2026-01-02 18:48:45,20,,757.0,757.0,0.0,1148.34,1154.01,1156.74,1162.58,0.7030904904924696,2457092096.0,"Agg, GB1, Inven2, Rev1, Recom1",1,1,0,0,1,1,0,1,0,0
20,1440,2026-01-02 18:49:45,20,,794.0,793.0,0.0,1148.12,1153.24,1156.49,1163.54,0.7380892351536384,2457407488.0,"Agg, GB1, Inven2, Rev1, Recom1",1,1,0,0,1,1,0,1,0,0
20,1500,2026-01-02 18:50:45,20,,767.0,768.0,0.0,1148.89,1154.2,1158.7,1170.36,0.7512642034185093,2149412864.0,"Agg, GB1, Inven2, Rev1, Recom1",1,1,0,0,1,1,0,1,0,0
20,1560,2026-01-02 18:51:45,20,,800.0,799.0,0.0,1148.95,1153.93,1157.52,1169.98,0.7605678369813252,2121871360.0,"Agg, GB1, Inven2, Rev1, Recom1",1,1,0,0,1,1,0,1,0,0
20,1620,2026-01-02 18:52:45,20,,706.0,707.0,0.0,1150.69,1155.39,1158.71,1165.44,0.7535176490925076,2121252864.0,"Agg, GB1, Inven2, Rev1, Recom1",1,1,0,0,1,1,0,1,0,0
20,1680,2026-01-02 18:53:45,20,,617.0,618.0,0.0,1147.32,1152.26,1155.75,1163.67,0.6565827134425972,2121617408.0,"Agg, GB1, Inven2, Rev1, Recom1",1,1,0,0,1,1,0,1,0,0
20,1740,2026-01-02 18:54:45,20,,498.0,499.0,0.0,1147.05,1151.25,1155.63,1161.1,0.5538619573741747,2121416704.0,"Agg, GB1, Inven2, Rev1, Recom1",1,1,0,0,1,1,0,1,0,0
20,1800,2026-01-02 18:55:45,20,,455.0,455.0,0.0,1147.36,1151.68,1155.47,1162.49,0.4564055443628225,2121474048.0,"Agg, GB1, Inven2, Rev1, Recom1",1,1,0,0,1,1,0,1,0,0
25,60,2026-01-02 21:08:47,25,,759.0,741.0,0.0,2084.15,4131.78,4904.45,5945.91,0.3960120539392407,2780176384.0,"Agg, GB1, Inven2, Rev1, Recom2, Adv",1,1,0,0,1,1,0,0,1,1
25,120,2026-01-02 21:09:47,25,,722.0,722.0,0.0,1444.38,1449.12,1455.41,1470.6,0.7548455560781675,2786086912.0,"Agg, GB1, Inven2, Rev1, Recom2, Adv",1,1,0,0,1,1,0,0,1,1
25,180,2026-01-02 21:10:47,25,,535.0,537.0,0.0,1446.58,1450.89,1456.82,1466.01,0.6251895061472326,2367569920.0,"Agg, GB1, Inven2, Rev1, Recom2, Adv",1,1,0,0,1,1,0,0,1,1
25,240,2026-01-02 21:11:47,25,,460.0,460.0,0.0,1445.0,1449.2,1451.74,1461.83,0.5073083461985007,2358026240.0,"Agg, GB1, Inven2, Rev1, Recom2, Adv",1,1,0,0,1,1,0,0,1,1
25,300,2026-01-02 21:12:47,25,,438.0,438.0,0.0,1444.77,1448.6,1450.73,1461.94,0.4316427314311227,2358370304.0,"Agg, GB1, Inven2, Rev1, Recom2, Adv",1,1,0,0,1,1,0,0,1,1
25,360,2026-01-02 21:13:47,25,,507.0,507.0,0.0,1446.51,1450.7,1454.15,1460.33,0.4339002804746976,2358747136.0,"Agg, GB1, Inven2, Rev1, Recom2, Adv",1,1,0,0,1,1,0,0,1,1
25,420,2026-01-02 21:14:47,25,,505.0,505.0,0.0,1446.97,1451.42,1454.25,1464.15,0.4723091611279932,2359275520.0,"Agg, GB1, Inven2, Rev1, Recom2, Adv",1,1,0,0,1,1,0,0,1,1
25,480,2026-01-02 21:15:47,25,,525.0,525.0,0.0,1446.31,1450.68,1454.21,1460.3,0.4903275303105197,2313338880.0,"Agg, GB1, Inven2, Rev1, Recom2, Adv",1,1,0,0,1,1,0,0,1,1
25,540,2026-01-02 21:16:47,25,,382.0,383.0,0.0,1443.07,1447.02,1449.69,1456.74,0.4270211881778666,2313519104.0,"Agg, GB1, Inven2, Rev1, Recom2, Adv",1,1,0,0,1,1,0,0,1,1
25,600,2026-01-02 21:17:47,25,,365.0,365.0,0.0,1442.72,1445.89,1447.96,1454.14,0.3445207742637236,2161987584.0,"Agg, GB1, Inven2, Rev1, Recom2, Adv",1,1,0,0,1,1,0,0,1,1
25,660,2026-01-02 21:18:47,25,,410.0,410.0,0.0,1445.33,1450.19,1453.32,1463.25,0.3500858591238758,2162270208.0,"Agg, GB1, Inven2, Rev1, Recom2, Adv",1,1,0,0,1,1,0,0,1,1
25,720,2026-01-02 21:19:47,25,,388.0,388.0,0.0,1443.82,1447.59,1451.35,1468.03,0.3708806311622843,2154082304.0,"Agg, GB1, Inven2, Rev1, Recom2, Adv",1,1,0,0,1,1,0,0,1,1
25,780,2026-01-02 21:20:47,25,,397.0,397.0,0.0,1444.49,1448.05,1452.62,1461.73,0.3642745071668904,2154225664.0,"Agg, GB1, Inven2, Rev1, Recom2, Adv",1,1,0,0,1,1,0,0,1,1
25,840,2026-01-02 21:21:47,25,,475.0,474.0,0.0,1445.6,1448.82,1452.39,1460.62,0.3960870444026922,2154876928.0,"Agg, GB1, Inven2, Rev1, Recom2, Adv",1,1,0,0,1,1,0,0,1,1
25,900,2026-01-02 21:22:47,25,,452.0,452.0,0.0,1444.59,1447.97,1452.25,1462.21,0.420996104412524,2154659840.0,"Agg, GB1, Inven2, Rev1, Recom2, Adv",1,1,0,0,1,1,0,0,1,1
25,960,2026-01-02 21:23:47,25,,447.0,447.0,0.0,1444.02,1447.62,1449.26,1457.12,0.4107168047164402,2155200512.0,"Agg, GB1, Inven2, Rev1, Recom2, Adv",1,1,0,0,1,1,0,0,1,1
25,1020,2026-01-02 21:24:47,25,,475.0,475.0,0.0,1445.4,1448.8,1452.87,1460.91,0.4198221214187484,2154979328.0,"Agg, GB1, Inven2, Rev1, Recom2, Adv",1,1,0,0,1,1,0,0,1,1
25,1080,2026-01-02 21:25:47,25,,504.0,504.0,0.0,1446.85,1451.38,1455.49,1465.12,0.4459801216260604,2155118592.0,"Agg, GB1, Inven2, Rev1, Recom2, Adv",1,1,0,0,1,1,0,0,1,1
25,1140,2026-01-02 21:26:47,25,,508.0,508.0,0.0,1447.65,1451.54,1455.52,1466.47,0.4695311728737227,2155642880.0,"Agg, GB1, Inven2, Rev1, Recom2, Adv",1,1,0,0,1,1,0,0,1,1
25,1200,2026-01-02 21:27:47,25,,636.0,635.0,0.0,1443.86,1448.63,1452.33,1460.74,0.5086650499094463,2155548672.0,"Agg, GB1, Inven2, Rev1, Recom2, Adv",1,1,0,0,1,1,0,0,1,1
25,1260,2026-01-02 21:28:47,25,,630.0,630.0,0.0,1567.51,1497.9,1625.04,6086.15,0.5610452164311578,2161516544.0,"Agg, GB1, Inven2, Rev1, Recom2, Adv",1,1,0,0,1,1,0,0,1,1
25,1320,2026-01-02 21:29:47,25,,715.0,714.0,0.0,1443.64,1447.1,1451.99,1465.54,0.5965791680377204,2161852416.0,"Agg, GB1, Inven2, Rev1, Recom2, Adv",1,1,0,0,1,1,0,0,1,1
25,1380,2026-01-02 21:30:47,25,,757.0,757.0,0.0,1444.8,1449.16,1453.94,1470.49,0.6406385009567805,2161602560.0,"Agg, GB1, Inven2, Rev1, Recom2, Adv",1,1,0,0,1,1,0,0,1,1
25,1440,2026-01-02 21:31:47,25,,794.0,793.0,0.0,1445.7,1450.8,1455.96,1499.35,0.6851423287256353,2160955392.0,"Agg, GB1, Inven2, Rev1, Recom2, Adv",1,1,0,0,1,1,0,0,1,1
25,1500,2026-01-02 21:32:47,25,,767.0,768.0,0.0,1444.13,1448.4,1451.73,1461.27,0.6980283451462481,2141949952.0,"Agg, GB1, Inven2, Rev1, Recom2, Adv",1,1,0,0,1,1,0,0,1,1
25,1560,2026-01-02 21:33:47,25,,800.0,799.0,0.0,1444.98,1448.96,1453.15,1465.2,0.7027770837206772,2141966336.0,"Agg, GB1, Inven2, Rev1, Recom2, Adv",1,1,0,0,1,1,0,0,1,1
25,1620,2026-01-02 21:34:47,25,,706.0,707.0,0.0,1443.96,1447.87,1451.15,1458.79,0.6792397319719978,2142220288.0,"Agg, GB1, Inven2, Rev1, Recom2, Adv",1,1,0,0,1,1,0,0,1,1
25,1680,2026-01-02 21:35:47,25,,617.0,618.0,0.0,1443.88,1447.89,1452.31,1464.14,0.6020856292502853,2142314496.0,"Agg, GB1, Inven2, Rev1, Recom2, Adv",1,1,0,0,1,1,0,0,1,1
25,1740,2026-01-02 21:36:47,25,,498.0,499.0,0.0,1445.97,1450.16,1452.14,1459.16,0.5178912957788768,2142138368.0,"Agg, GB1, Inven2, Rev1, Recom2, Adv",1,1,0,0,1,1,0,0,1,1
25,1800,2026-01-02 21:37:47,25,,455.0,455.0,0.0,1444.48,1448.65,1453.32,1460.43,0.4484987985823084,2141741056.0,"Agg, GB1, Inven2, Rev1, Recom2, Adv",1,1,0,0,1,1,0,0,1,1
27,60,2026-01-02 22:13:14,27,,759.0,581.0,0.0,18988.87,27366.97,30586.59,34864.79,0.3796938759694341,2501431296.0,"Agg, GB1, Inven2, Rev2, Recom2, Adv",1,1,0,0,1,0,1,0,1,1
27,120,2026-01-02 22:14:14,27,,722.0,612.0,0.0,33291.6,41182.93,43759.08,48472.48,0.7232981332810002,2576371712.0,"Agg, GB1, Inven2, Rev2, Recom2, Adv",1,1,0,0,1,0,1,0,1,1
27,180,2026-01-02 22:15:14,27,,535.0,513.0,0.0,41307.17,47409.05,50031.07,53348.85,0.5861241281373393,2244255744.0,"Agg, GB1, Inven2, Rev2, Recom2, Adv",1,1,0,0,1,0,1,0,1,1
27,240,2026-01-02 22:16:14,27,,460.0,460.0,0.0,40573.53,47169.15,48858.65,52031.49,0.6003686626474304,2235846656.0,"Agg, GB1, Inven2, Rev2, Recom2, Adv",1,1,0,0,1,0,1,0,1,1
27,300,2026-01-02 22:17:14,27,,438.0,438.0,0.0,36178.57,42939.1,44680.73,48061.68,0.6174330901813041,2237321216.0,"Agg, GB1, Inven2, Rev2, Recom2, Adv",1,1,0,0,1,0,1,0,1,1
27,360,2026-01-02 22:18:14,27,,507.0,507.0,0.0,34753.89,40853.52,43152.55,46378.64,0.575229093273429,2237349888.0,"Agg, GB1, Inven2, Rev2, Recom2, Adv",1,1,0,0,1,0,1,0,1,1
27,420,2026-01-02 22:19:14,27,,505.0,505.0,0.0,36981.79,43435.65,45662.43,49297.27,0.5918933622520571,2238148608.0,"Agg, GB1, Inven2, Rev2, Recom2, Adv",1,1,0,0,1,0,1,0,1,1
27,480,2026-01-02 22:20:14,27,,525.0,520.0,0.0,41122.03,47674.75,50160.97,53968.06,0.5954879767395518,2238734336.0,"Agg, GB1, Inven2, Rev2, Recom2, Adv",1,1,0,0,1,0,1,0,1,1
27,540,2026-01-02 22:21:14,27,,382.0,383.0,0.0,36427.72,44461.76,48062.86,51034.88,0.5750759136017077,2240118784.0,"Agg, GB1, Inven2, Rev2, Recom2, Adv",1,1,0,0,1,0,1,0,1,1
27,600,2026-01-02 22:22:14,27,,365.0,365.0,0.0,18379.58,29158.18,31589.4,35644.59,0.4793816592474942,2241327104.0,"Agg, GB1, Inven2, Rev2, Recom2, Adv",1,1,0,0,1,0,1,0,1,1
27,660,2026-01-02 22:23:14,27,,410.0,410.0,0.0,4409.01,5157.13,5752.48,6336.04,0.4426674991256635,2240692224.0,"Agg, GB1, Inven2, Rev2, Recom2, Adv",1,1,0,0,1,0,1,0,1,1
27,720,2026-01-02 22:24:14,27,,388.0,388.0,0.0,4135.38,4259.86,4325.01,4491.46,0.4815077137983617,2246549504.0,"Agg, GB1, Inven2, Rev2, Recom2, Adv",1,1,0,0,1,0,1,0,1,1
27,780,2026-01-02 22:25:14,27,,397.0,397.0,0.0,4202.22,4401.95,4440.65,4507.09,0.4916188885577623,2248359936.0,"Agg, GB1, Inven2, Rev2, Recom2, Adv",1,1,0,0,1,0,1,0,1,1
27,840,2026-01-02 22:26:14,27,,475.0,474.0,0.0,5197.71,5792.97,5933.73,6167.86,0.4821559460345269,2249064448.0,"Agg, GB1, Inven2, Rev2, Recom2, Adv",1,1,0,0,1,0,1,0,1,1
27,900,2026-01-02 22:27:14,27,,452.0,452.0,0.0,4776.25,5327.18,5567.21,5836.73,0.5170895263791074,2249818112.0,"Agg, GB1, Inven2, Rev2, Recom2, Adv",1,1,0,0,1,0,1,0,1,1
27,960,2026-01-02 22:28:14,27,,447.0,447.0,0.0,4584.8,4805.32,4864.52,4965.16,0.5052019475403557,2249211904.0,"Agg, GB1, Inven2, Rev2, Recom2, Adv",1,1,0,0,1,0,1,0,1,1
27,1020,2026-01-02 22:29:14,27,,475.0,475.0,0.0,5060.0,5404.13,5508.88,5714.03,0.5066170231687391,2249465856.0,"Agg, GB1, Inven2, Rev2, Recom2, Adv",1,1,0,0,1,0,1,0,1,1
27,1080,2026-01-02 22:30:14,27,,504.0,504.0,0.0,7606.0,8804.79,9059.48,9524.84,0.5117489440186486,2249711616.0,"Agg, GB1, Inven2, Rev2, Recom2, Adv",1,1,0,0,1,0,1,0,1,1
27,1140,2026-01-02 22:31:14,27,,508.0,508.0,0.0,9873.02,12198.22,13181.88,15883.11,0.4876934875767942,2250063872.0,"Agg, GB1, Inven2, Rev2, Recom2, Adv",1,1,0,0,1,0,1,0,1,1
27,1200,2026-01-02 22:32:14,27,,636.0,635.0,0.0,26145.64,34934.6,37833.29,43158.83,0.5834468602828516,2250616832.0,"Agg, GB1, Inven2, Rev2, Recom2, Adv",1,1,0,0,1,0,1,0,1,1
27,1260,2026-01-02 22:33:14,27,,630.0,598.0,1.0,42965.34,51295.38,54190.37,57409.23,0.5917329335564253,2251534336.0,"Agg, GB1, Inven2, Rev2, Recom2, Adv",1,1,0,0,1,0,1,0,1,1
27,1320,2026-01-02 22:34:14,27,,715.0,588.0,143.0,54602.97,60000.47,60000.61,60000.92,0.5570708768087642,2252009472.0,"Agg, GB1, Inven2, Rev2, Recom2, Adv",1,1,0,0,1,0,1,0,1,1
27,1380,2026-01-02 22:35:14,27,,757.0,512.0,353.0,59029.82,60000.68,60000.82,60001.6,0.5466617813823254,2252460032.0,"Agg, GB1, Inven2, Rev2, Recom2, Adv",1,1,0,0,1,0,1,0,1,1
27,1440,2026-01-02 22:36:14,27,,794.0,501.0,416.0,59592.83,60000.58,60000.71,60001.16,0.5713182631491031,2253619200.0,"Agg, GB1, Inven2, Rev2, Recom2, Adv",1,1,0,0,1,0,1,0,1,1
27,1500,2026-01-02 22:37:14,27,,767.0,500.0,475.0,59939.03,60000.53,60000.69,60000.99,0.4889318782263844,2253500416.0,"Agg, GB1, Inven2, Rev2, Recom2, Adv",1,1,0,0,1,0,1,0,1,1
27,1560,2026-01-02 22:38:14,27,,800.0,499.0,486.0,59955.96,60000.51,60000.67,60000.96,0.5454147288050023,2254151680.0,"Agg, GB1, Inven2, Rev2, Recom2, Adv",1,1,0,0,1,0,1,0,1,1
27,1620,2026-01-02 22:39:14,27,,706.0,500.0,498.0,59988.64,60000.52,60000.7,60001.06,0.5714667888574861,2254618624.0,"Agg, GB1, Inven2, Rev2, Recom2, Adv",1,1,0,0,1,0,1,0,1,1
27,1680,2026-01-02 22:40:14,27,,617.0,499.0,496.0,59994.98,60000.48,60000.59,60000.85,0.5886883392865716,2254991360.0,"Agg, GB1, Inven2, Rev2, Recom2, Adv",1,1,0,0,1,0,1,0,1,1
27,1740,2026-01-02 22:41:14,27,,498.0,488.0,488.0,59999.94,60000.47,60000.62,60000.88,0.5856486339040309,2255073280.0,"Agg, GB1, Inven2, Rev2, Recom2, Adv",1,1,0,0,1,0,1,0,1,1
27,1800,2026-01-02 22:42:14,27,,455.0,265.0,265.0,59999.95,60000.52,60000.64,60000.84,0.575047821864143,2255093760.0,"Agg, GB1, Inven2, Rev2, Recom2, Adv",1,1,0,0,1,0,1,0,1,1
30,60,2026-01-02 23:50:49,30,,759.0,738.0,0.0,1255.68,2413.97,4312.9,5842.49,0.3281029414081957,1965596672.0,"Agg, GB1, Inven2, Recom2",1,1,0,0,1,0,0,0,1,0
30,120,2026-01-02 23:51:49,30,,722.0,722.0,0.0,840.18,843.83,849.66,879.69,0.6030608851524633,1971326976.0,"Agg, GB1, Inven2, Recom2",1,1,0,0,1,0,0,0,1,0
30,180,2026-01-02 23:52:49,30,,535.0,537.0,0.0,839.86,843.73,849.05,862.38,0.5681768202468239,1580888064.0,"Agg, GB1, Inven2, Recom2",1,1,0,0,1,0,0,0,1,0
30,240,2026-01-02 23:53:49,30,,460.0,460.0,0.0,838.16,842.37,844.33,851.6,0.4647924691920211,1581240320.0,"Agg, GB1, Inven2, Recom2",1,1,0,0,1,0,0,0,1,0
30,300,2026-01-02 23:54:49,30,,438.0,438.0,0.0,838.89,842.65,846.42,854.22,0.3889692202147566,1525084160.0,"Agg, GB1, Inven2, Recom2",1,1,0,0,1,0,0,0,1,0
30,360,2026-01-02 23:55:49,30,,507.0,507.0,0.0,839.14,842.53,844.97,853.69,0.3922861449426971,1525313536.0,"Agg, GB1, Inven2, Recom2",1,1,0,0,1,0,0,0,1,0
30,420,2026-01-02 23:56:49,30,,505.0,505.0,0.0,839.25,843.4,846.29,855.18,0.4119472993105069,1481793536.0,"Agg, GB1, Inven2, Recom2",1,1,0,0,1,0,0,0,1,0
30,480,2026-01-02 23:57:49,30,,525.0,525.0,0.0,839.14,842.71,845.12,854.3,0.4199094775571313,1481662464.0,"Agg, GB1, Inven2, Recom2",1,1,0,0,1,0,0,0,1,0
30,540,2026-01-02 23:58:49,30,,382.0,383.0,0.0,838.02,842.29,845.67,851.71,0.3760062109819851,1462538240.0,"Agg, GB1, Inven2, Recom2",1,1,0,0,1,0,0,0,1,0
30,600,2026-01-02 23:59:49,30,,365.0,365.0,0.0,837.72,841.17,843.96,850.96,0.3145778296445988,1462599680.0,"Agg, GB1, Inven2, Recom2",1,1,0,0,1,0,0,0,1,0
30,660,2026-01-03 00:00:49,30,,410.0,410.0,0.0,838.69,842.74,844.71,852.16,0.3146565638187365,1462984704.0,"Agg, GB1, Inven2, Recom2",1,1,0,0,1,0,0,0,1,0
30,720,2026-01-03 00:01:49,30,,388.0,388.0,0.0,837.81,840.94,843.36,854.97,0.3297860947137402,1463353344.0,"Agg, GB1, Inven2, Recom2",1,1,0,0,1,0,0,0,1,0
30,780,2026-01-03 00:02:49,30,,397.0,397.0,0.0,837.64,841.62,845.45,851.21,0.3132125137653428,1463500800.0,"Agg, GB1, Inven2, Recom2",1,1,0,0,1,0,0,0,1,0
30,840,2026-01-03 00:03:49,30,,475.0,474.0,0.0,838.62,842.36,845.54,855.72,0.3389340587296653,1464098816.0,"Agg, GB1, Inven2, Recom2",1,1,0,0,1,0,0,0,1,0
30,900,2026-01-03 00:04:49,30,,452.0,452.0,0.0,837.34,840.85,842.7,850.26,0.3638521124448926,1464414208.0,"Agg, GB1, Inven2, Recom2",1,1,0,0,1,0,0,0,1,0
30,960,2026-01-03 00:05:49,30,,447.0,447.0,0.0,837.43,841.0,843.29,851.57,0.3552191031079479,1456308224.0,"Agg, GB1, Inven2, Recom2",1,1,0,0,1,0,0,0,1,0
30,1020,2026-01-03 00:06:49,30,,475.0,475.0,0.0,838.05,842.52,847.58,852.17,0.3598937004910155,1456574464.0,"Agg, GB1, Inven2, Recom2",1,1,0,0,1,0,0,0,1,0
30,1080,2026-01-03 00:07:49,30,,504.0,504.0,0.0,838.81,842.84,846.74,853.98,0.3832856213620597,1456640000.0,"Agg, GB1, Inven2, Recom2",1,1,0,0,1,0,0,0,1,0
30,1140,2026-01-03 00:08:49,30,,508.0,508.0,0.0,838.7,842.08,845.25,852.68,0.4010248943947376,1414520832.0,"Agg, GB1, Inven2, Recom2",1,1,0,0,1,0,0,0,1,0
30,1200,2026-01-03 00:09:49,30,,636.0,635.0,0.0,837.48,840.83,846.21,853.63,0.4404293568581311,1414873088.0,"Agg, GB1, Inven2, Recom2",1,1,0,0,1,0,0,0,1,0
30,1260,2026-01-03 00:10:49,30,,630.0,630.0,0.0,837.09,840.56,843.25,852.1,0.4826782743713045,1414864896.0,"Agg, GB1, Inven2, Recom2",1,1,0,0,1,0,0,0,1,0
30,1320,2026-01-03 00:11:49,30,,715.0,714.0,0.0,837.76,841.02,848.9,870.43,0.513329787504681,1414881280.0,"Agg, GB1, Inven2, Recom2",1,1,0,0,1,0,0,0,1,0
30,1380,2026-01-03 00:12:49,30,,757.0,757.0,0.0,838.05,841.61,845.73,860.5,0.5612502876441847,1415028736.0,"Agg, GB1, Inven2, Recom2",1,1,0,0,1,0,0,0,1,0
30,1440,2026-01-03 00:13:49,30,,794.0,793.0,0.0,837.51,840.91,843.92,854.47,0.5906389115556819,1415421952.0,"Agg, GB1, Inven2, Recom2",1,1,0,0,1,0,0,0,1,0
30,1500,2026-01-03 00:14:49,30,,767.0,768.0,0.0,837.56,841.26,844.32,851.14,0.6006222206161231,1415327744.0,"Agg, GB1, Inven2, Recom2",1,1,0,0,1,0,0,0,1,0
30,1560,2026-01-03 00:15:49,30,,800.0,799.0,0.0,837.83,840.93,844.3,869.94,0.6097069752792748,1416286208.0,"Agg, GB1, Inven2, Recom2",1,1,0,0,1,0,0,0,1,0
30,1620,2026-01-03 00:16:49,30,,706.0,707.0,0.0,837.68,841.29,844.53,853.52,0.593656244153049,1416310784.0,"Agg, GB1, Inven2, Recom2",1,1,0,0,1,0,0,0,1,0
30,1680,2026-01-03 00:17:49,30,,617.0,618.0,0.0,837.31,841.18,844.65,851.62,0.5378290890548556,1416413184.0,"Agg, GB1, Inven2, Recom2",1,1,0,0,1,0,0,0,1,0
30,1740,2026-01-03 00:18:49,30,,498.0,499.0,0.0,838.25,842.15,844.73,853.73,0.4550025555354638,1416204288.0,"Agg, GB1, Inven2, Recom2",1,1,0,0,1,0,0,0,1,0
30,1800,2026-01-03 00:19:49,30,,455.0,455.0,0.0,837.79,841.5,844.1,853.45,0.3941079428758874,1416310784.0,"Agg, GB1, Inven2, Recom2",1,1,0,0,1,0,0,0,1,0
34,60,2026-01-03 02:00:04,34,,759.0,572.0,0.0,20704.39,29970.04,31911.29,37872.72,0.2490305530367485,2463125504.0,"Agg, GB1, Inven2, Rev2",1,1,0,0,1,0,1,0,0,0
34,120,2026-01-03 02:01:04,34,,722.0,605.0,0.0,35374.46,44351.34,47022.07,52509.16,0.6290715779586488,2485964800.0,"Agg, GB1, Inven2, Rev2",1,1,0,0,1,0,1,0,0,0
34,180,2026-01-03 02:02:04,34,,535.0,500.0,3.0,46086.34,52946.27,55055.09,57915.48,0.5754728339202572,1960202240.0,"Agg, GB1, Inven2, Rev2",1,1,0,0,1,0,1,0,0,0
34,240,2026-01-03 02:03:04,34,,460.0,460.0,6.0,44559.64,51422.19,54386.94,60000.02,0.5592228248340607,1962672128.0,"Agg, GB1, Inven2, Rev2",1,1,0,0,1,0,1,0,0,0
34,300,2026-01-03 02:04:04,34,,438.0,438.0,0.0,39076.42,46049.83,48535.72,52560.77,0.555851940050758,1962610688.0,"Agg, GB1, Inven2, Rev2",1,1,0,0,1,0,1,0,0,0
34,360,2026-01-03 02:05:04,34,,507.0,507.0,0.0,38018.14,44816.64,47575.2,52068.9,0.5663394136771507,1963352064.0,"Agg, GB1, Inven2, Rev2",1,1,0,0,1,0,1,0,0,0
34,420,2026-01-03 02:06:04,34,,505.0,505.0,0.0,40913.8,47388.64,49829.81,53541.36,0.528881723753031,1963966464.0,"Agg, GB1, Inven2, Rev2",1,1,0,0,1,0,1,0,0,0
34,480,2026-01-03 02:07:04,34,,525.0,525.0,3.0,43672.08,51123.55,53484.24,58933.92,0.5621953520770036,1964769280.0,"Agg, GB1, Inven2, Rev2",1,1,0,0,1,0,1,0,0,0
34,540,2026-01-03 02:08:04,34,,382.0,383.0,2.0,39796.31,48180.77,52224.22,55676.47,0.5507237354586925,1965150208.0,"Agg, GB1, Inven2, Rev2",1,1,0,0,1,0,1,0,0,0
34,600,2026-01-03 02:09:04,34,,365.0,365.0,0.0,21247.24,31681.34,34367.52,38723.15,0.5530188466263508,1965355008.0,"Agg, GB1, Inven2, Rev2",1,1,0,0,1,0,1,0,0,0
34,660,2026-01-03 02:10:04,34,,410.0,410.0,0.0,4489.75,7049.05,8040.11,9173.45,0.4870953170346949,1965080576.0,"Agg, GB1, Inven2, Rev2",1,1,0,0,1,0,1,0,0,0
34,720,2026-01-03 02:11:04,34,,388.0,388.0,0.0,3406.9,3530.29,3611.23,3715.47,0.4695397154034706,1965465600.0,"Agg, GB1, Inven2, Rev2",1,1,0,0,1,0,1,0,0,0
34,780,2026-01-03 02:12:04,34,,397.0,397.0,0.0,3498.2,3669.99,3808.74,3922.41,0.4835460609538206,1966862336.0,"Agg, GB1, Inven2, Rev2",1,1,0,0,1,0,1,0,0,0
34,840,2026-01-03 02:13:04,34,,475.0,474.0,0.0,4544.17,4960.68,5114.03,5375.36,0.4523157902458247,1966731264.0,"Agg, GB1, Inven2, Rev2",1,1,0,0,1,0,1,0,0,0
34,900,2026-01-03 02:14:04,34,,452.0,452.0,0.0,4155.22,4442.67,4525.27,4693.01,0.4915104648620514,1967017984.0,"Agg, GB1, Inven2, Rev2",1,1,0,0,1,0,1,0,0,0
34,960,2026-01-03 02:15:04,34,,447.0,447.0,0.0,3908.27,4213.8,4318.54,4493.65,0.4898938501305939,1967403008.0,"Agg, GB1, Inven2, Rev2",1,1,0,0,1,0,1,0,0,0
34,1020,2026-01-03 02:16:04,34,,475.0,475.0,0.0,4603.46,5224.33,5349.35,5641.32,0.463844753836583,1967697920.0,"Agg, GB1, Inven2, Rev2",1,1,0,0,1,0,1,0,0,0
34,1080,2026-01-03 02:17:04,34,,504.0,504.0,0.0,6653.63,7961.78,8245.18,8823.88,0.5143193783968713,1967964160.0,"Agg, GB1, Inven2, Rev2",1,1,0,0,1,0,1,0,0,0
34,1140,2026-01-03 02:18:04,34,,508.0,508.0,0.0,7984.76,9070.39,9298.46,9933.84,0.5186049157934327,1968287744.0,"Agg, GB1, Inven2, Rev2",1,1,0,0,1,0,1,0,0,0
34,1200,2026-01-03 02:19:04,34,,636.0,635.0,0.0,22568.42,32624.64,35357.6,41593.21,0.5510899454741474,1969078272.0,"Agg, GB1, Inven2, Rev2",1,1,0,0,1,0,1,0,0,0
34,1260,2026-01-03 02:20:04,34,,630.0,618.0,2.0,40154.21,48910.62,51571.48,55059.68,0.5628684987572561,1969217536.0,"Agg, GB1, Inven2, Rev2",1,1,0,0,1,0,1,0,0,0
34,1320,2026-01-03 02:21:04,34,,715.0,593.0,142.0,54359.03,60000.45,60000.57,60000.81,0.552664534203223,1969664000.0,"Agg, GB1, Inven2, Rev2",1,1,0,0,1,0,1,0,0,0
34,1380,2026-01-03 02:22:04,34,,757.0,515.0,326.0,58793.2,60000.62,60000.83,60001.18,0.5481672202334926,1969983488.0,"Agg, GB1, Inven2, Rev2",1,1,0,0,1,0,1,0,0,0
34,1440,2026-01-03 02:23:04,34,,794.0,504.0,423.0,59592.89,60000.63,60000.78,60001.21,0.5471061623036956,1970548736.0,"Agg, GB1, Inven2, Rev2",1,1,0,0,1,0,1,0,0,0
34,1500,2026-01-03 02:24:04,34,,767.0,501.0,450.0,59798.12,60000.57,60000.73,60001.04,0.497396552389046,1970548736.0,"Agg, GB1, Inven2, Rev2",1,1,0,0,1,0,1,0,0,0
34,1560,2026-01-03 02:25:04,34,,800.0,500.0,471.0,59911.83,60000.56,60000.67,60001.04,0.5540969930919994,1945518080.0,"Agg, GB1, Inven2, Rev2",1,1,0,0,1,0,1,0,0,0
34,1620,2026-01-03 02:26:04,34,,706.0,500.0,481.0,59930.98,60000.57,60000.67,60001.15,0.5522562963518576,1945657344.0,"Agg, GB1, Inven2, Rev2",1,1,0,0,1,0,1,0,0,0
34,1680,2026-01-03 02:27:04,34,,617.0,500.0,483.0,59966.16,60000.38,60000.55,60000.82,0.4886629714501105,1945931776.0,"Agg, GB1, Inven2, Rev2",1,1,0,0,1,0,1,0,0,0
34,1740,2026-01-03 02:28:04,34,,498.0,490.0,476.0,59950.85,60000.53,60000.74,60001.37,0.5581122685859867,1946329088.0,"Agg, GB1, Inven2, Rev2",1,1,0,0,1,0,1,0,0,0
34,1800,2026-01-03 02:29:04,34,,455.0,266.0,258.0,59961.27,60000.57,60000.72,60001.03,0.5612445613989719,1946656768.0,"Agg, GB1, Inven2, Rev2",1,1,0,0,1,0,1,0,0,0
37,60,2026-01-03 17:14:45,37,,759.0,752.0,0.0,1491.56,1471.08,1559.01,2493.73,0.1575732695800911,2137698304.0,"Agg, GB2, Inven1, Rev1, Recom1, Adv",1,0,1,1,0,1,0,1,0,1
37,120,2026-01-03 17:15:45,37,,722.0,722.0,0.0,1462.8,1464.16,1464.96,1468.02,0.2574795019550286,1942716416.0,"Agg, GB2, Inven1, Rev1, Recom1, Adv",1,0,1,1,0,1,0,1,0,1
37,180,2026-01-03 17:16:45,37,,535.0,537.0,0.0,1462.47,1463.46,1464.2,1465.73,0.164780260152576,1937764352.0,"Agg, GB2, Inven1, Rev1, Recom1, Adv",1,0,1,1,0,1,0,1,0,1
37,240,2026-01-03 17:17:45,37,,460.0,460.0,0.0,1462.25,1463.6,1464.14,1465.01,0.108299985671904,1937887232.0,"Agg, GB2, Inven1, Rev1, Recom1, Adv",1,0,1,1,0,1,0,1,0,1
37,300,2026-01-03 17:18:45,37,,438.0,438.0,0.0,1462.63,1464.03,1464.84,1466.29,0.0934723230021349,1938698240.0,"Agg, GB2, Inven1, Rev1, Recom1, Adv",1,0,1,1,0,1,0,1,0,1
37,360,2026-01-03 17:19:45,37,,507.0,507.0,0.0,1462.72,1463.58,1464.3,1468.38,0.0972518851076208,1947717632.0,"Agg, GB2, Inven1, Rev1, Recom1, Adv",1,0,1,1,0,1,0,1,0,1
37,420,2026-01-03 17:20:45,37,,505.0,505.0,0.0,1462.15,1463.26,1463.7,1465.52,0.0881372407598404,1947779072.0,"Agg, GB2, Inven1, Rev1, Recom1, Adv",1,0,1,1,0,1,0,1,0,1
37,480,2026-01-03 17:21:45,37,,525.0,525.0,0.0,1462.17,1463.4,1463.89,1465.58,0.0977964038447869,1947766784.0,"Agg, GB2, Inven1, Rev1, Recom1, Adv",1,0,1,1,0,1,0,1,0,1
37,540,2026-01-03 17:22:45,37,,382.0,404.0,0.0,1506.82,1594.67,1595.08,1596.3,0.0925413161873723,1948168192.0,"Agg, GB2, Inven1, Rev1, Recom1, Adv",1,0,1,1,0,1,0,1,0,1
37,600,2026-01-03 17:23:45,37,,365.0,366.0,0.0,1471.81,1558.93,1559.86,1593.1,0.0774197748313362,1948717056.0,"Agg, GB2, Inven1, Rev1, Recom1, Adv",1,0,1,1,0,1,0,1,0,1
37,660,2026-01-03 17:24:45,37,,410.0,409.0,0.0,1465.48,1471.29,1471.91,1473.05,0.0849057601260966,1948286976.0,"Agg, GB2, Inven1, Rev1, Recom1, Adv",1,0,1,1,0,1,0,1,0,1
37,720,2026-01-03 17:25:45,37,,388.0,389.0,0.0,1462.11,1463.65,1464.21,1464.94,0.089264889041449,1950085120.0,"Agg, GB2, Inven1, Rev1, Recom1, Adv",1,0,1,1,0,1,0,1,0,1
37,780,2026-01-03 17:26:45,37,,397.0,400.0,0.0,1462.15,1463.46,1463.99,1464.48,0.0742724071806968,1950044160.0,"Agg, GB2, Inven1, Rev1, Recom1, Adv",1,0,1,1,0,1,0,1,0,1
37,840,2026-01-03 17:27:45,37,,475.0,475.0,0.0,1462.1,1463.26,1463.95,1464.71,0.0818044185322232,1950347264.0,"Agg, GB2, Inven1, Rev1, Recom1, Adv",1,0,1,1,0,1,0,1,0,1
37,900,2026-01-03 17:28:45,37,,452.0,451.0,0.0,1462.1,1463.38,1463.76,1465.14,0.0866163134532548,1950244864.0,"Agg, GB2, Inven1, Rev1, Recom1, Adv",1,0,1,1,0,1,0,1,0,1
37,960,2026-01-03 17:29:45,37,,447.0,448.0,0.0,1462.09,1463.4,1463.74,1465.22,0.0877679266122431,1949523968.0,"Agg, GB2, Inven1, Rev1, Recom1, Adv",1,0,1,1,0,1,0,1,0,1
37,1020,2026-01-03 17:30:45,37,,475.0,477.0,0.0,1461.91,1463.05,1463.44,1464.45,0.0883893642847914,1950396416.0,"Agg, GB2, Inven1, Rev1, Recom1, Adv",1,0,1,1,0,1,0,1,0,1
37,1080,2026-01-03 17:31:45,37,,504.0,504.0,0.0,1461.02,1463.07,1463.68,1465.12,0.0885294868091975,1950621696.0,"Agg, GB2, Inven1, Rev1, Recom1, Adv",1,0,1,1,0,1,0,1,0,1
37,1140,2026-01-03 17:32:45,37,,508.0,514.0,0.0,1461.95,1463.11,1463.85,1464.62,0.0931662915637153,1950621696.0,"Agg, GB2, Inven1, Rev1, Recom1, Adv",1,0,1,1,0,1,0,1,0,1
37,1200,2026-01-03 17:33:45,37,,636.0,636.0,0.0,1462.66,1463.32,1463.91,1504.6,0.1042716049568306,1951911936.0,"Agg, GB2, Inven1, Rev1, Recom1, Adv",1,0,1,1,0,1,0,1,0,1
37,1260,2026-01-03 17:34:45,37,,630.0,634.0,0.0,1462.25,1463.12,1463.55,1465.83,0.1139316661984567,1954447360.0,"Agg, GB2, Inven1, Rev1, Recom1, Adv",1,0,1,1,0,1,0,1,0,1
37,1320,2026-01-03 17:35:45,37,,715.0,717.0,0.0,1461.69,1462.89,1463.48,1464.37,0.1182576384512577,1954291712.0,"Agg, GB2, Inven1, Rev1, Recom1, Adv",1,0,1,1,0,1,0,1,0,1
37,1380,2026-01-03 17:36:45,37,,757.0,759.0,0.0,1461.65,1462.92,1463.42,1465.34,0.1286035288293293,1956630528.0,"Agg, GB2, Inven1, Rev1, Recom1, Adv",1,0,1,1,0,1,0,1,0,1
37,1440,2026-01-03 17:37:45,37,,794.0,793.0,0.0,1460.97,1462.74,1463.25,1464.35,0.1328268090167435,1956839424.0,"Agg, GB2, Inven1, Rev1, Recom1, Adv",1,0,1,1,0,1,0,1,0,1
37,1500,2026-01-03 17:38:45,37,,767.0,768.0,0.0,1461.5,1462.76,1463.44,1464.66,0.133340484980405,1958764544.0,"Agg, GB2, Inven1, Rev1, Recom1, Adv",1,0,1,1,0,1,0,1,0,1
37,1560,2026-01-03 17:39:45,37,,800.0,796.0,0.0,1460.89,1462.6,1463.14,1464.29,0.1302905250321699,1958809600.0,"Agg, GB2, Inven1, Rev1, Recom1, Adv",1,0,1,1,0,1,0,1,0,1
37,1620,2026-01-03 17:40:45,37,,706.0,701.0,0.0,1461.6,1462.95,1463.45,1464.62,0.1331962272333877,1958211584.0,"Agg, GB2, Inven1, Rev1, Recom1, Adv",1,0,1,1,0,1,0,1,0,1
37,1680,2026-01-03 17:41:45,37,,617.0,611.0,0.0,1461.42,1462.56,1462.96,1464.51,0.1187499104743729,1960239104.0,"Agg, GB2, Inven1, Rev1, Recom1, Adv",1,0,1,1,0,1,0,1,0,1
37,1740,2026-01-03 17:42:45,37,,498.0,497.0,0.0,1461.65,1462.81,1463.23,1465.06,0.0962568715395009,1962356736.0,"Agg, GB2, Inven1, Rev1, Recom1, Adv",1,0,1,1,0,1,0,1,0,1
37,1800,2026-01-03 17:43:45,37,,455.0,447.0,0.0,1461.63,1462.74,1463.22,1464.26,0.0851505239189595,1962491904.0,"Agg, GB2, Inven1, Rev1, Recom1, Adv",1,0,1,1,0,1,0,1,0,1
42,60,2026-01-03 19:56:44,42,,759.0,752.0,0.0,877.28,863.89,885.37,1400.14,0.0273823076312965,1392529408.0,"Agg, GB2, Inven1, Recom1",1,0,1,1,0,0,0,1,0,0
42,120,2026-01-03 19:57:44,42,,722.0,722.0,0.0,859.34,860.47,860.92,862.2,0.2512755374916297,1425817600.0,"Agg, GB2, Inven1, Recom1",1,0,1,1,0,0,0,1,0,0
42,180,2026-01-03 19:58:44,42,,535.0,537.0,0.0,858.93,859.92,860.5,861.45,0.1239921371929922,1206280192.0,"Agg, GB2, Inven1, Recom1",1,0,1,1,0,0,0,1,0,0
42,240,2026-01-03 19:59:44,42,,460.0,460.0,0.0,858.81,859.83,860.36,861.54,0.080792571428611,1207410688.0,"Agg, GB2, Inven1, Recom1",1,0,1,1,0,0,0,1,0,0
42,300,2026-01-03 20:00:44,42,,438.0,438.0,0.0,858.9,860.06,860.63,861.71,0.0718917941560263,1207799808.0,"Agg, GB2, Inven1, Recom1",1,0,1,1,0,0,0,1,0,0
42,360,2026-01-03 20:01:44,42,,507.0,507.0,0.0,858.78,859.91,860.31,861.36,0.0711008955662925,1208074240.0,"Agg, GB2, Inven1, Recom1",1,0,1,1,0,0,0,1,0,0
42,420,2026-01-03 20:02:44,42,,505.0,505.0,0.0,858.59,859.69,860.12,861.28,0.0682462532767757,1208172544.0,"Agg, GB2, Inven1, Recom1",1,0,1,1,0,0,0,1,0,0
42,480,2026-01-03 20:03:44,42,,525.0,525.0,0.0,857.83,859.66,860.13,861.26,0.0574749638227414,1208299520.0,"Agg, GB2, Inven1, Recom1",1,0,1,1,0,0,0,1,0,0
42,540,2026-01-03 20:04:44,42,,382.0,383.0,0.0,858.62,859.67,860.02,861.33,0.0612394064223754,1210507264.0,"Agg, GB2, Inven1, Recom1",1,0,1,1,0,0,0,1,0,0
42,600,2026-01-03 20:05:44,42,,365.0,365.0,0.0,858.83,860.12,860.47,861.26,0.0460628570079999,1210523648.0,"Agg, GB2, Inven1, Recom1",1,0,1,1,0,0,0,1,0,0
42,660,2026-01-03 20:06:44,42,,410.0,410.0,0.0,858.91,859.98,860.47,861.4,0.0592756785553882,1210191872.0,"Agg, GB2, Inven1, Recom1",1,0,1,1,0,0,0,1,0,0
42,720,2026-01-03 20:07:44,42,,388.0,388.0,0.0,858.47,859.41,859.89,861.04,0.0580349214199699,1210052608.0,"Agg, GB2, Inven1, Recom1",1,0,1,1,0,0,0,1,0,0
42,780,2026-01-03 20:08:44,42,,397.0,397.0,0.0,858.52,859.6,859.96,861.0,0.0515242958184368,1207808000.0,"Agg, GB2, Inven1, Recom1",1,0,1,1,0,0,0,1,0,0
42,840,2026-01-03 20:09:44,42,,475.0,474.0,0.0,858.56,859.59,860.1,860.6,0.0555601737470837,1208467456.0,"Agg, GB2, Inven1, Recom1",1,0,1,1,0,0,0,1,0,0
42,900,2026-01-03 20:10:44,42,,452.0,452.0,0.0,858.53,859.64,860.15,861.44,0.0592813509745055,1208795136.0,"Agg, GB2, Inven1, Recom1",1,0,1,1,0,0,0,1,0,0
42,960,2026-01-03 20:11:44,42,,447.0,447.0,0.0,858.71,859.35,859.74,861.04,0.0574788357774181,1209081856.0,"Agg, GB2, Inven1, Recom1",1,0,1,1,0,0,0,1,0,0
42,1020,2026-01-03 20:12:44,42,,475.0,475.0,0.0,858.43,859.44,859.89,860.8,0.0579863818121254,1211719680.0,"Agg, GB2, Inven1, Recom1",1,0,1,1,0,0,0,1,0,0
42,1080,2026-01-03 20:13:44,42,,504.0,504.0,0.0,858.47,859.38,859.92,861.01,0.0597493269758484,1211813888.0,"Agg, GB2, Inven1, Recom1",1,0,1,1,0,0,0,1,0,0
42,1140,2026-01-03 20:14:44,42,,508.0,508.0,0.0,858.45,859.46,859.87,860.94,0.0598956804056284,1211777024.0,"Agg, GB2, Inven1, Recom1",1,0,1,1,0,0,0,1,0,0
42,1200,2026-01-03 20:15:44,42,,636.0,635.0,0.0,859.34,859.55,860.23,866.13,0.0709665104140656,1212329984.0,"Agg, GB2, Inven1, Recom1",1,0,1,1,0,0,0,1,0,0
42,1260,2026-01-03 20:16:44,42,,630.0,630.0,0.0,858.44,859.52,860.1,861.16,0.0716497233411809,1214259200.0,"Agg, GB2, Inven1, Recom1",1,0,1,1,0,0,0,1,0,0
42,1320,2026-01-03 20:17:44,42,,715.0,714.0,0.0,858.25,859.3,859.86,861.02,0.0809313537947136,1214357504.0,"Agg, GB2, Inven1, Recom1",1,0,1,1,0,0,0,1,0,0
42,1380,2026-01-03 20:18:44,42,,757.0,757.0,0.0,858.34,859.32,859.79,860.76,0.0878008089986299,1214279680.0,"Agg, GB2, Inven1, Recom1",1,0,1,1,0,0,0,1,0,0
42,1440,2026-01-03 20:19:44,42,,794.0,793.0,0.0,857.7,859.29,859.63,860.43,0.0887764522704727,1214300160.0,"Agg, GB2, Inven1, Recom1",1,0,1,1,0,0,0,1,0,0
42,1500,2026-01-03 20:20:44,42,,767.0,768.0,0.0,858.28,859.28,859.79,860.96,0.0902580986795646,1214435328.0,"Agg, GB2, Inven1, Recom1",1,0,1,1,0,0,0,1,0,0
42,1560,2026-01-03 20:21:44,42,,800.0,799.0,0.0,857.62,859.14,859.64,860.4,0.0936761653693108,1216327680.0,"Agg, GB2, Inven1, Recom1",1,0,1,1,0,0,0,1,0,0
42,1620,2026-01-03 20:22:44,42,,706.0,707.0,0.0,858.27,859.39,859.86,861.07,0.08925614157719,1216229376.0,"Agg, GB2, Inven1, Recom1",1,0,1,1,0,0,0,1,0,0
42,1680,2026-01-03 20:23:44,42,,617.0,618.0,0.0,858.29,859.24,859.65,860.71,0.0775148364321285,1216536576.0,"Agg, GB2, Inven1, Recom1",1,0,1,1,0,0,0,1,0,0
42,1740,2026-01-03 20:24:44,42,,498.0,499.0,0.0,858.36,859.39,859.83,860.83,0.0669724841249964,1216438272.0,"Agg, GB2, Inven1, Recom1",1,0,1,1,0,0,0,1,0,0
42,1800,2026-01-03 20:25:44,42,,455.0,455.0,0.0,858.35,859.4,859.77,860.42,0.0573294703500207,1216442368.0,"Agg, GB2, Inven1, Recom1",1,0,1,1,0,0,0,1,0,0
44,60,2026-01-03 21:01:08,44,,759.0,752.0,0.0,582.76,568.35,602.19,1225.32,0.1680606256007457,1905528832.0,"Agg, GB2, Inven1, Rev1, Recom2",1,0,1,1,0,1,0,0,1,0
44,120,2026-01-03 21:02:08,44,,722.0,722.0,0.0,562.03,563.32,563.81,565.05,0.2049540162050018,1909866496.0,"Agg, GB2, Inven1, Rev1, Recom2",1,0,1,1,0,1,0,0,1,0
44,180,2026-01-03 21:03:08,44,,535.0,537.0,0.0,562.05,563.16,563.9,565.49,0.1713819947013742,1688031232.0,"Agg, GB2, Inven1, Rev1, Recom2",1,0,1,1,0,1,0,0,1,0
44,240,2026-01-03 21:04:08,44,,460.0,460.0,0.0,561.93,563.39,564.06,566.82,0.131637261481036,1698795520.0,"Agg, GB2, Inven1, Rev1, Recom2",1,0,1,1,0,1,0,0,1,0
44,300,2026-01-03 21:05:08,44,,438.0,438.0,0.0,561.42,562.49,563.05,564.06,0.1115437316345946,1699614720.0,"Agg, GB2, Inven1, Rev1, Recom2",1,0,1,1,0,1,0,0,1,0
44,360,2026-01-03 21:06:08,44,,507.0,507.0,0.0,560.57,562.59,563.05,564.4,0.0912555045330318,1699950592.0,"Agg, GB2, Inven1, Rev1, Recom2",1,0,1,1,0,1,0,0,1,0
44,420,2026-01-03 21:07:08,44,,505.0,505.0,0.0,561.4,562.58,563.08,564.7,0.1006892275438657,1700098048.0,"Agg, GB2, Inven1, Rev1, Recom2",1,0,1,1,0,1,0,0,1,0
44,480,2026-01-03 21:08:08,44,,525.0,525.0,0.0,561.7,562.84,563.37,564.67,0.0870993751624079,1700319232.0,"Agg, GB2, Inven1, Rev1, Recom2",1,0,1,1,0,1,0,0,1,0
44,540,2026-01-03 21:09:08,44,,382.0,383.0,0.0,561.43,562.62,563.02,564.63,0.0906342238459602,1702404096.0,"Agg, GB2, Inven1, Rev1, Recom2",1,0,1,1,0,1,0,0,1,0
44,600,2026-01-03 21:10:08,44,,365.0,365.0,0.0,561.53,562.91,563.58,564.8,0.0698502129131463,1702453248.0,"Agg, GB2, Inven1, Rev1, Recom2",1,0,1,1,0,1,0,0,1,0
44,660,2026-01-03 21:11:08,44,,410.0,410.0,0.0,560.31,562.4,563.06,564.14,0.0740037858649973,1705086976.0,"Agg, GB2, Inven1, Rev1, Recom2",1,0,1,1,0,1,0,0,1,0
44,720,2026-01-03 21:12:08,44,,388.0,388.0,0.0,561.29,562.54,562.97,563.98,0.0820067691745487,1705000960.0,"Agg, GB2, Inven1, Rev1, Recom2",1,0,1,1,0,1,0,0,1,0
44,780,2026-01-03 21:13:08,44,,397.0,397.0,0.0,561.34,562.62,563.09,564.73,0.0625736878233016,1705078784.0,"Agg, GB2, Inven1, Rev1, Recom2",1,0,1,1,0,1,0,0,1,0
44,840,2026-01-03 21:14:08,44,,475.0,474.0,0.0,561.28,562.44,562.97,564.51,0.0763327914141703,1705140224.0,"Agg, GB2, Inven1, Rev1, Recom2",1,0,1,1,0,1,0,0,1,0
44,900,2026-01-03 21:15:08,44,,452.0,452.0,0.0,561.31,562.45,563.0,564.44,0.0804250424692595,1705172992.0,"Agg, GB2, Inven1, Rev1, Recom2",1,0,1,1,0,1,0,0,1,0
44,960,2026-01-03 21:16:08,44,,447.0,447.0,0.0,561.32,562.4,562.98,563.99,0.0822437946667227,1705213952.0,"Agg, GB2, Inven1, Rev1, Recom2",1,0,1,1,0,1,0,0,1,0
44,1020,2026-01-03 21:17:08,44,,475.0,475.0,0.0,561.24,562.35,562.96,563.81,0.0776100085225391,1705476096.0,"Agg, GB2, Inven1, Rev1, Recom2",1,0,1,1,0,1,0,0,1,0
44,1080,2026-01-03 21:18:08,44,,504.0,504.0,0.0,559.29,562.16,562.56,563.59,0.0847414889452611,1705586688.0,"Agg, GB2, Inven1, Rev1, Recom2",1,0,1,1,0,1,0,0,1,0
44,1140,2026-01-03 21:19:08,44,,508.0,508.0,0.0,561.14,562.25,562.74,563.82,0.0892555966390303,1706262528.0,"Agg, GB2, Inven1, Rev1, Recom2",1,0,1,1,0,1,0,0,1,0
44,1200,2026-01-03 21:20:08,44,,636.0,635.0,0.0,561.37,562.46,563.0,564.67,0.0827831879297035,1706475520.0,"Agg, GB2, Inven1, Rev1, Recom2",1,0,1,1,0,1,0,0,1,0
44,1260,2026-01-03 21:21:08,44,,630.0,630.0,0.0,561.18,562.39,562.85,563.89,0.1073181073258277,1711968256.0,"Agg, GB2, Inven1, Rev1, Recom2",1,0,1,1,0,1,0,0,1,0
44,1320,2026-01-03 21:22:08,44,,715.0,714.0,0.0,560.93,562.09,562.54,563.67,0.1144634799119702,1711939584.0,"Agg, GB2, Inven1, Rev1, Recom2",1,0,1,1,0,1,0,0,1,0
44,1380,2026-01-03 21:23:08,44,,757.0,757.0,0.0,560.87,561.89,562.33,563.5,0.1155888221366924,1712279552.0,"Agg, GB2, Inven1, Rev1, Recom2",1,0,1,1,0,1,0,0,1,0
44,1440,2026-01-03 21:24:08,44,,794.0,793.0,0.0,560.18,561.82,562.24,563.47,0.1114531449050338,1712566272.0,"Agg, GB2, Inven1, Rev1, Recom2",1,0,1,1,0,1,0,0,1,0
44,1500,2026-01-03 21:25:08,44,,767.0,768.0,0.0,560.78,561.87,562.28,563.22,0.120586995697832,1712390144.0,"Agg, GB2, Inven1, Rev1, Recom2",1,0,1,1,0,1,0,0,1,0
44,1560,2026-01-03 21:26:08,44,,800.0,799.0,0.0,558.97,561.86,562.33,563.22,0.1241506643961447,1712566272.0,"Agg, GB2, Inven1, Rev1, Recom2",1,0,1,1,0,1,0,0,1,0
44,1620,2026-01-03 21:27:08,44,,706.0,707.0,0.0,560.72,561.85,562.31,563.26,0.1170237541761016,1712582656.0,"Agg, GB2, Inven1, Rev1, Recom2",1,0,1,1,0,1,0,0,1,0
44,1680,2026-01-03 21:28:08,44,,617.0,618.0,0.0,560.7,561.87,562.29,563.42,0.0892937736491226,1712693248.0,"Agg, GB2, Inven1, Rev1, Recom2",1,0,1,1,0,1,0,0,1,0
44,1740,2026-01-03 21:29:08,44,,498.0,499.0,0.0,560.64,561.8,562.19,563.29,0.0872936533579253,1714044928.0,"Agg, GB2, Inven1, Rev1, Recom2",1,0,1,1,0,1,0,0,1,0
44,1800,2026-01-03 21:30:08,44,,455.0,455.0,0.0,560.74,561.79,562.19,563.55,0.078338016319655,1714958336.0,"Agg, GB2, Inven1, Rev1, Recom2",1,0,1,1,0,1,0,0,1,0
45,60,2026-01-03 21:33:21,45,,759.0,581.0,0.0,18561.05,28756.68,31370.42,34818.02,0.1837989705889493,2060836864.0,"Agg, GB2, Inven1, Rev2, Recom2, Adv",1,0,1,1,0,0,1,0,1,1
45,120,2026-01-03 21:34:21,45,,722.0,607.0,0.0,34898.55,43645.57,47397.52,50522.4,0.3180211500739709,2167496704.0,"Agg, GB2, Inven1, Rev2, Recom2, Adv",1,0,1,1,0,0,1,0,1,1
45,180,2026-01-03 21:35:21,45,,535.0,497.0,2.0,45103.83,52006.36,53825.3,58464.33,0.1901777449635552,1972224000.0,"Agg, GB2, Inven1, Rev2, Recom2, Adv",1,0,1,1,0,0,1,0,1,1
45,240,2026-01-03 21:36:21,45,,460.0,460.0,2.0,45863.2,53300.42,55133.92,58841.93,0.214475643367697,1983311872.0,"Agg, GB2, Inven1, Rev2, Recom2, Adv",1,0,1,1,0,0,1,0,1,1
45,300,2026-01-03 21:37:21,45,,438.0,438.0,3.0,42977.03,50480.14,52807.12,58064.43,0.2153183996241785,1984528384.0,"Agg, GB2, Inven1, Rev2, Recom2, Adv",1,0,1,1,0,0,1,0,1,1
45,360,2026-01-03 21:38:21,45,,507.0,507.0,1.0,41524.05,48636.32,51281.41,54690.63,0.20385566564354,1985953792.0,"Agg, GB2, Inven1, Rev2, Recom2, Adv",1,0,1,1,0,0,1,0,1,1
45,420,2026-01-03 21:39:21,45,,505.0,502.0,3.0,45709.72,52934.86,55259.51,58087.51,0.2223733117569413,1987198976.0,"Agg, GB2, Inven1, Rev2, Recom2, Adv",1,0,1,1,0,0,1,0,1,1
45,480,2026-01-03 21:40:21,45,,525.0,498.0,9.0,48730.93,55085.96,56844.93,60000.36,0.1974054536470757,1989713920.0,"Agg, GB2, Inven1, Rev2, Recom2, Adv",1,0,1,1,0,0,1,0,1,1
45,540,2026-01-03 21:41:21,45,,382.0,383.0,2.0,43422.92,51555.9,53900.79,57981.92,0.2057918263755271,1990201344.0,"Agg, GB2, Inven1, Rev2, Recom2, Adv",1,0,1,1,0,0,1,0,1,1
45,600,2026-01-03 21:42:21,45,,365.0,365.0,0.0,27580.35,38935.3,40892.63,44684.69,0.1896175319336885,1990733824.0,"Agg, GB2, Inven1, Rev2, Recom2, Adv",1,0,1,1,0,0,1,0,1,1
45,660,2026-01-03 21:43:21,45,,410.0,410.0,0.0,9688.84,14677.97,15965.9,17272.03,0.2039255697868446,1990770688.0,"Agg, GB2, Inven1, Rev2, Recom2, Adv",1,0,1,1,0,0,1,0,1,1
45,720,2026-01-03 21:44:21,45,,388.0,388.0,0.0,3812.67,3938.78,4026.75,4141.83,0.2000398317303698,1990995968.0,"Agg, GB2, Inven1, Rev2, Recom2, Adv",1,0,1,1,0,0,1,0,1,1
45,780,2026-01-03 21:45:21,45,,397.0,397.0,0.0,3895.35,4064.39,4125.98,4219.02,0.1984600225111452,1991495680.0,"Agg, GB2, Inven1, Rev2, Recom2, Adv",1,0,1,1,0,0,1,0,1,1
45,840,2026-01-03 21:46:21,45,,475.0,474.0,0.0,4975.51,5323.42,5429.65,5578.14,0.1995113349415069,1992429568.0,"Agg, GB2, Inven1, Rev2, Recom2, Adv",1,0,1,1,0,0,1,0,1,1
45,900,2026-01-03 21:47:21,45,,452.0,452.0,0.0,4456.63,4748.41,4909.32,5159.69,0.1799133904691255,1992323072.0,"Agg, GB2, Inven1, Rev2, Recom2, Adv",1,0,1,1,0,0,1,0,1,1
45,960,2026-01-03 21:48:21,45,,447.0,447.0,0.0,4201.88,4421.64,4461.21,4574.74,0.1972389802121272,1992310784.0,"Agg, GB2, Inven1, Rev2, Recom2, Adv",1,0,1,1,0,0,1,0,1,1
45,1020,2026-01-03 21:49:21,45,,475.0,475.0,0.0,4833.47,5459.31,5585.81,5841.97,0.1992816053652143,1992867840.0,"Agg, GB2, Inven1, Rev2, Recom2, Adv",1,0,1,1,0,0,1,0,1,1
45,1080,2026-01-03 21:50:21,45,,504.0,504.0,0.0,5810.56,6997.94,7456.45,8194.41,0.1982593295965631,1992863744.0,"Agg, GB2, Inven1, Rev2, Recom2, Adv",1,0,1,1,0,0,1,0,1,1
45,1140,2026-01-03 21:51:21,45,,508.0,508.0,0.0,12003.78,16276.65,18346.1,23119.34,0.1983260947105755,1993453568.0,"Agg, GB2, Inven1, Rev2, Recom2, Adv",1,0,1,1,0,0,1,0,1,1
45,1200,2026-01-03 21:52:21,45,,636.0,635.0,0.0,30013.28,40208.04,42807.39,48399.97,0.2000744984972292,1994518528.0,"Agg, GB2, Inven1, Rev2, Recom2, Adv",1,0,1,1,0,0,1,0,1,1
45,1260,2026-01-03 21:53:21,45,,630.0,598.0,22.0,48160.29,56773.22,59094.9,60000.61,0.1995196258743737,1994973184.0,"Agg, GB2, Inven1, Rev2, Recom2, Adv",1,0,1,1,0,0,1,0,1,1
45,1320,2026-01-03 21:54:21,45,,715.0,542.0,294.0,57957.85,60000.7,60000.81,60001.11,0.1996297368921342,1994993664.0,"Agg, GB2, Inven1, Rev2, Recom2, Adv",1,0,1,1,0,0,1,0,1,1
45,1380,2026-01-03 21:55:21,45,,757.0,509.0,394.0,59416.32,60000.7,60000.84,60001.36,0.1980253077992932,1995300864.0,"Agg, GB2, Inven1, Rev2, Recom2, Adv",1,0,1,1,0,0,1,0,1,1
45,1440,2026-01-03 21:56:21,45,,794.0,502.0,475.0,59885.29,60000.63,60000.81,60001.08,0.1960910055437257,1995743232.0,"Agg, GB2, Inven1, Rev2, Recom2, Adv",1,0,1,1,0,0,1,0,1,1
45,1500,2026-01-03 21:57:21,45,,767.0,500.0,471.0,59916.48,60000.49,60000.63,60001.05,0.2005533336492863,1995829248.0,"Agg, GB2, Inven1, Rev2, Recom2, Adv",1,0,1,1,0,0,1,0,1,1
45,1560,2026-01-03 21:58:21,45,,800.0,500.0,491.0,59978.71,60000.58,60000.7,60000.95,0.2041176850325747,1995898880.0,"Agg, GB2, Inven1, Rev2, Recom2, Adv",1,0,1,1,0,0,1,0,1,1
45,1620,2026-01-03 21:59:21,45,,706.0,500.0,490.0,59958.37,60000.66,60000.83,60001.2,0.2044990223941092,1996238848.0,"Agg, GB2, Inven1, Rev2, Recom2, Adv",1,0,1,1,0,0,1,0,1,1
45,1680,2026-01-03 22:00:21,45,,617.0,500.0,498.0,59998.59,60000.59,60000.72,60001.05,0.2049701326931605,1997541376.0,"Agg, GB2, Inven1, Rev2, Recom2, Adv",1,0,1,1,0,0,1,0,1,1
45,1740,2026-01-03 22:01:21,45,,498.0,492.0,489.0,59996.97,60000.6,60000.73,60001.05,0.2042100267690465,1998168064.0,"Agg, GB2, Inven1, Rev2, Recom2, Adv",1,0,1,1,0,0,1,0,1,1
45,1800,2026-01-03 22:02:21,45,,455.0,265.0,262.0,59979.64,60000.64,60000.75,60001.11,0.20389973362175,1998229504.0,"Agg, GB2, Inven1, Rev2, Recom2, Adv",1,0,1,1,0,0,1,0,1,1
48,60,2026-01-03 23:10:58,48,,759.0,752.0,0.0,575.92,563.91,579.3,1095.92,0.1123582373061065,1370636288.0,"Agg, GB2, Inven1, Recom2",1,0,1,1,0,0,0,0,1,0
48,120,2026-01-03 23:11:58,48,,722.0,722.0,0.0,559.4,560.58,561.04,562.3,0.1819329874580043,1371332608.0,"Agg, GB2, Inven1, Recom2",1,0,1,1,0,0,0,0,1,0
48,180,2026-01-03 23:12:58,48,,535.0,537.0,0.0,559.49,560.49,561.04,562.59,0.1300159770418819,1158262784.0,"Agg, GB2, Inven1, Recom2",1,0,1,1,0,0,0,0,1,0
48,240,2026-01-03 23:13:58,48,,460.0,460.0,0.0,558.96,560.0,560.46,561.51,0.0934815449970798,1158197248.0,"Agg, GB2, Inven1, Recom2",1,0,1,1,0,0,0,0,1,0
48,300,2026-01-03 23:14:58,48,,438.0,438.0,0.0,558.95,559.87,560.57,561.37,0.0770431538888789,1156411392.0,"Agg, GB2, Inven1, Recom2",1,0,1,1,0,0,0,0,1,0
48,360,2026-01-03 23:15:58,48,,507.0,507.0,0.0,557.97,559.92,560.45,562.26,0.0718837759685591,1157435392.0,"Agg, GB2, Inven1, Recom2",1,0,1,1,0,0,0,0,1,0
48,420,2026-01-03 23:16:58,48,,505.0,505.0,0.0,558.64,559.69,560.1,561.05,0.0699860482900102,1158586368.0,"Agg, GB2, Inven1, Recom2",1,0,1,1,0,0,0,0,1,0
48,480,2026-01-03 23:17:58,48,,525.0,525.0,0.0,558.8,559.81,560.35,561.32,0.0686343367108066,1158594560.0,"Agg, GB2, Inven1, Recom2",1,0,1,1,0,0,0,0,1,0
48,540,2026-01-03 23:18:58,48,,382.0,383.0,0.0,558.61,559.71,560.24,561.08,0.0611530934955514,1158668288.0,"Agg, GB2, Inven1, Recom2",1,0,1,1,0,0,0,0,1,0
48,600,2026-01-03 23:19:58,48,,365.0,365.0,0.0,558.77,559.8,560.25,561.61,0.0520018769935643,1158676480.0,"Agg, GB2, Inven1, Recom2",1,0,1,1,0,0,0,0,1,0
48,660,2026-01-03 23:20:58,48,,410.0,410.0,0.0,558.53,559.54,559.99,560.73,0.0576767061991834,1160679424.0,"Agg, GB2, Inven1, Recom2",1,0,1,1,0,0,0,0,1,0
48,720,2026-01-03 23:21:58,48,,388.0,388.0,0.0,558.5,559.54,559.96,561.36,0.0592853081626107,1160843264.0,"Agg, GB2, Inven1, Recom2",1,0,1,1,0,0,0,0,1,0
48,780,2026-01-03 23:22:58,48,,397.0,397.0,0.0,558.43,559.44,559.78,560.78,0.0511866496019152,1162231808.0,"Agg, GB2, Inven1, Recom2",1,0,1,1,0,0,0,0,1,0
48,840,2026-01-03 23:23:58,48,,475.0,474.0,0.0,558.43,559.36,559.83,560.52,0.0529076087753727,1162354688.0,"Agg, GB2, Inven1, Recom2",1,0,1,1,0,0,0,0,1,0
48,900,2026-01-03 23:24:58,48,,452.0,452.0,0.0,558.39,559.36,559.78,560.43,0.0563025053689828,1162563584.0,"Agg, GB2, Inven1, Recom2",1,0,1,1,0,0,0,0,1,0
48,960,2026-01-03 23:25:58,48,,447.0,447.0,0.0,558.39,559.41,559.89,560.92,0.0562559205629746,1162706944.0,"Agg, GB2, Inven1, Recom2",1,0,1,1,0,0,0,0,1,0
48,1020,2026-01-03 23:26:58,48,,475.0,475.0,0.0,558.46,559.43,559.77,560.59,0.0573208689510068,1162825728.0,"Agg, GB2, Inven1, Recom2",1,0,1,1,0,0,0,0,1,0
48,1080,2026-01-03 23:27:58,48,,504.0,504.0,0.0,558.51,559.57,559.93,561.25,0.058569518373767,1162723328.0,"Agg, GB2, Inven1, Recom2",1,0,1,1,0,0,0,0,1,0
48,1140,2026-01-03 23:28:58,48,,508.0,508.0,0.0,557.53,559.51,559.94,561.05,0.0622450388773668,1163079680.0,"Agg, GB2, Inven1, Recom2",1,0,1,1,0,0,0,0,1,0
48,1200,2026-01-03 23:29:58,48,,636.0,635.0,0.0,558.56,559.78,560.09,561.11,0.0679840123473775,1162985472.0,"Agg, GB2, Inven1, Recom2",1,0,1,1,0,0,0,0,1,0
48,1260,2026-01-03 23:30:58,48,,630.0,630.0,0.0,558.73,559.55,560.0,561.23,0.0741737575538587,1164881920.0,"Agg, GB2, Inven1, Recom2",1,0,1,1,0,0,0,0,1,0
48,1320,2026-01-03 23:31:58,48,,715.0,714.0,0.0,558.23,559.2,559.53,560.31,0.0808126952993418,1167839232.0,"Agg, GB2, Inven1, Recom2",1,0,1,1,0,0,0,0,1,0
48,1380,2026-01-03 23:32:58,48,,757.0,757.0,0.0,558.3,559.27,559.7,560.52,0.0848304641761423,1167622144.0,"Agg, GB2, Inven1, Recom2",1,0,1,1,0,0,0,0,1,0
48,1440,2026-01-03 23:33:58,48,,794.0,793.0,0.0,557.76,559.3,559.66,560.61,0.0870706538370928,1167491072.0,"Agg, GB2, Inven1, Recom2",1,0,1,1,0,0,0,0,1,0
48,1500,2026-01-03 23:34:58,48,,767.0,768.0,0.0,558.21,559.24,559.61,560.27,0.0902951976609583,1167761408.0,"Agg, GB2, Inven1, Recom2",1,0,1,1,0,0,0,0,1,0
48,1560,2026-01-03 23:35:58,48,,800.0,799.0,0.0,557.11,559.2,559.58,560.45,0.0917465791816931,1165090816.0,"Agg, GB2, Inven1, Recom2",1,0,1,1,0,0,0,0,1,0
48,1620,2026-01-03 23:36:58,48,,706.0,707.0,0.0,558.32,559.33,559.78,560.93,0.0875916906850989,1165238272.0,"Agg, GB2, Inven1, Recom2",1,0,1,1,0,0,0,0,1,0
48,1680,2026-01-03 23:37:58,48,,617.0,618.0,0.0,558.08,559.06,559.48,560.51,0.0771912072466327,1165864960.0,"Agg, GB2, Inven1, Recom2",1,0,1,1,0,0,0,0,1,0
48,1740,2026-01-03 23:38:58,48,,498.0,499.0,0.0,557.45,559.31,559.73,560.5,0.0687616049305255,1166393344.0,"Agg, GB2, Inven1, Recom2",1,0,1,1,0,0,0,0,1,0
48,1800,2026-01-03 23:39:58,48,,455.0,455.0,0.0,558.2,559.09,559.41,560.03,0.0582089335385279,1166401536.0,"Agg, GB2, Inven1, Recom2",1,0,1,1,0,0,0,0,1,0
50,60,2026-01-04 00:15:22,50,,759.0,752.0,0.0,489.14,466.26,501.13,1435.33,0.1607884970294666,1703317504.0,"Agg, GB2, Inven1, Rev1",1,0,1,1,0,1,0,0,0,0
50,120,2026-01-04 00:16:22,50,,722.0,722.0,0.0,460.77,462.1,462.56,464.16,0.1850772514291032,1708892160.0,"Agg, GB2, Inven1, Rev1",1,0,1,1,0,1,0,0,0,0
50,180,2026-01-04 00:17:22,50,,535.0,537.0,0.0,460.44,461.59,462.22,463.24,0.1350059830999925,1497747456.0,"Agg, GB2, Inven1, Rev1",1,0,1,1,0,1,0,0,0,0
50,240,2026-01-04 00:18:22,50,,460.0,460.0,0.0,460.22,461.38,461.84,462.94,0.1006355473834888,1498562560.0,"Agg, GB2, Inven1, Rev1",1,0,1,1,0,1,0,0,0,0
50,300,2026-01-04 00:19:22,50,,438.0,438.0,0.0,460.22,461.22,461.53,462.45,0.075609040800257,1498406912.0,"Agg, GB2, Inven1, Rev1",1,0,1,1,0,1,0,0,0,0
50,360,2026-01-04 00:20:22,50,,507.0,507.0,0.0,460.31,461.39,461.88,462.96,0.0845188775222726,1499250688.0,"Agg, GB2, Inven1, Rev1",1,0,1,1,0,1,0,0,0,0
50,420,2026-01-04 00:21:22,50,,505.0,505.0,0.0,460.31,461.52,461.93,462.89,0.0811130903115115,1499537408.0,"Agg, GB2, Inven1, Rev1",1,0,1,1,0,1,0,0,0,0
50,480,2026-01-04 00:22:22,50,,525.0,525.0,0.0,460.05,461.46,462.08,492.89,0.083584539135679,1499795456.0,"Agg, GB2, Inven1, Rev1",1,0,1,1,0,1,0,0,0,0
50,540,2026-01-04 00:23:22,50,,382.0,383.0,0.0,460.27,461.56,462.05,462.72,0.0777691479171288,1499717632.0,"Agg, GB2, Inven1, Rev1",1,0,1,1,0,1,0,0,0,0
50,600,2026-01-04 00:24:22,50,,365.0,365.0,0.0,460.42,461.81,462.16,462.96,0.0593211982570117,1499750400.0,"Agg, GB2, Inven1, Rev1",1,0,1,1,0,1,0,0,0,0
50,660,2026-01-04 00:25:22,50,,410.0,410.0,0.0,460.27,461.4,461.87,462.93,0.0671407005537869,1502121984.0,"Agg, GB2, Inven1, Rev1",1,0,1,1,0,1,0,0,0,0
50,720,2026-01-04 00:26:22,50,,388.0,388.0,0.0,460.38,461.53,462.02,463.3,0.0775183823969576,1502830592.0,"Agg, GB2, Inven1, Rev1",1,0,1,1,0,1,0,0,0,0
50,780,2026-01-04 00:27:22,50,,397.0,397.0,0.0,460.17,461.29,461.79,462.42,0.0679964310853754,1502924800.0,"Agg, GB2, Inven1, Rev1",1,0,1,1,0,1,0,0,0,0
50,840,2026-01-04 00:28:22,50,,475.0,474.0,0.0,460.13,461.3,461.81,462.97,0.0650510299532749,1503272960.0,"Agg, GB2, Inven1, Rev1",1,0,1,1,0,1,0,0,0,0
50,900,2026-01-04 00:29:22,50,,452.0,452.0,0.0,459.96,460.9,461.57,462.83,0.0734582364966605,1503260672.0,"Agg, GB2, Inven1, Rev1",1,0,1,1,0,1,0,0,0,0
50,960,2026-01-04 00:30:22,50,,447.0,447.0,0.0,460.02,461.1,461.73,462.78,0.068522676867125,1503477760.0,"Agg, GB2, Inven1, Rev1",1,0,1,1,0,1,0,0,0,0
50,1020,2026-01-04 00:31:22,50,,475.0,475.0,0.0,460.14,461.29,461.63,462.68,0.0724866612280417,1503338496.0,"Agg, GB2, Inven1, Rev1",1,0,1,1,0,1,0,0,0,0
50,1080,2026-01-04 00:32:22,50,,504.0,504.0,0.0,460.18,461.31,461.66,462.77,0.0745141568893453,1503735808.0,"Agg, GB2, Inven1, Rev1",1,0,1,1,0,1,0,0,0,0
50,1140,2026-01-04 00:33:22,50,,508.0,508.0,0.0,459.46,461.27,461.75,463.18,0.0812775273016351,1503698944.0,"Agg, GB2, Inven1, Rev1",1,0,1,1,0,1,0,0,0,0
50,1200,2026-01-04 00:34:22,50,,636.0,635.0,0.0,460.15,461.46,462.0,462.82,0.0828433539700768,1506320384.0,"Agg, GB2, Inven1, Rev1",1,0,1,1,0,1,0,0,0,0
50,1260,2026-01-04 00:35:22,50,,630.0,630.0,0.0,459.93,461.02,461.51,462.36,0.0951307582607722,1506840576.0,"Agg, GB2, Inven1, Rev1",1,0,1,1,0,1,0,0,0,0
50,1320,2026-01-04 00:36:22,50,,715.0,714.0,0.0,459.71,460.72,461.15,462.32,0.0916602355425423,1507688448.0,"Agg, GB2, Inven1, Rev1",1,0,1,1,0,1,0,0,0,0
50,1380,2026-01-04 00:37:22,50,,757.0,757.0,0.0,459.65,460.64,461.17,462.52,0.0937334331755071,1507442688.0,"Agg, GB2, Inven1, Rev1",1,0,1,1,0,1,0,0,0,0
50,1440,2026-01-04 00:38:22,50,,794.0,793.0,0.0,459.6,460.56,461.11,462.32,0.108260448972442,1507803136.0,"Agg, GB2, Inven1, Rev1",1,0,1,1,0,1,0,0,0,0
50,1500,2026-01-04 00:39:22,50,,767.0,768.0,0.0,459.59,460.5,461.19,462.7,0.1112601023722026,1508007936.0,"Agg, GB2, Inven1, Rev1",1,0,1,1,0,1,0,0,0,0
50,1560,2026-01-04 00:40:22,50,,800.0,799.0,0.0,459.1,460.66,461.12,462.53,0.1103107361401258,1508085760.0,"Agg, GB2, Inven1, Rev1",1,0,1,1,0,1,0,0,0,0
50,1620,2026-01-04 00:41:22,50,,706.0,707.0,0.0,459.71,460.87,461.38,462.52,0.1079439956789804,1507745792.0,"Agg, GB2, Inven1, Rev1",1,0,1,1,0,1,0,0,0,0
50,1680,2026-01-04 00:42:22,50,,617.0,618.0,0.0,459.63,460.7,461.04,462.27,0.0964960092277751,1508139008.0,"Agg, GB2, Inven1, Rev1",1,0,1,1,0,1,0,0,0,0
50,1740,2026-01-04 00:43:22,50,,498.0,499.0,0.0,459.83,460.94,461.38,462.3,0.0830217818066356,1508143104.0,"Agg, GB2, Inven1, Rev1",1,0,1,1,0,1,0,0,0,0
50,1800,2026-01-04 00:44:22,50,,455.0,455.0,0.0,459.8,460.81,461.21,461.96,0.0699914637273785,1508012032.0,"Agg, GB2, Inven1, Rev1",1,0,1,1,0,1,0,0,0,0
57,60,2026-01-04 04:01:45,57,,759.0,579.0,0.0,18901.88,29299.64,32830.15,38736.68,0.2041961026238631,2044682240.0,"Agg, GB2, Inven2, Rev2, Recom1, Adv",1,0,1,0,1,0,1,1,0,1
57,120,2026-01-04 04:02:45,57,,722.0,604.0,0.0,34585.33,42970.34,45366.71,51466.13,0.3055289345192583,2108325888.0,"Agg, GB2, Inven2, Rev2, Recom1, Adv",1,0,1,0,1,0,1,1,0,1
57,180,2026-01-04 04:03:45,57,,535.0,513.0,3.0,43302.04,50349.09,53085.74,57319.21,0.2176856854460234,1897955328.0,"Agg, GB2, Inven2, Rev2, Recom1, Adv",1,0,1,0,1,0,1,1,0,1
57,240,2026-01-04 04:04:45,57,,460.0,459.0,1.0,43889.5,50043.91,52988.88,56915.44,0.2066751186153639,1904209920.0,"Agg, GB2, Inven2, Rev2, Recom1, Adv",1,0,1,0,1,0,1,1,0,1
57,300,2026-01-04 04:05:45,57,,438.0,438.0,0.0,39647.16,47152.08,49120.47,52795.15,0.1989627333953239,1905094656.0,"Agg, GB2, Inven2, Rev2, Recom1, Adv",1,0,1,0,1,0,1,1,0,1
57,360,2026-01-04 04:06:45,57,,507.0,507.0,0.0,38081.91,45067.01,47075.02,51839.17,0.1979987930777925,1905836032.0,"Agg, GB2, Inven2, Rev2, Recom1, Adv",1,0,1,0,1,0,1,1,0,1
57,420,2026-01-04 04:07:45,57,,505.0,505.0,0.0,41089.4,48321.54,49739.9,54321.09,0.1982185923372952,1906249728.0,"Agg, GB2, Inven2, Rev2, Recom1, Adv",1,0,1,0,1,0,1,1,0,1
57,480,2026-01-04 04:08:45,57,,525.0,500.0,8.0,46441.44,53278.41,56737.31,60000.36,0.1920235715226072,1906524160.0,"Agg, GB2, Inven2, Rev2, Recom1, Adv",1,0,1,0,1,0,1,1,0,1
57,540,2026-01-04 04:09:45,57,,382.0,383.0,0.0,40885.21,49459.68,52248.17,57336.0,0.1892405632236256,1906991104.0,"Agg, GB2, Inven2, Rev2, Recom1, Adv",1,0,1,0,1,0,1,1,0,1
57,600,2026-01-04 04:10:45,57,,365.0,365.0,0.0,25690.87,35217.17,38569.81,42958.53,0.1894740374543552,1906982912.0,"Agg, GB2, Inven2, Rev2, Recom1, Adv",1,0,1,0,1,0,1,1,0,1
57,660,2026-01-04 04:11:45,57,,410.0,410.0,0.0,8324.64,14234.45,15840.39,18562.43,0.1914489356098089,1911717888.0,"Agg, GB2, Inven2, Rev2, Recom1, Adv",1,0,1,0,1,0,1,1,0,1
57,720,2026-01-04 04:12:45,57,,388.0,388.0,0.0,3723.61,3849.99,3891.02,3994.73,0.203765187262396,1910104064.0,"Agg, GB2, Inven2, Rev2, Recom1, Adv",1,0,1,0,1,0,1,1,0,1
57,780,2026-01-04 04:13:45,57,,397.0,397.0,0.0,3778.69,3975.84,4015.64,4096.81,0.2090892799896534,1910595584.0,"Agg, GB2, Inven2, Rev2, Recom1, Adv",1,0,1,0,1,0,1,1,0,1
57,840,2026-01-04 04:14:45,57,,475.0,474.0,0.0,4534.09,5031.2,5198.0,5499.84,0.194496733994119,1911173120.0,"Agg, GB2, Inven2, Rev2, Recom1, Adv",1,0,1,0,1,0,1,1,0,1
57,900,2026-01-04 04:15:45,57,,452.0,452.0,0.0,4223.63,4500.27,4590.86,4721.31,0.1851050623195732,1911365632.0,"Agg, GB2, Inven2, Rev2, Recom1, Adv",1,0,1,0,1,0,1,1,0,1
57,960,2026-01-04 04:16:45,57,,447.0,447.0,0.0,4768.84,5397.46,5599.81,5880.29,0.1827121626203846,1911750656.0,"Agg, GB2, Inven2, Rev2, Recom1, Adv",1,0,1,0,1,0,1,1,0,1
57,1020,2026-01-04 04:17:45,57,,475.0,475.0,0.0,4976.66,5471.49,5676.7,6109.0,0.1806892098227474,1911697408.0,"Agg, GB2, Inven2, Rev2, Recom1, Adv",1,0,1,0,1,0,1,1,0,1
57,1080,2026-01-04 04:18:45,57,,504.0,504.0,0.0,8827.79,11679.6,12188.88,13472.83,0.1813340448729169,1912279040.0,"Agg, GB2, Inven2, Rev2, Recom1, Adv",1,0,1,0,1,0,1,1,0,1
57,1140,2026-01-04 04:19:45,57,,508.0,508.0,0.0,14900.82,20331.24,22100.11,28361.5,0.1821166254478327,1912926208.0,"Agg, GB2, Inven2, Rev2, Recom1, Adv",1,0,1,0,1,0,1,1,0,1
57,1200,2026-01-04 04:20:45,57,,636.0,635.0,0.0,32500.55,43264.98,45857.18,50667.83,0.1816962810824431,1913683968.0,"Agg, GB2, Inven2, Rev2, Recom1, Adv",1,0,1,0,1,0,1,1,0,1
57,1260,2026-01-04 04:21:45,57,,630.0,581.0,21.0,49347.31,57213.32,59226.99,60000.51,0.1842371403241455,1914421248.0,"Agg, GB2, Inven2, Rev2, Recom1, Adv",1,0,1,0,1,0,1,1,0,1
57,1320,2026-01-04 04:22:45,57,,715.0,549.0,250.0,57494.82,60000.63,60000.72,60001.02,0.1890054431698033,1914810368.0,"Agg, GB2, Inven2, Rev2, Recom1, Adv",1,0,1,0,1,0,1,1,0,1
57,1380,2026-01-04 04:23:45,57,,757.0,510.0,421.0,59448.79,60000.69,60000.82,60001.13,0.1872480892847403,1914630144.0,"Agg, GB2, Inven2, Rev2, Recom1, Adv",1,0,1,0,1,0,1,1,0,1
57,1440,2026-01-04 04:24:45,57,,794.0,501.0,478.0,59895.18,60000.73,60000.87,60001.65,0.1847873137666253,1914789888.0,"Agg, GB2, Inven2, Rev2, Recom1, Adv",1,0,1,0,1,0,1,1,0,1
57,1500,2026-01-04 04:25:45,57,,767.0,500.0,495.0,59985.91,60000.56,60000.67,60001.0,0.1850292846810511,1916153856.0,"Agg, GB2, Inven2, Rev2, Recom1, Adv",1,0,1,0,1,0,1,1,0,1
57,1560,2026-01-04 04:26:45,57,,800.0,500.0,495.0,59988.3,60000.59,60000.74,60001.41,0.1861826168595483,1916141568.0,"Agg, GB2, Inven2, Rev2, Recom1, Adv",1,0,1,0,1,0,1,1,0,1
57,1620,2026-01-04 04:27:45,57,,706.0,501.0,498.0,59995.31,60000.63,60000.75,60000.96,0.1883494153501067,1916567552.0,"Agg, GB2, Inven2, Rev2, Recom1, Adv",1,0,1,0,1,0,1,1,0,1
57,1680,2026-01-04 04:28:45,57,,617.0,500.0,500.0,60000.06,60000.62,60000.75,60001.24,0.1886764664574985,1922387968.0,"Agg, GB2, Inven2, Rev2, Recom1, Adv",1,0,1,0,1,0,1,1,0,1
57,1740,2026-01-04 04:29:45,57,,498.0,483.0,483.0,60000.05,60000.6,60000.89,60001.62,0.1882728563399758,1922985984.0,"Agg, GB2, Inven2, Rev2, Recom1, Adv",1,0,1,0,1,0,1,1,0,1
57,1800,2026-01-04 04:30:45,57,,455.0,265.0,265.0,59999.96,60000.56,60000.76,60001.03,0.1870063168765405,1923121152.0,"Agg, GB2, Inven2, Rev2, Recom1, Adv",1,0,1,0,1,0,1,1,0,1
59,60,2026-01-04 05:07:12,59,,759.0,752.0,0.0,1025.54,1013.65,1036.4,1539.39,0.1731775064811836,1655447552.0,"Agg, GB2, Inven2, Recom1, Adv",1,0,1,0,1,0,0,1,0,1
59,120,2026-01-04 05:08:12,59,,722.0,722.0,0.0,1008.0,1009.14,1009.99,1011.27,0.1166422579357704,1661599744.0,"Agg, GB2, Inven2, Recom1, Adv",1,0,1,0,1,0,0,1,0,1
59,180,2026-01-04 05:09:12,59,,535.0,537.0,0.0,1007.44,1008.36,1009.13,1010.48,0.1311777108683361,1300185088.0,"Agg, GB2, Inven2, Recom1, Adv",1,0,1,0,1,0,0,1,0,1
59,240,2026-01-04 05:10:12,59,,460.0,460.0,0.0,1007.68,1008.94,1009.48,1010.74,0.066603663690697,1300541440.0,"Agg, GB2, Inven2, Recom1, Adv",1,0,1,0,1,0,0,1,0,1
59,300,2026-01-04 05:11:12,59,,438.0,438.0,0.0,1007.63,1008.29,1008.9,1010.7,0.0472916206527855,1301123072.0,"Agg, GB2, Inven2, Recom1, Adv",1,0,1,0,1,0,0,1,0,1
59,360,2026-01-04 05:12:12,59,,507.0,507.0,0.0,1007.46,1008.65,1009.18,1010.05,0.060940150180536,1301209088.0,"Agg, GB2, Inven2, Recom1, Adv",1,0,1,0,1,0,0,1,0,1
59,420,2026-01-04 05:13:12,59,,505.0,505.0,0.0,1007.37,1008.46,1008.96,1009.73,0.0498366598467534,1303339008.0,"Agg, GB2, Inven2, Recom1, Adv",1,0,1,0,1,0,0,1,0,1
59,480,2026-01-04 05:14:12,59,,525.0,525.0,0.0,1007.47,1008.58,1009.2,1010.32,0.0560424480906502,1303891968.0,"Agg, GB2, Inven2, Recom1, Adv",1,0,1,0,1,0,0,1,0,1
59,540,2026-01-04 05:15:12,59,,382.0,383.0,0.0,1007.38,1008.46,1009.03,1010.01,0.0523142989789608,1303515136.0,"Agg, GB2, Inven2, Recom1, Adv",1,0,1,0,1,0,0,1,0,1
59,600,2026-01-04 05:16:12,59,,365.0,365.0,0.0,1007.67,1008.69,1009.13,1010.41,0.0417155358887997,1303535616.0,"Agg, GB2, Inven2, Recom1, Adv",1,0,1,0,1,0,0,1,0,1
59,660,2026-01-04 05:17:12,59,,410.0,410.0,0.0,1007.68,1008.27,1008.88,1010.73,0.0491053156913773,1303842816.0,"Agg, GB2, Inven2, Recom1, Adv",1,0,1,0,1,0,0,1,0,1
59,720,2026-01-04 05:18:12,59,,388.0,388.0,0.0,1007.19,1008.17,1008.62,1009.35,0.0617429666707938,1304657920.0,"Agg, GB2, Inven2, Recom1, Adv",1,0,1,0,1,0,0,1,0,1
59,780,2026-01-04 05:19:12,59,,397.0,397.0,0.0,1007.21,1008.09,1008.47,1009.26,0.0413640745228924,1304772608.0,"Agg, GB2, Inven2, Recom1, Adv",1,0,1,0,1,0,0,1,0,1
59,840,2026-01-04 05:20:12,59,,475.0,474.0,0.0,1007.36,1008.35,1008.99,1010.38,0.0482873831855036,1305292800.0,"Agg, GB2, Inven2, Recom1, Adv",1,0,1,0,1,0,0,1,0,1
59,900,2026-01-04 05:21:12,59,,452.0,452.0,0.0,1007.14,1008.2,1008.57,1009.86,0.0479106799306692,1308422144.0,"Agg, GB2, Inven2, Recom1, Adv",1,0,1,0,1,0,0,1,0,1
59,960,2026-01-04 05:22:12,59,,447.0,447.0,0.0,1007.2,1008.22,1008.69,1009.48,0.0473393587476726,1308938240.0,"Agg, GB2, Inven2, Recom1, Adv",1,0,1,0,1,0,0,1,0,1
59,1020,2026-01-04 05:23:12,59,,475.0,475.0,0.0,1007.0,1007.87,1008.39,1009.31,0.050744388745439,1308913664.0,"Agg, GB2, Inven2, Recom1, Adv",1,0,1,0,1,0,0,1,0,1
59,1080,2026-01-04 05:24:12,59,,504.0,504.0,0.0,1007.1,1008.1,1008.62,1009.33,0.0503173167642001,1309163520.0,"Agg, GB2, Inven2, Recom1, Adv",1,0,1,0,1,0,0,1,0,1
59,1140,2026-01-04 05:25:12,59,,508.0,508.0,0.0,1007.08,1007.99,1008.4,1009.29,0.0523297815668361,1309163520.0,"Agg, GB2, Inven2, Recom1, Adv",1,0,1,0,1,0,0,1,0,1
59,1200,2026-01-04 05:26:12,59,,636.0,635.0,0.0,1007.08,1008.06,1008.54,1009.66,0.0533613747990051,1309384704.0,"Agg, GB2, Inven2, Recom1, Adv",1,0,1,0,1,0,0,1,0,1
59,1260,2026-01-04 05:27:12,59,,630.0,630.0,0.0,1007.15,1008.29,1008.97,1009.79,0.0675456005235672,1309995008.0,"Agg, GB2, Inven2, Recom1, Adv",1,0,1,0,1,0,0,1,0,1
59,1320,2026-01-04 05:28:12,59,,715.0,714.0,0.0,1006.9,1007.82,1008.41,1009.88,0.0685157255320378,1310371840.0,"Agg, GB2, Inven2, Recom1, Adv",1,0,1,0,1,0,0,1,0,1
59,1380,2026-01-04 05:29:12,59,,757.0,757.0,0.0,1007.13,1008.21,1008.68,1009.76,0.0690902745223582,1310101504.0,"Agg, GB2, Inven2, Recom1, Adv",1,0,1,0,1,0,0,1,0,1
59,1440,2026-01-04 05:30:12,59,,794.0,793.0,0.0,1007.03,1008.14,1008.6,1009.49,0.0696088681807917,1310248960.0,"Agg, GB2, Inven2, Recom1, Adv",1,0,1,0,1,0,0,1,0,1
59,1500,2026-01-04 05:31:12,59,,767.0,768.0,0.0,1007.23,1008.08,1008.43,1009.67,0.0675185662668006,1310220288.0,"Agg, GB2, Inven2, Recom1, Adv",1,0,1,0,1,0,0,1,0,1
59,1560,2026-01-04 05:32:12,59,,800.0,799.0,0.0,1006.94,1007.87,1008.41,1009.53,0.0825752169342334,1310613504.0,"Agg, GB2, Inven2, Recom1, Adv",1,0,1,0,1,0,0,1,0,1
59,1620,2026-01-04 05:33:12,59,,706.0,707.0,0.0,1007.08,1008.25,1008.83,1009.74,0.0700892968194139,1310511104.0,"Agg, GB2, Inven2, Recom1, Adv",1,0,1,0,1,0,0,1,0,1
59,1680,2026-01-04 05:34:12,59,,617.0,618.0,0.0,1006.86,1007.79,1008.29,1009.07,0.0676870786432299,1310810112.0,"Agg, GB2, Inven2, Recom1, Adv",1,0,1,0,1,0,0,1,0,1
59,1740,2026-01-04 05:35:12,59,,498.0,499.0,0.0,1007.04,1008.0,1008.45,1009.37,0.0544419696105295,1310535680.0,"Agg, GB2, Inven2, Recom1, Adv",1,0,1,0,1,0,0,1,0,1
59,1800,2026-01-04 05:36:12,59,,455.0,455.0,0.0,1007.04,1007.92,1008.29,1009.04,0.0419320230624499,1310535680.0,"Agg, GB2, Inven2, Recom1, Adv",1,0,1,0,1,0,0,1,0,1
64,60,2026-01-04 07:48:44,64,,759.0,587.0,0.0,17690.15,27638.99,30505.07,35232.41,0.1990981460300895,1972572160.0,"Agg, GB2, Inven2, Rev2, Recom2",1,0,1,0,1,0,1,0,1,0
64,120,2026-01-04 07:49:44,64,,722.0,603.0,1.0,33687.78,42358.78,44714.64,50198.43,0.3039056133368977,2034348032.0,"Agg, GB2, Inven2, Rev2, Recom2",1,0,1,0,1,0,1,0,1,0
64,180,2026-01-04 07:50:44,64,,535.0,514.0,2.0,41717.12,48711.73,51355.0,56049.15,0.2064700901702681,1680347136.0,"Agg, GB2, Inven2, Rev2, Recom2",1,0,1,0,1,0,1,0,1,0
64,240,2026-01-04 07:51:44,64,,460.0,460.0,3.0,41954.16,49806.82,51780.77,58334.6,0.2004248197746984,1683783680.0,"Agg, GB2, Inven2, Rev2, Recom2",1,0,1,0,1,0,1,0,1,0
64,300,2026-01-04 07:52:44,64,,438.0,438.0,0.0,37301.05,44862.64,48012.5,51553.94,0.194934221031403,1683529728.0,"Agg, GB2, Inven2, Rev2, Recom2",1,0,1,0,1,0,1,0,1,0
64,360,2026-01-04 07:53:44,64,,507.0,507.0,1.0,36259.87,43624.15,45744.97,49860.8,0.1903883517028249,1686851584.0,"Agg, GB2, Inven2, Rev2, Recom2",1,0,1,0,1,0,1,0,1,0
64,420,2026-01-04 07:54:44,64,,505.0,505.0,0.0,40382.47,48405.24,50173.57,53932.55,0.1923324204923659,1687789568.0,"Agg, GB2, Inven2, Rev2, Recom2",1,0,1,0,1,0,1,0,1,0
64,480,2026-01-04 07:55:44,64,,525.0,515.0,4.0,43953.13,51322.4,53744.29,59449.65,0.1871805349056288,1687932928.0,"Agg, GB2, Inven2, Rev2, Recom2",1,0,1,0,1,0,1,0,1,0
64,540,2026-01-04 07:56:44,64,,382.0,383.0,2.0,40449.1,48810.42,50206.36,55298.89,0.1833755967289123,1688399872.0,"Agg, GB2, Inven2, Rev2, Recom2",1,0,1,0,1,0,1,0,1,0
64,600,2026-01-04 07:57:44,64,,365.0,365.0,0.0,23488.49,33927.16,36282.72,43495.36,0.1810811403167086,1688424448.0,"Agg, GB2, Inven2, Rev2, Recom2",1,0,1,0,1,0,1,0,1,0
64,660,2026-01-04 07:58:44,64,,410.0,410.0,0.0,5949.31,11143.48,12189.78,13425.72,0.1796739699577483,1687924736.0,"Agg, GB2, Inven2, Rev2, Recom2",1,0,1,0,1,0,1,0,1,0
64,720,2026-01-04 07:59:44,64,,388.0,388.0,0.0,2824.85,2978.91,3037.55,3105.06,0.1932445731185633,1688891392.0,"Agg, GB2, Inven2, Rev2, Recom2",1,0,1,0,1,0,1,0,1,0
64,780,2026-01-04 08:00:44,64,,397.0,397.0,0.0,2959.99,3194.56,3267.24,3401.28,0.2062245895070468,1690001408.0,"Agg, GB2, Inven2, Rev2, Recom2",1,0,1,0,1,0,1,0,1,0
64,840,2026-01-04 08:01:44,64,,475.0,474.0,0.0,4195.96,4786.49,4945.0,5253.52,0.1921080490436767,1689993216.0,"Agg, GB2, Inven2, Rev2, Recom2",1,0,1,0,1,0,1,0,1,0
64,900,2026-01-04 08:02:44,64,,452.0,452.0,0.0,3758.42,4253.04,4362.86,4553.77,0.1766998146510765,1690157056.0,"Agg, GB2, Inven2, Rev2, Recom2",1,0,1,0,1,0,1,0,1,0
64,960,2026-01-04 08:03:44,64,,447.0,447.0,0.0,3673.77,3975.33,4136.85,4314.87,0.1758739353620928,1690304512.0,"Agg, GB2, Inven2, Rev2, Recom2",1,0,1,0,1,0,1,0,1,0
64,1020,2026-01-04 08:04:44,64,,475.0,475.0,0.0,3916.14,4433.87,4592.17,4804.12,0.1754469830348834,1690710016.0,"Agg, GB2, Inven2, Rev2, Recom2",1,0,1,0,1,0,1,0,1,0
64,1080,2026-01-04 08:05:44,64,,504.0,504.0,0.0,6193.31,8818.74,9469.66,10875.56,0.1759469186423567,1690779648.0,"Agg, GB2, Inven2, Rev2, Recom2",1,0,1,0,1,0,1,0,1,0
64,1140,2026-01-04 08:06:44,64,,508.0,508.0,0.0,13506.58,18273.67,20168.46,22445.55,0.1748407380836102,1691414528.0,"Agg, GB2, Inven2, Rev2, Recom2",1,0,1,0,1,0,1,0,1,0
64,1200,2026-01-04 08:07:44,64,,636.0,635.0,0.0,28788.19,38295.24,41652.11,46341.92,0.1784705453722292,1692061696.0,"Agg, GB2, Inven2, Rev2, Recom2",1,0,1,0,1,0,1,0,1,0
64,1260,2026-01-04 08:08:44,64,,630.0,589.0,16.0,45229.35,54135.36,56796.82,60000.6,0.17962541799915,1691922432.0,"Agg, GB2, Inven2, Rev2, Recom2",1,0,1,0,1,0,1,0,1,0
64,1320,2026-01-04 08:09:44,64,,715.0,576.0,255.0,56607.08,60000.64,60000.78,60001.01,0.1781737710676021,1692774400.0,"Agg, GB2, Inven2, Rev2, Recom2",1,0,1,0,1,0,1,0,1,0
64,1380,2026-01-04 08:10:44,64,,757.0,508.0,366.0,59213.78,60000.65,60000.83,60001.07,0.1768208789388649,1692676096.0,"Agg, GB2, Inven2, Rev2, Recom2",1,0,1,0,1,0,1,0,1,0
64,1440,2026-01-04 08:11:44,64,,794.0,500.0,439.0,59705.15,60000.59,60000.7,60000.94,0.1779461446510144,1694547968.0,"Agg, GB2, Inven2, Rev2, Recom2",1,0,1,0,1,0,1,0,1,0
64,1500,2026-01-04 08:12:44,64,,767.0,500.0,469.0,59884.0,60000.63,60000.78,60001.17,0.1811355970574103,1695649792.0,"Agg, GB2, Inven2, Rev2, Recom2",1,0,1,0,1,0,1,0,1,0
64,1560,2026-01-04 08:13:44,64,,800.0,499.0,485.0,59949.81,60000.58,60000.73,60001.04,0.1802842905561067,1695940608.0,"Agg, GB2, Inven2, Rev2, Recom2",1,0,1,0,1,0,1,0,1,0
64,1620,2026-01-04 08:14:44,64,,706.0,500.0,494.0,59976.57,60000.61,60000.73,60001.0,0.1792049124722823,1696100352.0,"Agg, GB2, Inven2, Rev2, Recom2",1,0,1,0,1,0,1,0,1,0
64,1680,2026-01-04 08:15:44,64,,617.0,497.0,495.0,59994.55,60000.61,60000.74,60000.91,0.1599262901555496,1696628736.0,"Agg, GB2, Inven2, Rev2, Recom2",1,0,1,0,1,0,1,0,1,0
64,1740,2026-01-04 08:16:44,64,,498.0,483.0,480.0,59986.67,60000.54,60000.71,60000.99,0.1784787666039726,1697435648.0,"Agg, GB2, Inven2, Rev2, Recom2",1,0,1,0,1,0,1,0,1,0
64,1800,2026-01-04 08:17:44,64,,455.0,265.0,262.0,59988.76,60000.63,60000.79,60001.52,0.1786760852983395,1698541568.0,"Agg, GB2, Inven2, Rev2, Recom2",1,0,1,0,1,0,1,0,1,0
67,60,2026-01-04 09:25:51,67,,759.0,752.0,0.0,634.81,615.62,645.04,1583.57,0.1262267104359423,1784758272.0,"Agg, GB2, Inven2, Rev1, Adv",1,0,1,0,1,1,0,0,0,1
67,120,2026-01-04 09:26:51,67,,722.0,722.0,0.0,609.7,611.02,611.56,612.98,0.194858886679122,1791438848.0,"Agg, GB2, Inven2, Rev1, Adv",1,0,1,0,1,1,0,0,0,1
67,180,2026-01-04 09:27:51,67,,535.0,537.0,0.0,609.53,610.83,611.49,612.81,0.134240323443949,1586262016.0,"Agg, GB2, Inven2, Rev1, Adv",1,0,1,0,1,1,0,0,0,1
67,240,2026-01-04 09:28:51,67,,460.0,460.0,0.0,609.24,610.42,611.03,612.1,0.0957726536405652,1586638848.0,"Agg, GB2, Inven2, Rev1, Adv",1,0,1,0,1,1,0,0,0,1
67,300,2026-01-04 09:29:51,67,,438.0,438.0,0.0,609.25,610.44,611.09,612.13,0.0758779899886653,1587228672.0,"Agg, GB2, Inven2, Rev1, Adv",1,0,1,0,1,1,0,0,0,1
67,360,2026-01-04 09:30:51,67,,507.0,507.0,0.0,609.21,610.37,610.92,612.24,0.0753197887142789,1587716096.0,"Agg, GB2, Inven2, Rev1, Adv",1,0,1,0,1,1,0,0,0,1
67,420,2026-01-04 09:31:51,67,,505.0,505.0,0.0,609.18,610.48,610.89,611.81,0.0744091035434316,1587458048.0,"Agg, GB2, Inven2, Rev1, Adv",1,0,1,0,1,1,0,0,0,1
67,480,2026-01-04 09:32:51,67,,525.0,525.0,0.0,609.05,610.21,610.78,612.12,0.074126026908637,1587724288.0,"Agg, GB2, Inven2, Rev1, Adv",1,0,1,0,1,1,0,0,0,1
67,540,2026-01-04 09:33:51,67,,382.0,383.0,0.0,609.12,610.24,610.96,611.92,0.0675266539068693,1587658752.0,"Agg, GB2, Inven2, Rev1, Adv",1,0,1,0,1,1,0,0,0,1
67,600,2026-01-04 09:34:51,67,,365.0,365.0,0.0,609.23,610.63,611.1,612.57,0.0574126392146059,1587847168.0,"Agg, GB2, Inven2, Rev1, Adv",1,0,1,0,1,1,0,0,0,1
67,660,2026-01-04 09:35:51,67,,410.0,410.0,0.0,609.09,610.32,610.86,612.39,0.0630097875295886,1588785152.0,"Agg, GB2, Inven2, Rev1, Adv",1,0,1,0,1,1,0,0,0,1
67,720,2026-01-04 09:36:51,67,,388.0,388.0,0.0,608.95,610.23,610.54,611.28,0.063290174746295,1588502528.0,"Agg, GB2, Inven2, Rev1, Adv",1,0,1,0,1,1,0,0,0,1
67,780,2026-01-04 09:37:51,67,,397.0,397.0,0.0,608.98,610.12,610.69,612.44,0.0563866236591829,1586102272.0,"Agg, GB2, Inven2, Rev1, Adv",1,0,1,0,1,1,0,0,0,1
67,840,2026-01-04 09:38:51,67,,475.0,474.0,0.0,608.87,610.04,610.62,611.43,0.0614931785175698,1586274304.0,"Agg, GB2, Inven2, Rev1, Adv",1,0,1,0,1,1,0,0,0,1
67,900,2026-01-04 09:39:51,67,,452.0,452.0,0.0,608.95,610.33,610.71,611.95,0.0650415808368597,1586360320.0,"Agg, GB2, Inven2, Rev1, Adv",1,0,1,0,1,1,0,0,0,1
67,960,2026-01-04 09:40:51,67,,447.0,447.0,0.0,608.96,610.13,610.59,611.5,0.0648701786927515,1586622464.0,"Agg, GB2, Inven2, Rev1, Adv",1,0,1,0,1,1,0,0,0,1
67,1020,2026-01-04 09:41:51,67,,475.0,475.0,0.0,608.77,609.87,610.43,612.01,0.0649173819141355,1586507776.0,"Agg, GB2, Inven2, Rev1, Adv",1,0,1,0,1,1,0,0,0,1
67,1080,2026-01-04 09:42:51,67,,504.0,504.0,0.0,608.92,610.07,610.57,611.43,0.0651133857472931,1586831360.0,"Agg, GB2, Inven2, Rev1, Adv",1,0,1,0,1,1,0,0,0,1
67,1140,2026-01-04 09:43:51,67,,508.0,508.0,0.0,608.91,610.03,610.5,612.01,0.0732755247087755,1586966528.0,"Agg, GB2, Inven2, Rev1, Adv",1,0,1,0,1,1,0,0,0,1
67,1200,2026-01-04 09:44:51,67,,636.0,635.0,0.0,608.77,609.77,610.4,611.68,0.0785986758314932,1586855936.0,"Agg, GB2, Inven2, Rev1, Adv",1,0,1,0,1,1,0,0,0,1
67,1260,2026-01-04 09:45:51,67,,630.0,630.0,0.0,609.26,610.32,610.9,612.92,0.0835360302557019,1590235136.0,"Agg, GB2, Inven2, Rev1, Adv",1,0,1,0,1,1,0,0,0,1
67,1320,2026-01-04 09:46:51,67,,715.0,714.0,0.0,608.86,610.08,610.57,611.65,0.091392086641386,1592918016.0,"Agg, GB2, Inven2, Rev1, Adv",1,0,1,0,1,1,0,0,0,1
67,1380,2026-01-04 09:47:51,67,,757.0,757.0,0.0,608.74,609.87,610.35,611.79,0.0941847331915255,1592836096.0,"Agg, GB2, Inven2, Rev1, Adv",1,0,1,0,1,1,0,0,0,1
67,1440,2026-01-04 09:48:51,67,,794.0,793.0,0.0,608.87,609.98,610.5,611.18,0.0982546309308347,1592782848.0,"Agg, GB2, Inven2, Rev1, Adv",1,0,1,0,1,1,0,0,0,1
67,1500,2026-01-04 09:49:51,67,,767.0,768.0,0.0,608.83,610.05,610.47,611.18,0.1028552270157535,1593303040.0,"Agg, GB2, Inven2, Rev1, Adv",1,0,1,0,1,1,0,0,0,1
67,1560,2026-01-04 09:50:51,67,,800.0,799.0,0.0,608.87,610.01,610.43,612.08,0.1046112925725996,1593274368.0,"Agg, GB2, Inven2, Rev1, Adv",1,0,1,0,1,1,0,0,0,1
67,1620,2026-01-04 09:51:51,67,,706.0,707.0,0.0,608.76,609.91,610.51,611.69,0.1015189118246494,1593053184.0,"Agg, GB2, Inven2, Rev1, Adv",1,0,1,0,1,1,0,0,0,1
67,1680,2026-01-04 09:52:51,67,,617.0,618.0,0.0,608.57,609.64,610.25,611.56,0.0909318237622901,1596444672.0,"Agg, GB2, Inven2, Rev1, Adv",1,0,1,0,1,1,0,0,0,1
67,1740,2026-01-04 09:53:51,67,,498.0,499.0,0.0,608.74,609.69,610.3,611.26,0.0772239431090451,1596465152.0,"Agg, GB2, Inven2, Rev1, Adv",1,0,1,0,1,1,0,0,0,1
67,1800,2026-01-04 09:54:51,67,,455.0,455.0,0.0,608.64,609.7,610.14,611.03,0.0649043992630201,1596727296.0,"Agg, GB2, Inven2, Rev1, Adv",1,0,1,0,1,1,0,0,0,1
70,60,2026-01-04 11:02:56,70,,759.0,586.0,0.0,17445.56,27516.44,31470.0,35018.57,0.1615327082827118,1735606272.0,"Agg, GB2, Inven2, Rev2",1,0,1,0,1,0,1,0,0,0
70,120,2026-01-04 11:03:56,70,,722.0,606.0,0.0,33003.07,41552.47,43464.19,52502.15,0.2963901301112146,1809510400.0,"Agg, GB2, Inven2, Rev2",1,0,1,0,1,0,1,0,0,0
70,180,2026-01-04 11:04:56,70,,535.0,504.0,2.0,42977.75,49851.94,52105.24,58475.42,0.1989199137042547,1461313536.0,"Agg, GB2, Inven2, Rev2",1,0,1,0,1,0,1,0,0,0
70,240,2026-01-04 11:05:56,70,,460.0,459.0,0.0,40773.85,48040.37,49892.32,53411.35,0.1920261970754065,1466798080.0,"Agg, GB2, Inven2, Rev2",1,0,1,0,1,0,1,0,0,0
70,300,2026-01-04 11:06:56,70,,438.0,438.0,1.0,36628.2,44247.23,46490.35,51219.67,0.182167489218742,1469538304.0,"Agg, GB2, Inven2, Rev2",1,0,1,0,1,0,1,0,0,0
70,360,2026-01-04 11:07:56,70,,507.0,507.0,0.0,35530.98,42692.65,45052.5,48605.6,0.1837814545706321,1470996480.0,"Agg, GB2, Inven2, Rev2",1,0,1,0,1,0,1,0,0,0
70,420,2026-01-04 11:08:56,70,,505.0,505.0,0.0,37726.16,44285.6,46267.85,49500.31,0.1865261077709322,1472024576.0,"Agg, GB2, Inven2, Rev2",1,0,1,0,1,0,1,0,0,0
70,480,2026-01-04 11:09:56,70,,525.0,525.0,1.0,41833.74,49885.35,52087.67,56008.58,0.1833567276276194,1472593920.0,"Agg, GB2, Inven2, Rev2",1,0,1,0,1,0,1,0,0,0
70,540,2026-01-04 11:10:56,70,,382.0,383.0,0.0,38622.06,47704.05,50163.27,54038.66,0.1764387697957096,1472937984.0,"Agg, GB2, Inven2, Rev2",1,0,1,0,1,0,1,0,0,0
70,600,2026-01-04 11:11:56,70,,365.0,365.0,0.0,22796.69,33762.96,36138.86,38780.12,0.1736204284100511,1472987136.0,"Agg, GB2, Inven2, Rev2",1,0,1,0,1,0,1,0,0,0
70,660,2026-01-04 11:12:56,70,,410.0,410.0,0.0,5485.32,10102.69,11275.18,13588.39,0.1526438280655175,1472507904.0,"Agg, GB2, Inven2, Rev2",1,0,1,0,1,0,1,0,0,0
70,720,2026-01-04 11:13:56,70,,388.0,388.0,0.0,2713.43,2914.21,2971.63,3064.68,0.1805472961958215,1476501504.0,"Agg, GB2, Inven2, Rev2",1,0,1,0,1,0,1,0,0,0
70,780,2026-01-04 11:14:56,70,,397.0,397.0,0.0,2683.54,2829.55,2873.43,2924.9,0.1978667365837417,1477214208.0,"Agg, GB2, Inven2, Rev2",1,0,1,0,1,0,1,0,0,0
70,840,2026-01-04 11:15:56,70,,475.0,474.0,0.0,3626.55,3982.78,4056.5,4234.5,0.1877959158174263,1477931008.0,"Agg, GB2, Inven2, Rev2",1,0,1,0,1,0,1,0,0,0
70,900,2026-01-04 11:16:56,70,,452.0,452.0,0.0,3492.96,4057.23,4334.95,4579.05,0.1466557515623895,1477931008.0,"Agg, GB2, Inven2, Rev2",1,0,1,0,1,0,1,0,0,0
70,960,2026-01-04 11:17:56,70,,447.0,447.0,0.0,3245.92,3476.94,3540.05,3665.6,0.1701089203189311,1477971968.0,"Agg, GB2, Inven2, Rev2",1,0,1,0,1,0,1,0,0,0
70,1020,2026-01-04 11:18:56,70,,475.0,475.0,0.0,4238.65,4647.56,4773.35,4979.16,0.1689519618378356,1478430720.0,"Agg, GB2, Inven2, Rev2",1,0,1,0,1,0,1,0,0,0
70,1080,2026-01-04 11:19:56,70,,504.0,504.0,0.0,6479.03,9018.07,9600.49,10614.9,0.1668353210515261,1478533120.0,"Agg, GB2, Inven2, Rev2",1,0,1,0,1,0,1,0,0,0
70,1140,2026-01-04 11:20:56,70,,508.0,508.0,0.0,10995.83,14202.27,15696.29,18582.77,0.1695925888576136,1479450624.0,"Agg, GB2, Inven2, Rev2",1,0,1,0,1,0,1,0,0,0
70,1200,2026-01-04 11:21:56,70,,636.0,635.0,0.0,27009.93,36162.76,38931.35,43707.75,0.1701631713708198,1480019968.0,"Agg, GB2, Inven2, Rev2",1,0,1,0,1,0,1,0,0,0
70,1260,2026-01-04 11:22:56,70,,630.0,596.0,4.0,43182.38,51509.89,54461.81,58510.62,0.1697229001571618,1480048640.0,"Agg, GB2, Inven2, Rev2",1,0,1,0,1,0,1,0,0,0
70,1320,2026-01-04 11:23:56,70,,715.0,581.0,161.0,54798.39,60000.59,60000.79,60001.55,0.1704822862196598,1480437760.0,"Agg, GB2, Inven2, Rev2",1,0,1,0,1,0,1,0,0,0
70,1380,2026-01-04 11:24:56,70,,757.0,520.0,333.0,58666.98,60000.66,60000.77,60001.0,0.1692722092351303,1480790016.0,"Agg, GB2, Inven2, Rev2",1,0,1,0,1,0,1,0,0,0
70,1440,2026-01-04 11:25:56,70,,794.0,505.0,421.0,59583.29,60000.65,60000.78,60001.16,0.1706492453942576,1480757248.0,"Agg, GB2, Inven2, Rev2",1,0,1,0,1,0,1,0,0,0
70,1500,2026-01-04 11:26:56,70,,767.0,504.0,425.0,59629.36,60000.56,60000.68,60001.05,0.1721058941038979,1482211328.0,"Agg, GB2, Inven2, Rev2",1,0,1,0,1,0,1,0,0,0
70,1560,2026-01-04 11:27:56,70,,800.0,499.0,449.0,59837.62,60000.62,60000.69,60001.06,0.17190147078098,1483345920.0,"Agg, GB2, Inven2, Rev2",1,0,1,0,1,0,1,0,0,0
70,1620,2026-01-04 11:28:56,70,,706.0,499.0,467.0,59906.13,60000.66,60000.79,60001.38,0.1717530034119241,1483853824.0,"Agg, GB2, Inven2, Rev2",1,0,1,0,1,0,1,0,0,0
70,1680,2026-01-04 11:29:56,70,,617.0,500.0,488.0,59952.05,60000.56,60000.66,60001.07,0.170136236686485,1483829248.0,"Agg, GB2, Inven2, Rev2",1,0,1,0,1,0,1,0,0,0
70,1740,2026-01-04 11:30:56,70,,498.0,490.0,478.0,59966.96,60000.55,60000.68,60001.17,0.1715369197345615,1485385728.0,"Agg, GB2, Inven2, Rev2",1,0,1,0,1,0,1,0,0,0
70,1800,2026-01-04 11:31:56,70,,455.0,267.0,254.0,59897.02,60000.68,60000.82,60001.24,0.1712954684382572,1485197312.0,"Agg, GB2, Inven2, Rev2",1,0,1,0,1,0,1,0,0,0
72,60,2026-01-04 12:07:49,72,,759.0,752.0,0.0,20.98,10.07,14.85,570.59,0.093231596340858,1054633984.0,"Agg, GB2, Inven2",1,0,1,0,1,0,0,0,0,0
72,120,2026-01-04 12:08:49,72,,722.0,722.0,0.0,6.05,7.05,7.63,8.35,0.1346722476212172,1060020224.0,"Agg, GB2, Inven2",1,0,1,0,1,0,0,0,0,0
72,180,2026-01-04 12:09:49,72,,535.0,537.0,0.0,5.74,6.69,7.07,8.54,0.0814036587233433,843345920.0,"Agg, GB2, Inven2",1,0,1,0,1,0,0,0,0,0
72,240,2026-01-04 12:10:49,72,,460.0,460.0,0.0,5.64,6.59,7.2,8.09,0.0559881530346477,843907072.0,"Agg, GB2, Inven2",1,0,1,0,1,0,0,0,0,0
72,300,2026-01-04 12:11:49,72,,438.0,438.0,0.0,5.58,6.6,7.0,7.58,0.0477082038423347,844369920.0,"Agg, GB2, Inven2",1,0,1,0,1,0,0,0,0,0
72,360,2026-01-04 12:12:49,72,,507.0,507.0,0.0,5.46,6.35,6.74,7.47,0.0474482322573219,847237120.0,"Agg, GB2, Inven2",1,0,1,0,1,0,0,0,0,0
72,420,2026-01-04 12:13:49,72,,505.0,505.0,0.0,5.49,6.5,6.88,8.27,0.0442825696380753,847265792.0,"Agg, GB2, Inven2",1,0,1,0,1,0,0,0,0,0
72,480,2026-01-04 12:14:49,72,,525.0,525.0,0.0,5.49,6.46,6.91,7.5,0.0428165324187282,847667200.0,"Agg, GB2, Inven2",1,0,1,0,1,0,0,0,0,0
72,540,2026-01-04 12:15:49,72,,382.0,383.0,0.0,5.35,6.25,6.75,7.26,0.0383801125564014,847724544.0,"Agg, GB2, Inven2",1,0,1,0,1,0,0,0,0,0
72,600,2026-01-04 12:16:49,72,,365.0,365.0,0.0,5.59,6.69,7.03,8.1,0.0326864683614877,849895424.0,"Agg, GB2, Inven2",1,0,1,0,1,0,0,0,0,0
72,660,2026-01-04 12:17:49,72,,410.0,410.0,0.0,5.29,6.15,6.65,7.51,0.0384329116483718,850165760.0,"Agg, GB2, Inven2",1,0,1,0,1,0,0,0,0,0
72,720,2026-01-04 12:18:49,72,,388.0,388.0,0.0,5.16,6.05,6.52,7.3,0.0410392805527318,854122496.0,"Agg, GB2, Inven2",1,0,1,0,1,0,0,0,0,0
72,780,2026-01-04 12:19:49,72,,397.0,397.0,0.0,5.34,5.97,6.33,7.23,0.0354702748540053,854253568.0,"Agg, GB2, Inven2",1,0,1,0,1,0,0,0,0,0
72,840,2026-01-04 12:20:49,72,,475.0,474.0,0.0,5.21,6.03,6.55,7.2,0.0336841292673538,854319104.0,"Agg, GB2, Inven2",1,0,1,0,1,0,0,0,0,0
72,900,2026-01-04 12:21:49,72,,452.0,452.0,0.0,5.15,5.9,6.31,6.85,0.033830038205153,854364160.0,"Agg, GB2, Inven2",1,0,1,0,1,0,0,0,0,0
72,960,2026-01-04 12:22:49,72,,447.0,447.0,0.0,5.14,5.93,6.23,6.82,0.0328786088385754,854491136.0,"Agg, GB2, Inven2",1,0,1,0,1,0,0,0,0,0
72,1020,2026-01-04 12:23:49,72,,475.0,475.0,0.0,5.06,5.87,6.32,6.92,0.0332662783576864,854716416.0,"Agg, GB2, Inven2",1,0,1,0,1,0,0,0,0,0
72,1080,2026-01-04 12:24:49,72,,504.0,504.0,0.0,5.18,6.07,6.48,7.2,0.0331199949256303,854732800.0,"Agg, GB2, Inven2",1,0,1,0,1,0,0,0,0,0
72,1140,2026-01-04 12:25:49,72,,508.0,508.0,0.0,5.19,6.28,6.59,7.48,0.0365832688074204,854773760.0,"Agg, GB2, Inven2",1,0,1,0,1,0,0,0,0,0
72,1200,2026-01-04 12:26:49,72,,636.0,635.0,0.0,5.11,6.0,6.41,7.34,0.0397783248879705,855093248.0,"Agg, GB2, Inven2",1,0,1,0,1,0,0,0,0,0
72,1260,2026-01-04 12:27:49,72,,630.0,630.0,0.0,5.24,6.27,6.65,7.64,0.042659018216581,855166976.0,"Agg, GB2, Inven2",1,0,1,0,1,0,0,0,0,0
72,1320,2026-01-04 12:28:49,72,,715.0,714.0,0.0,5.11,5.93,6.36,7.64,0.0476675203410908,855175168.0,"Agg, GB2, Inven2",1,0,1,0,1,0,0,0,0,0
72,1380,2026-01-04 12:29:49,72,,757.0,757.0,0.0,5.13,5.88,6.26,7.02,0.0504829318122228,855457792.0,"Agg, GB2, Inven2",1,0,1,0,1,0,0,0,0,0
72,1440,2026-01-04 12:30:49,72,,794.0,793.0,0.0,5.03,5.82,6.19,6.99,0.0498441986739374,855375872.0,"Agg, GB2, Inven2",1,0,1,0,1,0,0,0,0,0
72,1500,2026-01-04 12:31:49,72,,767.0,768.0,0.0,5.06,5.86,6.24,7.54,0.049667237901056,855281664.0,"Agg, GB2, Inven2",1,0,1,0,1,0,0,0,0,0
72,1560,2026-01-04 12:32:49,72,,800.0,799.0,0.0,5.02,5.84,6.31,7.05,0.0512581311641067,855289856.0,"Agg, GB2, Inven2",1,0,1,0,1,0,0,0,0,0
72,1620,2026-01-04 12:33:49,72,,706.0,707.0,0.0,5.07,6.0,6.53,7.4,0.0521676877079468,855515136.0,"Agg, GB2, Inven2",1,0,1,0,1,0,0,0,0,0
72,1680,2026-01-04 12:34:49,72,,617.0,618.0,0.0,4.93,5.69,6.04,7.01,0.0484582532639552,857583616.0,"Agg, GB2, Inven2",1,0,1,0,1,0,0,0,0,0
72,1740,2026-01-04 12:35:49,72,,498.0,499.0,0.0,4.95,5.82,6.05,6.8,0.0390556694928541,857636864.0,"Agg, GB2, Inven2",1,0,1,0,1,0,0,0,0,0
72,1800,2026-01-04 12:36:49,72,,455.0,455.0,0.0,5.03,5.91,6.3,7.29,0.0320501099270428,857640960.0,"Agg, GB2, Inven2",1,0,1,0,1,0,0,0,0,0
