run_time_s,timestamp,config,num_users,target_rpm,actual_rpm,failures,avg_response_time_ms,rt_90,rt_95,rt_99,total_cpu,total_mem
60,2026-01-01 22:23:34,1,,759.0,735.0,0.0,2760.21,4311.9,4995.82,6605.53,0.15653511220859442,2938417152.0
120,2026-01-01 22:24:34,1,,722.0,722.0,0.0,2219.22,2272.0,2391.28,2674.98,0.9651594899180294,3277197312.0
180,2026-01-01 22:25:34,1,,535.0,537.0,0.0,2211.53,2226.55,2276.75,2650.81,0.6880849471519487,2365460480.0
240,2026-01-01 22:26:34,1,,460.0,460.0,0.0,2203.55,2209.68,2231.25,2279.58,0.6255924237939114,2362740736.0
300,2026-01-01 22:27:34,1,,438.0,438.0,0.0,2200.4,2204.01,2209.07,2267.15,0.4908826670688301,2352881664.0
360,2026-01-01 22:28:34,1,,507.0,507.0,0.0,2198.34,2203.56,2206.55,2259.58,0.47004989774485795,2355916800.0
420,2026-01-01 22:29:34,1,,505.0,505.0,0.0,2250.89,2419.82,2573.15,2819.45,0.4138526850987437,2319179776.0
480,2026-01-01 22:30:34,1,,525.0,525.0,0.0,2198.9,2202.32,2204.42,2209.65,0.5266789105202337,2285568000.0
540,2026-01-01 22:31:34,1,,382.0,383.0,0.0,2208.11,2216.76,2220.75,2266.04,0.4575657475108103,2285981696.0
600,2026-01-01 22:32:34,1,,365.0,365.0,0.0,2198.64,2204.18,2207.67,2225.63,0.4462060183309952,2285989888.0
660,2026-01-01 22:33:34,1,,410.0,410.0,0.0,2201.62,2204.76,2218.17,2268.96,0.3623100372026976,2286325760.0
720,2026-01-01 22:34:34,1,,388.0,388.0,0.0,2198.49,2202.17,2206.05,2244.33,0.4012640359271289,2290147328.0
780,2026-01-01 22:35:34,1,,397.0,397.0,0.0,2196.73,2201.84,2203.21,2207.16,0.33813332450758365,2290561024.0
840,2026-01-01 22:36:34,1,,475.0,474.0,0.0,2203.43,2208.99,2213.06,2274.69,0.397343665385046,2290925568.0
900,2026-01-01 22:37:34,1,,452.0,452.0,0.0,2197.18,2200.47,2202.41,2209.82,0.47786952315657116,2290978816.0
960,2026-01-01 22:38:34,1,,447.0,447.0,0.0,2197.67,2200.68,2202.58,2241.15,0.39098077482889315,2291208192.0
1020,2026-01-01 22:39:34,1,,475.0,475.0,0.0,2199.55,2205.01,2207.35,2216.61,0.44275731683425856,2291859456.0
1080,2026-01-01 22:40:34,1,,504.0,504.0,0.0,2197.74,2204.14,2205.92,2216.37,0.4286286191938158,2291769344.0
1140,2026-01-01 22:41:34,1,,508.0,508.0,0.0,2198.39,2204.22,2205.72,2211.18,0.4938083039897534,2291609600.0
1200,2026-01-01 22:42:34,1,,636.0,635.0,0.0,2201.83,2203.23,2207.44,2333.13,0.5190530372753582,2292187136.0
1260,2026-01-01 22:43:34,1,,630.0,630.0,0.0,2199.31,2203.94,2205.76,2216.38,0.5687448216464879,2292400128.0
1320,2026-01-01 22:44:34,1,,715.0,714.0,0.0,2197.63,2202.09,2204.54,2214.9,0.63947050386319,2292371456.0
1380,2026-01-01 22:45:34,1,,757.0,757.0,0.0,2200.83,2205.31,2207.81,2240.48,0.6209584560172419,2292535296.0
1440,2026-01-01 22:46:34,1,,794.0,793.0,0.0,2199.18,2203.93,2207.18,2230.26,0.7440164334112421,2293100544.0
1500,2026-01-01 22:47:34,1,,767.0,768.0,0.0,2199.56,2204.27,2206.26,2212.88,0.7712539376826171,2293227520.0
1560,2026-01-01 22:48:34,1,,800.0,799.0,0.0,2197.58,2203.1,2205.26,2214.07,0.7564146862524382,2293129216.0
1620,2026-01-01 22:49:34,1,,706.0,707.0,0.0,2197.98,2203.07,2204.49,2213.17,0.7655589740358029,2293014528.0
1680,2026-01-01 22:50:34,1,,617.0,618.0,0.0,2199.02,2203.27,2205.68,2221.13,0.6523789494939609,2293084160.0
1740,2026-01-01 22:51:34,1,,498.0,499.0,0.0,2197.97,2203.32,2205.12,2211.91,0.5001914682499625,2293125120.0
1800,2026-01-01 22:52:34,1,,455.0,455.0,0.0,2197.63,2201.81,2203.46,2211.12,0.47496219105237625,2293178368.0
60,2026-01-01 22:55:48,2,,759.0,705.0,0.0,3151.23,7362.86,9983.53,11964.46,0.4356113906960619,3172110336.0
120,2026-01-01 22:56:48,2,,722.0,722.0,0.0,1601.52,1606.97,1610.21,1630.42,0.8188426063445988,3177635840.0
180,2026-01-01 22:57:48,2,,535.0,537.0,0.0,1603.54,1609.88,1612.23,1634.79,0.7070765530164028,2781102080.0
240,2026-01-01 22:58:48,2,,460.0,460.0,0.0,1599.47,1603.64,1606.27,1612.99,0.5717522196751484,2781392896.0
300,2026-01-01 22:59:48,2,,438.0,438.0,0.0,1599.7,1603.18,1605.7,1645.09,0.47473604092829597,2782203904.0
360,2026-01-01 23:00:48,2,,507.0,507.0,0.0,1599.21,1604.89,1606.58,1613.5,0.47195810517246223,2782457856.0
420,2026-01-01 23:01:48,2,,505.0,505.0,0.0,1598.83,1603.54,1604.61,1609.68,0.5020192910363681,2782756864.0
480,2026-01-01 23:02:48,2,,525.0,525.0,0.0,1599.59,1603.48,1605.3,1611.46,0.5134031279648025,2784276480.0
540,2026-01-01 23:03:48,2,,382.0,383.0,0.0,1598.84,1603.16,1604.99,1609.37,0.4564719875354729,2784575488.0
600,2026-01-01 23:04:48,2,,365.0,365.0,0.0,1597.68,1601.33,1602.3,1605.32,0.37363135609203973,2784587776.0
660,2026-01-01 23:05:48,2,,410.0,410.0,0.0,1599.62,1603.73,1605.55,1610.05,0.38238362376115953,2784829440.0
720,2026-01-01 23:06:48,2,,388.0,388.0,0.0,1598.57,1602.19,1604.67,1607.59,0.4023143964447293,2785415168.0
780,2026-01-01 23:07:48,2,,397.0,397.0,0.0,1599.58,1604.59,1606.21,1612.1,0.39255980823619174,2785521664.0
840,2026-01-01 23:08:48,2,,475.0,474.0,0.0,1603.34,1606.48,1610.55,1691.46,0.4269145137426298,2785685504.0
900,2026-01-01 23:09:48,2,,452.0,452.0,0.0,1598.2,1602.19,1604.53,1607.46,0.4577376266572294,2785824768.0
960,2026-01-01 23:10:48,2,,447.0,447.0,0.0,1598.01,1602.06,1604.76,1608.88,0.4402065887719119,2786816000.0
1020,2026-01-01 23:11:48,2,,475.0,475.0,0.0,1600.73,1605.64,1607.69,1612.82,0.45232586327393376,2744279040.0
1080,2026-01-01 23:12:48,2,,504.0,504.0,0.0,1599.49,1603.48,1604.57,1610.71,0.48269458927377185,2744385536.0
1140,2026-01-01 23:13:48,2,,508.0,508.0,0.0,1598.93,1602.64,1604.4,1607.82,0.49355877014460847,2744737792.0
1200,2026-01-01 23:14:48,2,,636.0,635.0,0.0,1598.7,1604.19,1605.4,1608.68,0.5539832453301146,2744881152.0
1260,2026-01-01 23:15:48,2,,630.0,630.0,0.0,1599.91,1604.86,1606.48,1610.53,0.6228147354009472,2745212928.0
1320,2026-01-01 23:16:48,2,,715.0,714.0,0.0,1598.08,1602.76,1605.0,1611.2,0.6640654231763923,2745282560.0
1380,2026-01-01 23:17:48,2,,757.0,757.0,0.0,1601.94,1606.76,1608.32,1612.91,0.7231611451082371,2499198976.0
1440,2026-01-01 23:18:48,2,,794.0,793.0,0.0,1599.54,1604.01,1605.95,1614.18,0.7724665432028497,2500485120.0
1500,2026-01-01 23:19:48,2,,767.0,768.0,0.0,1600.47,1605.11,1607.42,1612.66,0.780414884434309,2500534272.0
1560,2026-01-01 23:20:48,2,,800.0,799.0,0.0,1598.75,1604.15,1607.13,1615.73,0.7832350321203221,2500829184.0
1620,2026-01-01 23:21:48,2,,706.0,707.0,0.0,1599.75,1604.23,1606.33,1614.6,0.7511560219567753,2233827328.0
1680,2026-01-01 23:22:48,2,,617.0,618.0,0.0,1600.3,1604.45,1605.87,1610.4,0.678035396240757,2245525504.0
1740,2026-01-01 23:23:48,2,,498.0,499.0,0.0,1600.08,1603.33,1604.81,1609.35,0.5717690233448864,2148872192.0
1800,2026-01-01 23:24:48,2,,455.0,455.0,0.0,1599.15,1603.18,1604.66,1609.78,0.4833850527145524,2148724736.0
60,2026-01-01 23:28:01,3,,759.0,401.0,401.0,60000.04,60000.54,60000.68,60000.87,0.1832562288841678,2937085952.0
120,2026-01-01 23:29:01,3,,722.0,499.0,499.0,60000.0,60000.54,60000.65,60000.94,0.24503781594447524,2993745920.0
180,2026-01-01 23:30:01,3,,535.0,535.0,535.0,15141.56,60000.01,60000.29,60000.55,0.12760515041490283,2574770176.0
240,2026-01-01 23:31:01,3,,460.0,460.0,460.0,23349.0,60000.11,60000.35,60000.64,0.24317082919405594,2629206016.0
300,2026-01-01 23:32:01,3,,438.0,438.0,438.0,3152.51,2.48,59998.98,60000.1,0.26956002210524505,2635640832.0
360,2026-01-01 23:33:01,3,,507.0,507.0,507.0,18817.9,60000.14,60000.41,60000.66,0.20402059610123202,2649583616.0
420,2026-01-01 23:34:01,3,,505.0,505.0,505.0,25189.23,60000.25,60000.5,60000.89,0.23981885978907144,2642833408.0
480,2026-01-01 23:35:01,3,,525.0,525.0,525.0,45486.11,60000.46,60000.63,60001.19,0.40008545416307756,2655760384.0
540,2026-01-01 23:36:01,3,,382.0,383.0,383.0,58903.2,60000.35,60000.53,60000.83,0.5342961724050543,2672467968.0
600,2026-01-01 23:37:01,3,,365.0,365.0,365.0,59999.81,60000.46,60000.65,60000.93,0.5550016210247563,2672492544.0
660,2026-01-01 23:38:01,3,,410.0,410.0,410.0,59999.8,60000.31,60000.5,60000.75,0.5772948132909393,2632159232.0
720,2026-01-01 23:39:01,3,,388.0,388.0,388.0,59999.84,60000.38,60000.52,60000.76,0.561324313508739,2643410944.0
780,2026-01-01 23:40:01,3,,397.0,397.0,397.0,59999.88,60000.37,60000.61,60001.58,0.5418298104822913,2653347840.0
840,2026-01-01 23:41:01,3,,475.0,474.0,474.0,59999.89,60000.46,60000.58,60000.84,0.5571225128968575,2652971008.0
900,2026-01-01 23:42:01,3,,452.0,452.0,452.0,59999.8,60000.4,60000.54,60000.69,0.5155700794718918,2653204480.0
960,2026-01-01 23:43:01,3,,447.0,447.0,447.0,59999.81,60000.32,60000.53,60000.71,0.5423866466448747,2654363648.0
1020,2026-01-01 23:44:01,3,,475.0,475.0,475.0,59999.78,60000.38,60000.57,60000.77,0.5647252645426001,2656276480.0
1080,2026-01-01 23:45:01,3,,504.0,500.0,500.0,59999.82,60000.37,60000.57,60000.85,0.5797025431264118,2657177600.0
1140,2026-01-01 23:46:01,3,,508.0,499.0,499.0,59999.84,60000.39,60000.6,60000.87,0.5409234376402713,2656526336.0
1200,2026-01-01 23:47:01,3,,636.0,500.0,500.0,59999.83,60000.41,60000.62,60000.99,0.5825311261226803,2657230848.0
1260,2026-01-01 23:48:01,3,,630.0,499.0,499.0,59999.81,60000.43,60000.6,60001.0,0.5624276231790406,2657038336.0
1320,2026-01-01 23:49:01,3,,715.0,544.0,544.0,55036.8,60000.48,60000.58,60000.95,0.5608435330065669,2657382400.0
1380,2026-01-01 23:50:01,3,,757.0,749.0,749.0,37410.46,60000.2,60000.39,60000.68,0.489461248195188,2657021952.0
1440,2026-01-01 23:51:01,3,,794.0,793.0,793.0,33064.98,60000.08,60000.27,60000.72,0.5674570346569419,2657210368.0
1500,2026-01-01 23:52:01,3,,767.0,768.0,768.0,36875.61,60000.26,60000.47,60000.87,0.5664581240930556,2657558528.0
1560,2026-01-01 23:53:01,3,,800.0,799.0,799.0,34694.04,60000.22,60000.43,60000.85,0.5667724627563997,2657554432.0
1620,2026-01-01 23:54:01,3,,706.0,707.0,707.0,40396.52,60000.29,60000.48,60000.89,0.5704685781065908,2657574912.0
1680,2026-01-01 23:55:01,3,,617.0,618.0,618.0,43301.39,60000.38,60000.55,60000.79,0.575507838572171,2657701888.0
1740,2026-01-01 23:56:01,3,,498.0,499.0,499.0,54829.68,60000.37,60000.61,60001.05,0.5570579953903494,2657632256.0
1800,2026-01-01 23:57:01,3,,455.0,265.0,265.0,59546.99,60000.36,60000.53,60000.78,0.5583443910629144,2657722368.0
60,2026-01-02 00:00:43,4,,759.0,500.0,0.0,34594.57,42522.88,46150.07,50864.35,0.38619509145402364,3514740736.0
120,2026-01-02 00:01:43,4,,722.0,588.0,45.0,48607.54,58458.77,60000.35,60000.93,0.6565631749403955,3519299584.0
180,2026-01-02 00:02:43,4,,535.0,496.0,289.0,58396.31,60000.68,60000.84,60001.13,0.5869354683893271,3519909888.0
240,2026-01-02 00:03:43,4,,460.0,460.0,363.0,59475.99,60000.66,60000.79,60001.05,0.5650081703990939,2709733376.0
300,2026-01-02 00:04:43,4,,438.0,438.0,320.0,59268.63,60000.61,60000.77,60001.1,0.5759520290363426,2709848064.0
360,2026-01-02 00:05:43,4,,507.0,496.0,398.0,59492.84,60000.57,60000.66,60001.02,0.568726897708419,2710265856.0
420,2026-01-02 00:06:43,4,,505.0,496.0,486.0,59973.51,60000.57,60000.69,60001.02,0.47726364230733465,2710310912.0
480,2026-01-02 00:07:43,4,,525.0,499.0,499.0,60000.0,60000.61,60000.89,60001.53,0.5598361452958941,2697326592.0
540,2026-01-02 00:08:43,4,,382.0,383.0,379.0,59984.76,60000.51,60000.66,60000.98,0.5687894623188048,2697658368.0
600,2026-01-02 00:09:43,4,,365.0,365.0,237.0,58795.14,60000.35,60000.57,60000.91,0.558288400792206,2697764864.0
660,2026-01-02 00:10:43,4,,410.0,410.0,53.0,53325.63,59999.67,60000.16,60000.78,0.5252806628142318,2609496064.0
720,2026-01-02 00:11:43,4,,388.0,388.0,7.0,46522.05,54378.69,56107.75,60000.11,0.557287374831766,2609889280.0
780,2026-01-02 00:12:43,4,,397.0,397.0,1.0,38536.34,45615.72,48453.81,55202.25,0.5803864197144786,2367528960.0
840,2026-01-02 00:13:43,4,,475.0,474.0,0.0,36649.34,43721.34,45870.67,48476.22,0.5424852818950371,2367688704.0
900,2026-01-02 00:14:43,4,,452.0,452.0,0.0,36709.33,43306.01,46701.1,51866.6,0.47720713385727603,2367811584.0
960,2026-01-02 00:15:43,4,,447.0,447.0,0.0,35557.68,41609.84,43940.36,48976.72,0.5728813712334516,2368118784.0
1020,2026-01-02 00:16:43,4,,475.0,475.0,0.0,34604.65,41435.67,43662.78,47347.24,0.5595132657703438,2368618496.0
1080,2026-01-02 00:17:43,4,,504.0,504.0,0.0,37315.27,44484.5,47302.88,51799.88,0.5715011476136662,2374410240.0
1140,2026-01-02 00:18:43,4,,508.0,508.0,5.0,42832.75,50934.25,53324.29,59131.25,0.4848089173985609,2368385024.0
1200,2026-01-02 00:19:43,4,,636.0,606.0,241.0,55250.18,60000.57,60000.68,60001.01,0.527300261514849,2368831488.0
1260,2026-01-02 00:20:43,4,,630.0,499.0,443.0,59768.33,60000.66,60000.82,60001.18,0.5556003570856394,2368565248.0
1320,2026-01-02 00:21:43,4,,715.0,499.0,497.0,59997.5,60000.64,60000.8,60001.12,0.5635924675879042,2368942080.0
1380,2026-01-02 00:22:43,4,,757.0,500.0,500.0,59999.88,60000.45,60000.59,60000.9,0.5627877284054962,2336051200.0
1440,2026-01-02 00:23:43,4,,794.0,499.0,499.0,59999.9,60000.48,60000.66,60001.4,0.5688038345569324,2336190464.0
1500,2026-01-02 00:24:43,4,,767.0,500.0,500.0,59999.85,60000.5,60000.6,60000.97,0.5803986620361286,2336497664.0
1560,2026-01-02 00:25:43,4,,800.0,499.0,499.0,59999.91,60000.52,60000.69,60000.96,0.4832719055911931,2336497664.0
1620,2026-01-02 00:26:43,4,,706.0,500.0,500.0,59999.92,60000.5,60000.68,60001.33,0.5732476334334026,2336948224.0
1680,2026-01-02 00:27:43,4,,617.0,500.0,500.0,59999.83,60000.42,60000.64,60000.9,0.5737398188352539,2337406976.0
1740,2026-01-02 00:28:43,4,,498.0,480.0,480.0,59999.89,60000.54,60000.73,60000.99,0.5591056566130445,2337497088.0
1800,2026-01-02 00:29:43,4,,455.0,265.0,265.0,59999.88,60000.42,60000.51,60000.75,0.4757455249278638,2337243136.0
60,2026-01-02 00:33:23,5,,759.0,616.0,315.0,10101.76,19887.54,22981.35,24955.29,0.24170675947694487,2486734848.0
120,2026-01-02 00:34:23,5,,722.0,722.0,0.0,3033.17,5901.12,7092.39,10055.01,0.25351049704517536,3632820224.0
180,2026-01-02 00:35:23,5,,535.0,537.0,0.0,2197.12,2202.5,2205.53,2218.6,0.7114184371012573,2940047360.0
240,2026-01-02 00:36:23,5,,460.0,460.0,0.0,2196.87,2201.43,2202.72,2209.03,0.5333346011013418,2947358720.0
300,2026-01-02 00:37:23,5,,438.0,438.0,0.0,2197.27,2201.42,2203.43,2209.47,0.4504429407018351,2970996736.0
360,2026-01-02 00:38:23,5,,507.0,507.0,0.0,2197.44,2201.62,2203.84,2212.11,0.4430213183666496,2615898112.0
420,2026-01-02 00:39:23,5,,505.0,505.0,0.0,2197.62,2201.57,2203.34,2209.93,0.47814186095877165,2616119296.0
480,2026-01-02 00:40:23,5,,525.0,525.0,0.0,2196.03,2201.49,2203.06,2206.13,0.4925444601589577,2616328192.0
540,2026-01-02 00:41:23,5,,382.0,383.0,0.0,2196.32,2200.37,2201.86,2207.05,0.455831909144207,2616438784.0
600,2026-01-02 00:42:23,5,,365.0,365.0,0.0,2194.79,2200.16,2201.98,2208.26,0.34763209113617677,2616487936.0
660,2026-01-02 00:43:23,5,,410.0,410.0,0.0,2196.6,2200.97,2202.53,2206.99,0.3500779755354038,2616557568.0
720,2026-01-02 00:44:23,5,,388.0,388.0,0.0,2196.53,2200.71,2202.52,2206.31,0.3867716187132114,2616950784.0
780,2026-01-02 00:45:23,5,,397.0,397.0,0.0,2197.31,2201.06,2203.04,2226.89,0.3794026411003467,2617364480.0
840,2026-01-02 00:46:23,5,,475.0,474.0,0.0,2196.37,2199.88,2201.76,2208.37,0.39068594621959296,2617659392.0
900,2026-01-02 00:47:23,5,,452.0,452.0,0.0,2196.11,2201.03,2203.13,2206.78,0.43424901392811643,2572709888.0
960,2026-01-02 00:48:23,5,,447.0,447.0,0.0,2196.06,2200.41,2202.8,2207.34,0.4188706092108344,2572775424.0
1020,2026-01-02 00:49:23,5,,475.0,475.0,0.0,2195.87,2199.66,2202.45,2209.63,0.4274464349514117,2573254656.0
1080,2026-01-02 00:50:23,5,,504.0,504.0,0.0,2196.4,2200.43,2202.02,2204.9,0.4417929547823382,2573623296.0
1140,2026-01-02 00:51:23,5,,508.0,508.0,0.0,2196.36,2200.09,2201.69,2205.24,0.467227982682184,2572681216.0
1200,2026-01-02 00:52:23,5,,636.0,635.0,0.0,2196.18,2201.26,2202.59,2207.12,0.4983591945534861,2572984320.0
1260,2026-01-02 00:53:23,5,,630.0,630.0,0.0,2196.87,2201.33,2203.05,2206.01,0.5936134449061237,2572488704.0
1320,2026-01-02 00:54:23,5,,715.0,714.0,0.0,2196.58,2201.47,2203.93,2226.48,0.6083122055883512,2572640256.0
1380,2026-01-02 00:55:23,5,,757.0,757.0,0.0,2198.45,2202.72,2204.38,2211.74,0.629873909141375,2399870976.0
1440,2026-01-02 00:56:23,5,,794.0,793.0,0.0,2197.79,2202.82,2204.68,2209.96,0.7317306673493229,2400210944.0
1500,2026-01-02 00:57:23,5,,767.0,768.0,0.0,2199.29,2203.62,2205.68,2213.06,0.7361271264606691,2400219136.0
1560,2026-01-02 00:58:23,5,,800.0,799.0,0.0,2197.38,2202.43,2204.86,2216.01,0.7478804532819338,2400325632.0
1620,2026-01-02 00:59:23,5,,706.0,707.0,0.0,2199.97,2202.19,2205.93,2363.58,0.7384507129737637,1972252672.0
1680,2026-01-02 01:00:23,5,,617.0,618.0,0.0,2197.68,2201.97,2203.41,2208.8,0.6423111294814448,1972330496.0
1740,2026-01-02 01:01:23,5,,498.0,499.0,0.0,2202.29,2202.37,2207.73,2386.01,0.5547912062152953,1972404224.0
1800,2026-01-02 01:02:23,5,,455.0,455.0,0.0,2196.07,2199.48,2201.16,2204.16,0.46463023001947035,1972633600.0
60,2026-01-02 01:05:36,6,,759.0,737.0,0.0,2091.67,3648.27,4902.57,6441.81,0.4432337004058494,2318815232.0
120,2026-01-02 01:06:36,6,,722.0,722.0,0.0,1591.81,1594.91,1597.84,1629.56,0.7325574712795379,1784819712.0
180,2026-01-02 01:07:36,6,,535.0,537.0,0.0,1592.05,1595.77,1598.74,1611.7,0.6027388217282248,1784516608.0
240,2026-01-02 01:08:36,6,,460.0,460.0,0.0,1590.78,1594.02,1595.31,1600.91,0.5025573557414474,1784770560.0
300,2026-01-02 01:09:36,6,,438.0,438.0,0.0,1590.84,1594.62,1595.72,1599.94,0.3967090919444115,1786466304.0
360,2026-01-02 01:10:36,6,,507.0,507.0,0.0,1588.75,1594.97,1596.47,1599.15,0.3879666753674924,1779691520.0
420,2026-01-02 01:11:36,6,,505.0,505.0,0.0,1591.1,1596.19,1598.33,1604.21,0.4317718367324488,1780269056.0
480,2026-01-02 01:12:36,6,,525.0,525.0,0.0,1591.4,1595.51,1597.43,1602.4,0.44187593645453943,1779978240.0
540,2026-01-02 01:13:36,6,,382.0,383.0,0.0,1590.12,1593.17,1594.09,1596.82,0.4079858541385304,1742204928.0
600,2026-01-02 01:14:36,6,,365.0,365.0,0.0,1589.99,1593.36,1594.96,1599.78,0.3071165600726804,1742307328.0
660,2026-01-02 01:15:36,6,,410.0,410.0,0.0,1591.51,1594.31,1596.0,1613.59,0.2562878611632201,1742426112.0
720,2026-01-02 01:16:36,6,,388.0,388.0,0.0,1589.33,1593.71,1595.13,1600.99,0.3685809192334176,1601900544.0
780,2026-01-02 01:17:36,6,,397.0,397.0,0.0,1590.62,1594.83,1597.42,1604.95,0.329374449183373,1602297856.0
840,2026-01-02 01:18:36,6,,475.0,474.0,0.0,1591.17,1594.13,1595.73,1600.64,0.28510708039782184,1602306048.0
900,2026-01-02 01:19:36,6,,452.0,452.0,0.0,1590.5,1593.27,1595.49,1601.24,0.4006871940525264,1602498560.0
960,2026-01-02 01:20:36,6,,447.0,447.0,0.0,1590.46,1593.07,1595.43,1601.41,0.36300964655609014,1602543616.0
1020,2026-01-02 01:21:36,6,,475.0,475.0,0.0,1590.7,1593.39,1595.17,1599.89,0.3398920362693039,1602785280.0
1080,2026-01-02 01:22:36,6,,504.0,504.0,0.0,1590.62,1595.05,1596.44,1606.18,0.3986162311721716,1602863104.0
1140,2026-01-02 01:23:36,6,,508.0,508.0,0.0,1591.51,1594.52,1596.08,1604.38,0.3834288335600827,1602973696.0
1200,2026-01-02 01:24:36,6,,636.0,635.0,0.0,1590.25,1595.12,1596.76,1603.15,0.43181069057212806,1603076096.0
1260,2026-01-02 01:25:36,6,,630.0,630.0,0.0,1593.51,1595.29,1597.39,1671.14,0.5319724262405991,1603256320.0
1320,2026-01-02 01:26:36,6,,715.0,714.0,0.0,1590.95,1594.02,1596.3,1613.85,0.5514828344792622,1603579904.0
1380,2026-01-02 01:27:36,6,,757.0,757.0,0.0,1593.74,1597.5,1599.47,1625.92,0.593678515061067,1603579904.0
1440,2026-01-02 01:28:36,6,,794.0,793.0,0.0,1591.13,1594.76,1596.71,1620.6,0.6547262164012675,1603608576.0
1500,2026-01-02 01:29:36,6,,767.0,768.0,0.0,1591.89,1595.57,1597.18,1603.08,0.6530265704309883,1603801088.0
1560,2026-01-02 01:30:36,6,,800.0,799.0,0.0,1591.62,1595.41,1597.03,1602.84,0.6505127115291625,1603809280.0
1620,2026-01-02 01:31:36,6,,706.0,707.0,0.0,1591.51,1594.23,1596.21,1614.04,0.6475492666149791,1603764224.0
1680,2026-01-02 01:32:36,6,,617.0,618.0,0.0,1591.2,1594.15,1595.82,1601.78,0.5893515708457278,1603788800.0
1740,2026-01-02 01:33:36,6,,498.0,499.0,0.0,1591.21,1593.74,1596.09,1608.34,0.5103866670295696,1604636672.0
1800,2026-01-02 01:34:36,6,,455.0,455.0,0.0,1589.72,1592.56,1594.38,1600.15,0.40749588773963163,1604677632.0
60,2026-01-02 01:37:48,7,,759.0,728.0,0.0,2437.51,3565.84,5446.25,8150.39,0.45444147564714055,2827485184.0
120,2026-01-02 01:38:48,7,,722.0,722.0,0.0,1905.57,1914.27,1936.77,2001.78,0.847513618753725,2835472384.0
180,2026-01-02 01:39:48,7,,535.0,537.0,0.0,1900.95,1904.18,1928.63,1980.03,0.7033975487955503,2446548992.0
240,2026-01-02 01:40:48,7,,460.0,460.0,0.0,1898.26,1901.7,1904.71,1958.95,0.5278874791375192,2447134720.0
300,2026-01-02 01:41:48,7,,438.0,438.0,0.0,1898.39,1902.34,1903.97,1923.36,0.4558348687295398,2428956672.0
360,2026-01-02 01:42:48,7,,507.0,507.0,0.0,1898.11,1903.14,1905.05,1909.97,0.4639329148670173,2429145088.0
420,2026-01-02 01:43:48,7,,505.0,505.0,0.0,1899.3,1902.87,1904.82,1922.12,0.49813697559309233,2391642112.0
480,2026-01-02 01:44:48,7,,525.0,525.0,0.0,1896.51,1902.59,1904.48,1908.85,0.5029808522657789,2391597056.0
540,2026-01-02 01:45:48,7,,382.0,383.0,0.0,1894.25,1900.93,1903.61,1939.93,0.44410798776464155,2391891968.0
600,2026-01-02 01:46:48,7,,365.0,365.0,0.0,1897.27,1900.12,1902.12,1942.3,0.36647509784693066,2392039424.0
660,2026-01-02 01:47:48,7,,410.0,410.0,0.0,1899.25,1903.89,1905.88,1913.94,0.3809108559317044,2392666112.0
720,2026-01-02 01:48:48,7,,388.0,388.0,0.0,1896.02,1900.53,1903.39,1938.16,0.3982580830976064,2393804800.0
780,2026-01-02 01:49:48,7,,397.0,397.0,0.0,1897.34,1901.37,1904.36,1972.7,0.38518036340610684,2393759744.0
840,2026-01-02 01:50:48,7,,475.0,474.0,0.0,1895.4,1899.39,1901.1,1913.49,0.3998147400816874,2396311552.0
900,2026-01-02 01:51:48,7,,452.0,452.0,0.0,1896.33,1899.97,1901.76,1923.31,0.4259404546555474,2391994368.0
960,2026-01-02 01:52:48,7,,447.0,447.0,0.0,1896.55,1900.96,1903.18,1907.06,0.4212084798337172,2373394432.0
1020,2026-01-02 01:53:48,7,,475.0,475.0,0.0,1895.66,1898.31,1900.96,1940.09,0.42259743579499476,2373713920.0
1080,2026-01-02 01:54:48,7,,504.0,504.0,0.0,1897.3,1901.56,1902.84,1906.7,0.446400769561495,2359103488.0
1140,2026-01-02 01:55:48,7,,508.0,508.0,0.0,1896.85,1902.46,1904.98,1929.88,0.4757777119087928,2359013376.0
1200,2026-01-02 01:56:48,7,,636.0,635.0,0.0,1898.22,1903.19,1906.55,1915.87,0.5366479242204887,2359709696.0
1260,2026-01-02 01:57:48,7,,630.0,630.0,0.0,1899.36,1903.9,1908.18,1959.29,0.6048793868041447,2359443456.0
1320,2026-01-02 01:58:48,7,,715.0,714.0,0.0,1898.96,1902.83,1904.12,1910.62,0.6496982209051652,2359713792.0
1380,2026-01-02 01:59:48,7,,757.0,757.0,0.0,1904.03,1907.1,1931.53,2022.66,0.7083666899804894,2359820288.0
1440,2026-01-02 02:00:48,7,,794.0,793.0,0.0,1897.47,1903.05,1906.18,1935.99,0.7512378001005877,2357665792.0
1500,2026-01-02 02:01:48,7,,767.0,768.0,0.0,1898.87,1902.76,1904.49,1916.54,0.7493978796446981,2357592064.0
1560,2026-01-02 02:02:48,7,,800.0,799.0,0.0,1897.59,1902.0,1903.53,1907.78,0.7508813368281065,2357735424.0
1620,2026-01-02 02:03:48,7,,706.0,707.0,0.0,1898.68,1902.65,1905.18,1909.84,0.7267533939650774,2357608448.0
1680,2026-01-02 02:04:48,7,,617.0,618.0,0.0,1898.16,1902.02,1903.89,1909.49,0.6492148197741261,2357723136.0
1740,2026-01-02 02:05:48,7,,498.0,499.0,0.0,1897.5,1900.98,1902.83,1909.72,0.5532808932933446,2357608448.0
1800,2026-01-02 02:06:48,7,,455.0,455.0,0.0,1896.49,1900.13,1902.13,1911.42,0.45707958614563554,2357751808.0
60,2026-01-02 02:10:01,8,,759.0,728.0,0.0,2698.2,5724.6,6892.3,8797.19,0.371899921087722,2948661248.0
120,2026-01-02 02:11:01,8,,722.0,722.0,0.0,1300.48,1305.03,1308.33,1329.24,0.7205764189530478,2950631424.0
180,2026-01-02 02:12:01,8,,535.0,537.0,0.0,1297.34,1302.44,1305.0,1329.48,0.6931972799571505,2549895168.0
240,2026-01-02 02:13:01,8,,460.0,460.0,0.0,1296.43,1300.04,1301.43,1310.67,0.5588304574561341,2531266560.0
300,2026-01-02 02:14:01,8,,438.0,438.0,0.0,1297.37,1301.75,1303.34,1307.66,0.452443198047595,2507845632.0
360,2026-01-02 02:15:01,8,,507.0,507.0,0.0,1298.7,1302.37,1305.58,1312.79,0.44767512086044625,2508345344.0
420,2026-01-02 02:16:01,8,,505.0,505.0,0.0,1298.01,1301.99,1303.93,1307.74,0.47643247072355394,2508455936.0
480,2026-01-02 02:17:01,8,,525.0,525.0,0.0,1296.98,1301.89,1303.71,1311.65,0.4947139604877085,2508648448.0
540,2026-01-02 02:18:01,8,,382.0,383.0,0.0,1295.08,1299.87,1301.54,1304.98,0.45040073251459395,2508754944.0
600,2026-01-02 02:19:01,8,,365.0,365.0,0.0,1295.34,1297.98,1299.69,1305.06,0.3359018955050911,2367664128.0
660,2026-01-02 02:20:01,8,,410.0,410.0,0.0,1298.96,1303.08,1304.83,1308.61,0.3614742875609396,2367844352.0
720,2026-01-02 02:21:01,8,,388.0,388.0,0.0,1296.21,1300.31,1301.74,1305.83,0.3837744465215214,2368380928.0
780,2026-01-02 02:22:01,8,,397.0,397.0,0.0,1297.59,1301.23,1303.76,1310.41,0.3818096102721443,2368499712.0
840,2026-01-02 02:23:01,8,,475.0,474.0,0.0,1294.7,1298.18,1299.16,1303.48,0.3938476449162651,2368618496.0
900,2026-01-02 02:24:01,8,,452.0,452.0,0.0,1295.49,1298.8,1300.38,1303.8,0.4154428422501384,2193793024.0
960,2026-01-02 02:25:01,8,,447.0,447.0,0.0,1296.35,1300.89,1302.13,1308.04,0.4169570020856684,2194620416.0
1020,2026-01-02 02:26:01,8,,475.0,475.0,0.0,1295.65,1298.82,1300.7,1310.17,0.42573679564281713,2157240320.0
1080,2026-01-02 02:27:01,8,,504.0,504.0,0.0,1297.88,1302.95,1304.27,1319.23,0.44775715675667294,2157277184.0
1140,2026-01-02 02:28:01,8,,508.0,508.0,0.0,1297.08,1303.13,1304.84,1307.35,0.47202209876942247,2157379584.0
1200,2026-01-02 02:29:01,8,,636.0,635.0,0.0,1297.02,1302.94,1306.05,1321.98,0.5270858328497537,2157924352.0
1260,2026-01-02 02:30:01,8,,630.0,630.0,0.0,1298.99,1302.72,1304.81,1308.39,0.6112894164084999,2156134400.0
1320,2026-01-02 02:31:01,8,,715.0,714.0,0.0,1298.11,1301.89,1304.16,1309.89,0.6419333677195989,2156056576.0
1380,2026-01-02 02:32:01,8,,757.0,757.0,0.0,1299.63,1304.14,1305.93,1313.02,0.6950486193086494,2156105728.0
1440,2026-01-02 02:33:01,8,,794.0,793.0,0.0,1298.42,1302.04,1304.7,1313.38,0.7505374664551067,2156158976.0
1500,2026-01-02 02:34:01,8,,767.0,768.0,0.0,1298.99,1303.3,1305.53,1314.73,0.7524852354732796,2156056576.0
1560,2026-01-02 02:35:01,8,,800.0,799.0,0.0,1297.87,1302.45,1304.47,1309.85,0.753699442530372,2156449792.0
1620,2026-01-02 02:36:01,8,,706.0,707.0,0.0,1298.99,1302.61,1304.25,1315.59,0.7399353462023404,2156466176.0
1680,2026-01-02 02:37:01,8,,617.0,618.0,0.0,1298.47,1302.88,1305.46,1322.34,0.6748833795307447,2159181824.0
1740,2026-01-02 02:38:01,8,,498.0,499.0,0.0,1296.21,1301.95,1303.64,1307.82,0.5843100676831332,2159333376.0
1800,2026-01-02 02:39:01,8,,455.0,455.0,0.0,1296.11,1299.85,1301.82,1307.57,0.47010095032569355,2159443968.0
60,2026-01-02 02:42:14,9,,759.0,551.0,0.0,23994.76,32312.82,34243.23,39000.23,0.3649487546997183,3249442816.0
120,2026-01-02 02:43:14,9,,722.0,608.0,0.0,37246.32,45318.4,47419.29,52285.23,0.6630370823209046,3291660288.0
180,2026-01-02 02:44:14,9,,535.0,506.0,2.0,46509.68,53194.09,55577.83,57786.18,0.6912533609314079,2844475392.0
240,2026-01-02 02:45:14,9,,460.0,460.0,7.0,46849.32,53630.94,55408.21,60000.21,0.5686078811507357,2830491648.0
300,2026-01-02 02:46:14,9,,438.0,438.0,0.0,42818.55,49788.02,51470.6,54006.72,0.5330119872970084,2831319040.0
360,2026-01-02 02:47:14,9,,507.0,507.0,0.0,41389.79,47624.77,50240.05,53259.04,0.603241814498578,2795642880.0
420,2026-01-02 02:48:14,9,,505.0,505.0,1.0,43949.14,50307.19,52384.64,56242.01,0.6068099835917937,2796441600.0
480,2026-01-02 02:49:14,9,,525.0,516.0,5.0,47414.87,53843.71,56003.93,59751.27,0.6005699485235435,2606854144.0
540,2026-01-02 02:50:14,9,,382.0,383.0,3.0,42184.71,50368.39,53046.36,56688.03,0.6111465767760835,2606845952.0
600,2026-01-02 02:51:14,9,,365.0,365.0,0.0,26206.33,36286.16,38368.58,41250.03,0.6033941390806999,2607099904.0
660,2026-01-02 02:52:14,9,,410.0,410.0,0.0,8140.85,13607.14,14491.38,16057.59,0.5313599409652906,2606624768.0
720,2026-01-02 02:53:14,9,,388.0,388.0,0.0,4706.06,5001.42,5503.04,6068.88,0.505716203743594,2608570368.0
780,2026-01-02 02:54:14,9,,397.0,397.0,0.0,4646.86,4807.04,4851.57,4960.37,0.5301734721944463,2610745344.0
840,2026-01-02 02:55:14,9,,475.0,474.0,0.0,5829.22,6273.49,6373.3,6592.72,0.5112994772852542,2611306496.0
900,2026-01-02 02:56:14,9,,452.0,452.0,0.0,5431.34,5918.1,6007.79,6211.4,0.5380757412628432,2611535872.0
960,2026-01-02 02:57:14,9,,447.0,447.0,0.0,5308.63,5767.29,5887.98,6126.51,0.5271843446003461,2611335168.0
1020,2026-01-02 02:58:14,9,,475.0,475.0,0.0,5484.88,6094.5,6238.23,6472.73,0.53405441120997,2611372032.0
1080,2026-01-02 02:59:14,9,,504.0,504.0,0.0,8020.76,10201.82,10684.0,11559.74,0.505875570621587,2611466240.0
1140,2026-01-02 03:00:14,9,,508.0,508.0,0.0,12958.98,15927.53,17317.99,21765.62,0.5775707055540774,2611908608.0
1200,2026-01-02 03:01:14,9,,636.0,635.0,0.0,28510.45,38342.24,40351.02,45300.42,0.5523664088778235,2612383744.0
1260,2026-01-02 03:02:14,9,,630.0,606.0,13.0,46408.7,55908.3,57111.9,60000.28,0.6081667128796764,2613059584.0
1320,2026-01-02 03:03:14,9,,715.0,544.0,218.0,57231.71,60000.64,60000.8,60001.06,0.5888919197099559,2610589696.0
1380,2026-01-02 03:04:14,9,,757.0,511.0,400.0,59398.68,60000.72,60000.85,60001.19,0.5397027961100248,2594922496.0
1440,2026-01-02 03:05:14,9,,794.0,501.0,450.0,59817.95,60000.61,60000.78,60001.5,0.5870170527374315,2595475456.0
1500,2026-01-02 03:06:14,9,,767.0,501.0,491.0,59970.14,60000.55,60000.69,60001.05,0.5985488434323739,2595221504.0
1560,2026-01-02 03:07:14,9,,800.0,500.0,498.0,59998.28,60000.53,60000.65,60000.91,0.5850240078380506,2595364864.0
1620,2026-01-02 03:08:14,9,,706.0,500.0,497.0,59991.86,60000.59,60000.78,60001.07,0.5967280711764529,2595651584.0
1680,2026-01-02 03:09:14,9,,617.0,500.0,500.0,59999.9,60000.46,60000.67,60001.05,0.6022534776459875,2595495936.0
1740,2026-01-02 03:10:14,9,,498.0,494.0,494.0,59999.94,60000.52,60000.63,60000.88,0.614918252001491,2595733504.0
1800,2026-01-02 03:11:14,9,,455.0,265.0,265.0,59999.9,60000.46,60000.62,60000.88,0.5478944226233964,2595717120.0
60,2026-01-02 03:14:55,10,,759.0,568.0,0.0,21149.92,29237.04,31955.96,36284.25,0.35155272364027135,3025100800.0
120,2026-01-02 03:15:55,10,,722.0,608.0,0.0,35701.29,44636.0,47270.83,51918.56,0.7171669207918094,3061014528.0
180,2026-01-02 03:16:55,10,,535.0,506.0,2.0,44789.13,51423.47,54230.11,58902.83,0.6389865316001301,2365214720.0
240,2026-01-02 03:17:55,10,,460.0,457.0,4.0,44959.23,51644.73,53759.67,58753.27,0.6042623448425848,2365849600.0
300,2026-01-02 03:18:55,10,,438.0,438.0,0.0,40495.38,47653.96,50036.34,53315.45,0.5978321732487119,2366267392.0
360,2026-01-02 03:19:55,10,,507.0,507.0,1.0,39332.84,46692.24,48900.57,54756.91,0.5965247721227737,2366996480.0
420,2026-01-02 03:20:55,10,,505.0,505.0,0.0,40704.08,47129.4,49636.94,53011.33,0.5992049079732561,2367422464.0
480,2026-01-02 03:21:55,10,,525.0,525.0,1.0,43331.3,49766.33,51972.47,56243.67,0.5953896872118192,2367287296.0
540,2026-01-02 03:22:55,10,,382.0,383.0,2.0,39390.98,47779.81,49934.15,55417.43,0.5956148052738386,2367524864.0
600,2026-01-02 03:23:55,10,,365.0,365.0,0.0,22451.54,32723.79,35457.13,39713.49,0.5840531478799508,2367815680.0
660,2026-01-02 03:24:55,10,,410.0,410.0,0.0,5330.63,8489.52,9313.21,10173.66,0.5273564806445656,2368217088.0
720,2026-01-02 03:25:55,10,,388.0,388.0,0.0,4015.57,4214.23,4313.83,4568.71,0.49398857671433977,2369892352.0
780,2026-01-02 03:26:55,10,,397.0,397.0,0.0,4047.84,4264.64,4347.76,4489.81,0.5015635983574226,2370494464.0
840,2026-01-02 03:27:55,10,,475.0,474.0,0.0,4802.1,5179.3,5370.35,5949.73,0.5065206364848485,2370908160.0
900,2026-01-02 03:28:55,10,,452.0,452.0,0.0,4760.22,5364.77,5663.45,6058.4,0.5125294428525253,2370576384.0
960,2026-01-02 03:29:55,10,,447.0,447.0,0.0,4563.7,4815.97,4883.61,4992.14,0.5099903035408169,2370605056.0
1020,2026-01-02 03:30:55,10,,475.0,475.0,0.0,5156.19,5716.9,5829.9,6084.7,0.5099773574602664,2370969600.0
1080,2026-01-02 03:31:55,10,,504.0,504.0,0.0,6741.73,8525.61,8995.78,9754.71,0.5290015919076226,2370891776.0
1140,2026-01-02 03:32:55,10,,508.0,508.0,0.0,12998.0,17464.57,19700.44,24450.85,0.5527821047018054,2371166208.0
1200,2026-01-02 03:33:55,10,,636.0,635.0,0.0,30058.53,40180.76,42918.86,47659.16,0.5746998960551606,2372624384.0
1260,2026-01-02 03:34:55,10,,630.0,587.0,12.0,46655.35,54408.6,56914.42,60000.49,0.5848294842752676,2371813376.0
1320,2026-01-02 03:35:55,10,,715.0,557.0,235.0,57076.02,60000.61,60000.75,60001.04,0.5765462511616259,2373656576.0
1380,2026-01-02 03:36:55,10,,757.0,513.0,380.0,59258.58,60000.63,60000.79,60001.01,0.5712379215175787,2373509120.0
1440,2026-01-02 03:37:55,10,,794.0,499.0,453.0,59804.44,60000.59,60000.71,60001.13,0.578566872414332,2373324800.0
1500,2026-01-02 03:38:55,10,,767.0,500.0,480.0,59933.71,60000.56,60000.64,60001.16,0.5829267948899808,2373812224.0
1560,2026-01-02 03:39:55,10,,800.0,500.0,498.0,59995.78,60000.54,60000.69,60000.95,0.5756533809037262,2373193728.0
1620,2026-01-02 03:40:55,10,,706.0,499.0,499.0,59999.94,60000.49,60000.64,60000.94,0.5730117171919991,2373255168.0
1680,2026-01-02 03:41:55,10,,617.0,499.0,499.0,59999.86,60000.45,60000.57,60001.01,0.5760436833030496,2369069056.0
1740,2026-01-02 03:42:55,10,,498.0,492.0,492.0,59999.9,60000.5,60000.63,60000.89,0.5847665384439611,2369454080.0
1800,2026-01-02 03:43:55,10,,455.0,265.0,265.0,59999.97,60000.57,60000.74,60001.63,0.5843398900419814,2369404928.0
60,2026-01-02 13:36:02,11,,759.0,426.0,392.0,55025.66,60000.39,60000.56,60000.95,0.24784914611855768,2349551616.0
120,2026-01-02 13:37:02,11,,722.0,506.0,458.0,59555.67,60000.56,60000.76,60001.18,0.4632870074721691,2483507200.0
180,2026-01-02 13:38:02,11,,535.0,499.0,499.0,59999.87,60000.45,60000.63,60000.94,0.48929276787690723,2306543616.0
240,2026-01-02 13:39:02,11,,460.0,458.0,458.0,59999.82,60000.33,60000.56,60001.11,0.5503731284687174,2344722432.0
300,2026-01-02 13:40:02,11,,438.0,438.0,438.0,59999.79,60000.33,60000.56,60000.88,0.5529263334732142,2363641856.0
360,2026-01-02 13:41:02,11,,507.0,500.0,500.0,59999.75,60000.25,60000.39,60000.83,0.5502583840363926,2368802816.0
420,2026-01-02 13:42:02,11,,505.0,499.0,499.0,59999.74,60000.25,60000.38,60000.72,0.5529019461521719,2367918080.0
480,2026-01-02 13:43:02,11,,525.0,499.0,363.0,58175.55,60000.24,60000.48,60000.8,0.6539285813931197,2372898816.0
540,2026-01-02 13:44:02,11,,382.0,383.0,10.0,33430.63,53574.23,55431.62,59999.57,0.7620697634407365,2373410816.0
600,2026-01-02 13:45:02,11,,365.0,365.0,0.0,4299.2,11324.36,15200.84,18324.42,0.854429782677527,2323841024.0
660,2026-01-02 13:46:02,11,,410.0,410.0,0.0,1914.56,1939.14,2034.6,2296.41,0.4759475609460544,2328051712.0
720,2026-01-02 13:47:02,11,,388.0,388.0,0.0,1906.66,1926.48,1989.29,2114.01,0.40071329161856606,2141839360.0
780,2026-01-02 13:48:02,11,,397.0,397.0,0.0,1907.32,1943.8,1993.16,2077.19,0.45036213664739566,2153517056.0
840,2026-01-02 13:49:02,11,,475.0,474.0,0.0,1909.4,1979.11,2049.88,2188.74,0.4832726509654054,2156302336.0
900,2026-01-02 13:50:02,11,,452.0,452.0,0.0,1914.43,1973.37,2025.26,2160.36,0.4547236700691433,2157322240.0
960,2026-01-02 13:51:02,11,,447.0,447.0,0.0,1899.88,1918.25,1944.11,1980.84,0.47016915495558964,2040745984.0
1020,2026-01-02 13:52:02,11,,475.0,475.0,0.0,1896.9,1901.01,1966.04,2075.03,0.4590659089491983,2041565184.0
1080,2026-01-02 13:53:02,11,,504.0,504.0,0.0,1905.61,1935.4,2007.17,2138.43,0.4427045252155377,2042097664.0
1140,2026-01-02 13:54:02,11,,508.0,508.0,0.0,1902.38,1900.0,1907.67,2160.62,0.4640388827129412,2046726144.0
1200,2026-01-02 13:55:02,11,,636.0,635.0,0.0,1893.79,1898.76,1901.08,1924.66,0.514864863165944,2048364544.0
1260,2026-01-02 13:56:02,11,,630.0,630.0,0.0,1894.42,1898.64,1900.44,1929.56,0.5482251508406607,2048610304.0
1320,2026-01-02 13:57:02,11,,715.0,714.0,0.0,1894.72,1897.99,1899.8,1911.63,0.5318023036704966,2048724992.0
1380,2026-01-02 13:58:02,11,,757.0,757.0,0.0,1895.26,1900.11,1901.69,1907.28,0.6440426508869017,2048782336.0
1440,2026-01-02 13:59:02,11,,794.0,793.0,0.0,1894.46,1898.93,1900.38,1907.21,0.6899776161954914,2049032192.0
1500,2026-01-02 14:00:02,11,,767.0,768.0,0.0,1895.94,1899.87,1901.52,1924.94,0.7057537665618976,2048929792.0
1560,2026-01-02 14:01:02,11,,800.0,799.0,0.0,1893.68,1899.14,1900.29,1903.68,0.7087261490299943,2042892288.0
1620,2026-01-02 14:02:02,11,,706.0,707.0,0.0,1895.09,1899.17,1900.89,1905.61,0.6889397227626124,2042949632.0
1680,2026-01-02 14:03:02,11,,617.0,618.0,0.0,1896.39,1899.36,1901.59,1949.45,0.6074428211273658,2042925056.0
1740,2026-01-02 14:04:02,11,,498.0,499.0,0.0,1893.61,1898.38,1900.7,1912.21,0.540778782131689,2043125760.0
1800,2026-01-02 14:05:02,11,,455.0,455.0,0.0,1893.41,1897.0,1898.1,1902.35,0.4537660721655994,2042777600.0
60,2026-01-02 14:08:16,12,,759.0,723.0,0.0,2308.61,5722.12,7273.74,9979.9,0.38863967085182033,2711527424.0
120,2026-01-02 14:09:16,12,,722.0,722.0,0.0,1294.11,1297.87,1300.09,1325.55,0.6593697031404533,2716553216.0
180,2026-01-02 14:10:16,12,,535.0,537.0,0.0,1293.62,1297.73,1300.57,1313.41,0.6308205471793475,2085801984.0
240,2026-01-02 14:11:16,12,,460.0,460.0,0.0,1292.28,1295.49,1297.77,1305.03,0.463488853058134,2090786816.0
300,2026-01-02 14:12:16,12,,438.0,438.0,0.0,1292.73,1296.86,1298.41,1302.0,0.40649341967186603,2054258688.0
360,2026-01-02 14:13:16,12,,507.0,507.0,0.0,1291.77,1297.35,1299.11,1304.15,0.4202341933454405,2054443008.0
420,2026-01-02 14:14:16,12,,505.0,505.0,0.0,1296.23,1298.31,1302.03,1407.4,0.46567042425775956,2054754304.0
480,2026-01-02 14:15:16,12,,525.0,525.0,0.0,1292.99,1297.22,1299.43,1303.79,0.4579535755614,2055090176.0
540,2026-01-02 14:16:16,12,,382.0,383.0,0.0,1291.08,1295.92,1297.63,1302.92,0.41418048066591734,2055233536.0
600,2026-01-02 14:17:16,12,,365.0,365.0,0.0,1292.03,1296.28,1297.37,1300.85,0.3478640786855455,2055438336.0
660,2026-01-02 14:18:16,12,,410.0,410.0,0.0,1293.33,1297.25,1299.28,1305.26,0.2910146495729448,2057252864.0
720,2026-01-02 14:19:16,12,,388.0,388.0,0.0,1292.23,1296.17,1297.81,1301.02,0.34873710476360986,1916252160.0
780,2026-01-02 14:20:16,12,,397.0,397.0,0.0,1292.24,1295.74,1296.85,1299.58,0.33883684036332273,1916403712.0
840,2026-01-02 14:21:16,12,,475.0,474.0,0.0,1291.05,1294.4,1295.56,1300.07,0.37449470196573775,1916780544.0
900,2026-01-02 14:22:16,12,,452.0,452.0,0.0,1291.12,1294.59,1295.85,1301.48,0.3926856723499482,1916833792.0
960,2026-01-02 14:23:16,12,,447.0,447.0,0.0,1294.82,1296.82,1302.13,1389.39,0.35083272529999554,1917210624.0
1020,2026-01-02 14:24:16,12,,475.0,475.0,0.0,1292.41,1296.27,1299.42,1308.73,0.39626262905588727,1582170112.0
1080,2026-01-02 14:25:16,12,,504.0,504.0,0.0,1293.49,1297.85,1300.83,1309.54,0.42176962079204217,1583525888.0
1140,2026-01-02 14:26:16,12,,508.0,508.0,0.0,1292.18,1297.9,1301.31,1309.06,0.40999032092447163,1583779840.0
1200,2026-01-02 14:27:16,12,,636.0,635.0,0.0,1294.38,1298.42,1301.87,1312.18,0.4912811961786494,1584009216.0
1260,2026-01-02 14:28:16,12,,630.0,630.0,0.0,1293.96,1297.91,1300.56,1311.2,0.5021611096591935,1584078848.0
1320,2026-01-02 14:29:16,12,,715.0,714.0,0.0,1292.14,1295.61,1298.5,1309.08,0.5822164767489687,1584021504.0
1380,2026-01-02 14:30:16,12,,757.0,757.0,0.0,1294.97,1298.88,1301.91,1315.55,0.6022587527093305,1584189440.0
1440,2026-01-02 14:31:16,12,,794.0,793.0,0.0,1292.36,1297.84,1300.49,1313.15,0.6719503675697696,1584218112.0
1500,2026-01-02 14:32:16,12,,767.0,768.0,0.0,1294.99,1298.84,1302.73,1313.9,0.7049491597649433,1584398336.0
1560,2026-01-02 14:33:16,12,,800.0,799.0,0.0,1293.5,1297.49,1300.47,1309.4,0.6907682017767213,1584226304.0
1620,2026-01-02 14:34:16,12,,706.0,707.0,0.0,1293.81,1297.27,1301.87,1312.04,0.6282038492565376,1585324032.0
1680,2026-01-02 14:35:16,12,,617.0,618.0,0.0,1293.81,1298.11,1301.2,1308.97,0.5882566249009777,1585430528.0
1740,2026-01-02 14:36:16,12,,498.0,499.0,0.0,1294.13,1298.7,1301.32,1307.44,0.47623881919795136,1584971776.0
1800,2026-01-02 14:37:16,12,,455.0,455.0,0.0,1292.48,1296.08,1299.4,1307.19,0.4309790759292374,1585078272.0
60,2026-01-02 14:40:29,13,,759.0,707.0,0.0,2975.83,6326.27,9054.25,11325.11,0.08559112108475243,2377687040.0
120,2026-01-02 14:41:29,13,,722.0,722.0,0.0,1801.52,1807.02,1812.67,1826.41,1.225476008312776,3023028224.0
180,2026-01-02 14:42:29,13,,535.0,537.0,0.0,1796.81,1804.71,1806.45,1815.07,0.7520683518733675,2643910656.0
240,2026-01-02 14:43:29,13,,460.0,460.0,0.0,1797.45,1802.21,1804.43,1813.52,0.5437144782860354,2646921216.0
300,2026-01-02 14:44:29,13,,438.0,438.0,0.0,1797.45,1802.66,1805.27,1812.27,0.4700002597468479,2647900160.0
360,2026-01-02 14:45:29,13,,507.0,507.0,0.0,1800.74,1806.14,1808.62,1813.74,0.45349117613974377,2648268800.0
420,2026-01-02 14:46:29,13,,505.0,505.0,0.0,1802.96,1808.98,1811.67,1817.19,0.5255308752205763,2648965120.0
480,2026-01-02 14:47:29,13,,525.0,525.0,0.0,1800.33,1807.75,1811.48,1817.65,0.5543284023885847,2491072512.0
540,2026-01-02 14:48:29,13,,382.0,383.0,0.0,1799.3,1803.89,1807.06,1814.77,0.4995482491225007,2491125760.0
600,2026-01-02 14:49:29,13,,365.0,365.0,0.0,1798.2,1802.52,1807.09,1814.13,0.37532349048144836,2491269120.0
660,2026-01-02 14:50:29,13,,410.0,410.0,0.0,1798.72,1803.3,1806.42,1812.24,0.3470091217370669,2491592704.0
720,2026-01-02 14:51:29,13,,388.0,388.0,0.0,1799.3,1803.85,1807.17,1814.5,0.43210351729263563,2492743680.0
780,2026-01-02 14:52:29,13,,397.0,397.0,0.0,1799.32,1804.12,1806.84,1813.97,0.38752847120572,2492903424.0
840,2026-01-02 14:53:29,13,,475.0,474.0,0.0,1796.89,1801.09,1803.1,1811.05,0.3760348775720468,2200240128.0
900,2026-01-02 14:54:29,13,,452.0,452.0,0.0,1797.5,1801.67,1804.12,1811.44,0.4524067069179109,2201640960.0
960,2026-01-02 14:55:29,13,,447.0,447.0,0.0,1797.89,1802.74,1807.53,1814.25,0.4280756059711101,2092359680.0
1020,2026-01-02 14:56:29,13,,475.0,475.0,0.0,1797.48,1801.95,1805.38,1813.75,0.43667229379703687,2092462080.0
1080,2026-01-02 14:57:29,13,,504.0,504.0,0.0,1800.48,1806.84,1808.81,1820.42,0.45885926953093703,2092564480.0
1140,2026-01-02 14:58:29,13,,508.0,508.0,0.0,1800.94,1805.84,1809.17,1815.98,0.4626188511727508,2092941312.0
1200,2026-01-02 14:59:29,13,,636.0,635.0,0.0,1801.27,1806.07,1810.83,1819.52,0.4915359495624072,2092990464.0
1260,2026-01-02 15:00:29,13,,630.0,630.0,0.0,1800.28,1805.14,1807.64,1816.13,0.5679060420862829,2093199360.0
1320,2026-01-02 15:01:29,13,,715.0,714.0,0.0,1799.64,1804.38,1808.15,1816.88,0.5904732884473567,2093293568.0
1380,2026-01-02 15:02:29,13,,757.0,757.0,0.0,1802.62,1807.39,1810.99,1819.7,0.7198183615956846,2093707264.0
1440,2026-01-02 15:03:29,13,,794.0,793.0,0.0,1800.47,1805.52,1809.7,1830.31,0.7811316081746142,2093608960.0
1500,2026-01-02 15:04:29,13,,767.0,768.0,0.0,1802.77,1806.9,1810.94,1820.73,0.7917253323973196,2093625344.0
1560,2026-01-02 15:05:29,13,,800.0,799.0,0.0,1798.04,1804.74,1806.71,1825.43,0.7898710116028722,2093916160.0
1620,2026-01-02 15:06:29,13,,706.0,707.0,0.0,1799.51,1803.2,1806.07,1817.63,0.7694337652101473,2093977600.0
1680,2026-01-02 15:07:29,13,,617.0,618.0,0.0,1800.4,1804.8,1808.51,1816.54,0.681046436355067,2093707264.0
1740,2026-01-02 15:08:29,13,,498.0,499.0,0.0,1798.81,1803.8,1809.08,1817.87,0.5633978174673338,2093867008.0
1800,2026-01-02 15:09:29,13,,455.0,455.0,0.0,1797.79,1800.44,1804.45,1815.06,0.4849926802058616,2093780992.0
60,2026-01-02 15:12:42,14,,759.0,745.0,0.0,1767.07,3742.59,4343.73,5192.42,0.4844449743563587,2462044160.0
120,2026-01-02 15:13:42,14,,722.0,722.0,0.0,1195.93,1200.35,1203.35,1215.28,0.7526637055360448,2046210048.0
180,2026-01-02 15:14:42,14,,535.0,537.0,0.0,1194.62,1201.48,1207.43,1230.04,0.5515094175177422,2046038016.0
240,2026-01-02 15:15:42,14,,460.0,460.0,0.0,1194.65,1198.79,1202.07,1209.61,0.520406055671566,2043842560.0
300,2026-01-02 15:16:42,14,,438.0,438.0,0.0,1195.12,1199.71,1203.14,1209.73,0.37573450588532653,2044928000.0
360,2026-01-02 15:17:42,14,,507.0,507.0,0.0,1196.85,1202.3,1205.55,1215.23,0.3477385337657869,2044944384.0
420,2026-01-02 15:18:42,14,,505.0,505.0,0.0,1195.21,1200.52,1203.11,1211.63,0.49009375651662945,1965801472.0
480,2026-01-02 15:19:42,14,,525.0,525.0,0.0,1195.17,1200.39,1203.72,1212.31,0.42246438864275637,1842855936.0
540,2026-01-02 15:20:42,14,,382.0,383.0,0.0,1195.21,1200.64,1203.26,1211.9,0.46384009023721273,1843068928.0
600,2026-01-02 15:21:42,14,,365.0,365.0,0.0,1195.72,1200.02,1205.11,1235.39,0.36259587909078866,1843150848.0
660,2026-01-02 15:22:42,14,,410.0,410.0,0.0,1195.99,1200.25,1203.64,1212.3,0.3336606365888562,1843195904.0
720,2026-01-02 15:23:42,14,,388.0,388.0,0.0,1197.11,1201.25,1204.71,1213.3,0.3821977272083497,1844084736.0
780,2026-01-02 15:24:42,14,,397.0,397.0,0.0,1196.07,1200.08,1202.99,1210.46,0.37277810652678656,1844125696.0
840,2026-01-02 15:25:42,14,,475.0,474.0,0.0,1194.22,1198.77,1201.78,1210.46,0.3975344487192229,1844719616.0
900,2026-01-02 15:26:42,14,,452.0,452.0,0.0,1194.12,1197.98,1200.2,1209.79,0.3781963803715511,1844711424.0
960,2026-01-02 15:27:42,14,,447.0,447.0,0.0,1194.53,1198.33,1202.38,1212.34,0.4087186760103864,1844719616.0
1020,2026-01-02 15:28:42,14,,475.0,475.0,0.0,1194.23,1197.51,1201.29,1211.32,0.4107369714872585,1844973568.0
1080,2026-01-02 15:29:42,14,,504.0,504.0,0.0,1194.42,1200.17,1201.91,1211.14,0.44303967095353536,1845186560.0
1140,2026-01-02 15:30:42,14,,508.0,508.0,0.0,1197.45,1201.78,1204.91,1221.36,0.4742449218445574,1845452800.0
1200,2026-01-02 15:31:42,14,,636.0,635.0,0.0,1195.25,1201.97,1204.9,1212.87,0.5234675924875107,1845497856.0
1260,2026-01-02 15:32:42,14,,630.0,630.0,0.0,1196.84,1201.67,1204.25,1211.98,0.5315785713313785,1845501952.0
1320,2026-01-02 15:33:42,14,,715.0,714.0,0.0,1198.77,1199.85,1207.84,1298.49,0.6180605681461342,1845755904.0
1380,2026-01-02 15:34:42,14,,757.0,757.0,0.0,1198.53,1202.48,1205.13,1212.51,0.6785484563308222,1845870592.0
1440,2026-01-02 15:35:42,14,,794.0,793.0,0.0,1195.72,1201.51,1204.6,1214.36,0.7320586469566202,1844858880.0
1500,2026-01-02 15:36:42,14,,767.0,768.0,0.0,1198.97,1204.53,1209.66,1265.74,0.74038478930333,1845018624.0
1560,2026-01-02 15:37:42,14,,800.0,799.0,0.0,1196.21,1201.56,1205.23,1217.01,0.7434544326147897,1845116928.0
1620,2026-01-02 15:38:42,14,,706.0,707.0,0.0,1195.94,1199.86,1202.91,1214.71,0.7045172126905563,1844834304.0
1680,2026-01-02 15:39:42,14,,617.0,618.0,0.0,1196.28,1201.47,1205.22,1212.35,0.623832552204767,1844826112.0
1740,2026-01-02 15:40:42,14,,498.0,499.0,0.0,1194.56,1200.51,1204.32,1245.17,0.5611711204487385,1844846592.0
1800,2026-01-02 15:41:42,14,,455.0,455.0,0.0,1193.77,1197.19,1198.34,1204.1,0.4487215297370555,1844592640.0
60,2026-01-02 15:44:52,15,,759.0,401.0,401.0,60000.02,60000.55,60000.69,60001.01,0.202845190257874,2840948736.0
120,2026-01-02 15:45:52,15,,722.0,499.0,499.0,60000.08,60000.6,60000.72,60001.05,0.26752242422654415,2875154432.0
180,2026-01-02 15:46:52,15,,535.0,535.0,535.0,16823.74,60000.13,60000.41,60000.7,0.14539278567715205,2516410368.0
240,2026-01-02 15:47:52,15,,460.0,460.0,460.0,21653.35,60000.02,60000.26,60000.56,0.264288988616447,2595893248.0
300,2026-01-02 15:48:52,15,,438.0,438.0,438.0,4248.41,2.71,59999.59,60000.34,0.2608037331946187,2599596032.0
360,2026-01-02 15:49:52,15,,507.0,507.0,507.0,20237.93,60000.09,60000.33,60000.74,0.21913947348216065,2608058368.0
420,2026-01-02 15:50:52,15,,505.0,505.0,505.0,28991.05,60000.21,60000.46,60001.09,0.3178055133831065,2611531776.0
480,2026-01-02 15:51:52,15,,525.0,525.0,525.0,48343.18,60000.44,60000.58,60000.81,0.427333874601203,2622681088.0
540,2026-01-02 15:52:52,15,,382.0,383.0,383.0,59843.16,60000.39,60000.55,60001.09,0.5336836128135384,2629517312.0
600,2026-01-02 15:53:52,15,,365.0,365.0,365.0,59999.83,60000.32,60000.5,60000.82,0.5619646355399803,2617249792.0
660,2026-01-02 15:54:52,15,,410.0,410.0,410.0,59999.85,60000.39,60000.63,60000.96,0.5761844035910443,2626326528.0
720,2026-01-02 15:55:52,15,,388.0,388.0,388.0,59999.83,60000.41,60000.56,60000.74,0.5644024190912983,2635063296.0
780,2026-01-02 15:56:52,15,,397.0,397.0,397.0,59999.89,60000.41,60000.6,60001.38,0.547085595589938,2535260160.0
840,2026-01-02 15:57:52,15,,475.0,474.0,474.0,59999.78,60000.45,60000.6,60001.06,0.5699241113464864,2535972864.0
900,2026-01-02 15:58:52,15,,452.0,452.0,452.0,59999.88,60000.48,60000.64,60000.89,0.5818880891651422,2422435840.0
960,2026-01-02 15:59:52,15,,447.0,447.0,447.0,59999.89,60000.47,60000.59,60000.79,0.5755047825867222,2422906880.0
1020,2026-01-02 16:00:52,15,,475.0,475.0,475.0,59999.92,60000.48,60000.6,60001.07,0.5877623766790034,2281062400.0
1080,2026-01-02 16:01:52,15,,504.0,500.0,500.0,59999.83,60000.36,60000.54,60001.19,0.6045587815676589,2282184704.0
1140,2026-01-02 16:02:52,15,,508.0,499.0,499.0,59999.78,60000.29,60000.46,60000.93,0.6049055162353982,2282680320.0
1200,2026-01-02 16:03:52,15,,636.0,500.0,500.0,59999.82,60000.4,60000.59,60000.99,0.5844984987147485,2282713088.0
1260,2026-01-02 16:04:52,15,,630.0,499.0,499.0,59999.84,60000.34,60000.6,60000.95,0.5689205508502673,2283130880.0
1320,2026-01-02 16:05:52,15,,715.0,499.0,499.0,59999.88,60000.47,60000.57,60000.74,0.5633819636158737,2283339776.0
1380,2026-01-02 16:06:52,15,,757.0,616.0,616.0,47435.39,60000.47,60000.68,60001.19,0.5639044042905643,2283462656.0
1440,2026-01-02 16:07:52,15,,794.0,793.0,793.0,35259.13,60000.26,60000.43,60000.7,0.5741599919515592,2283556864.0
1500,2026-01-02 16:08:52,15,,767.0,768.0,768.0,35000.62,60000.12,60000.33,60000.74,0.5756207883353461,2283892736.0
1560,2026-01-02 16:09:52,15,,800.0,799.0,799.0,32140.93,60000.28,60000.48,60000.83,0.5747806062430679,2284204032.0
1620,2026-01-02 16:10:52,15,,706.0,707.0,707.0,36662.56,60000.28,60000.5,60000.71,0.5471889185333454,2283728896.0
1680,2026-01-02 16:11:52,15,,617.0,618.0,618.0,43786.77,60000.3,60000.51,60000.81,0.5380206994523724,2284019712.0
1740,2026-01-02 16:12:52,15,,498.0,499.0,499.0,52184.48,60000.36,60000.6,60001.25,0.5567806051825999,2284036096.0
1800,2026-01-02 16:13:52,15,,455.0,266.0,266.0,58420.91,60000.33,60000.54,60000.75,0.5519661717222167,2284195840.0
60,2026-01-02 16:17:33,16,,759.0,542.0,0.0,24989.74,34367.37,36884.38,42592.67,0.38309699526994945,2470916096.0
120,2026-01-02 16:18:33,16,,722.0,602.0,2.0,40066.29,49633.61,52601.45,55720.21,0.6199202501322936,2493333504.0
180,2026-01-02 16:19:33,16,,535.0,500.0,13.0,49199.83,56407.89,58344.2,60000.56,0.6158207851602066,1877970944.0
240,2026-01-02 16:20:33,16,,460.0,460.0,5.0,48392.1,54822.15,56119.24,59868.1,0.5956111962907361,1965236224.0
300,2026-01-02 16:21:33,16,,438.0,438.0,3.0,45015.48,52292.36,54716.74,59820.31,0.6054379970255421,1963069440.0
360,2026-01-02 16:22:33,16,,507.0,507.0,2.0,44783.7,51128.34,53699.72,58228.94,0.577293175292491,1963126784.0
420,2026-01-02 16:23:33,16,,505.0,505.0,5.0,47661.62,54275.49,56119.9,59587.6,0.593766363342382,1963950080.0
480,2026-01-02 16:24:33,16,,525.0,512.0,30.0,51757.6,58682.35,60000.13,60000.66,0.5583627819457686,1965162496.0
540,2026-01-02 16:25:33,16,,382.0,380.0,12.0,47838.68,56160.25,58492.04,60000.59,0.5662182464734924,1965219840.0
600,2026-01-02 16:26:33,16,,365.0,365.0,0.0,34183.85,43179.09,45273.87,49307.59,0.5461962130637534,1965539328.0
660,2026-01-02 16:27:33,16,,410.0,410.0,0.0,18494.38,25288.71,27880.5,29937.18,0.5889575251754718,1965178880.0
720,2026-01-02 16:28:33,16,,388.0,388.0,0.0,4922.57,8150.25,9490.56,10529.69,0.474312369385028,1964937216.0
780,2026-01-02 16:29:33,16,,397.0,397.0,0.0,3887.67,4046.97,4085.79,4354.98,0.42429308503355884,1972699136.0
840,2026-01-02 16:30:33,16,,475.0,474.0,0.0,5236.9,5755.56,5893.35,6199.07,0.5106713766953633,1969258496.0
900,2026-01-02 16:31:33,16,,452.0,452.0,0.0,4605.73,5001.99,5138.25,5382.28,0.5256792929901873,1969655808.0
960,2026-01-02 16:32:33,16,,447.0,447.0,0.0,4506.77,4901.95,5001.23,5274.65,0.5108513407073504,1969823744.0
1020,2026-01-02 16:33:33,16,,475.0,475.0,0.0,4918.87,5347.31,5501.9,5710.11,0.49291607470277465,1969664000.0
1080,2026-01-02 16:34:33,16,,504.0,504.0,0.0,7884.97,9402.45,10029.57,10895.58,0.5284196839418214,1969815552.0
1140,2026-01-02 16:35:33,16,,508.0,508.0,0.0,15480.87,21629.37,24032.53,28063.29,0.48080166263829516,1970278400.0
1200,2026-01-02 16:36:33,16,,636.0,635.0,1.0,30975.63,40538.83,43270.59,48957.22,0.5725124109319703,1970393088.0
1260,2026-01-02 16:37:33,16,,630.0,611.0,46.0,49191.59,58936.39,60000.34,60000.78,0.5756930392822145,1970806784.0
1320,2026-01-02 16:38:33,16,,715.0,523.0,294.0,58438.8,60000.63,60000.76,60001.05,0.5852204874051472,1971011584.0
1380,2026-01-02 16:39:33,16,,757.0,507.0,411.0,59559.52,60000.64,60000.75,60001.17,0.5261744371236439,1972469760.0
1440,2026-01-02 16:40:33,16,,794.0,500.0,478.0,59940.17,60000.62,60000.81,60001.06,0.575897300364167,1972834304.0
1500,2026-01-02 16:41:33,16,,767.0,500.0,495.0,59980.23,60000.52,60000.61,60000.93,0.5208640743224817,1972633600.0
1560,2026-01-02 16:42:33,16,,800.0,499.0,499.0,60000.01,60000.56,60000.74,60001.45,0.5684312825061739,1972613120.0
1620,2026-01-02 16:43:33,16,,706.0,500.0,500.0,59999.98,60000.49,60000.64,60001.06,0.5646253931107773,1972854784.0
1680,2026-01-02 16:44:33,16,,617.0,500.0,500.0,59999.89,60000.46,60000.62,60000.96,0.543329981580883,1972908032.0
1740,2026-01-02 16:45:33,16,,498.0,498.0,498.0,59999.92,60000.52,60000.63,60000.96,0.586886288867951,1973002240.0
1800,2026-01-02 16:46:33,16,,455.0,265.0,265.0,59999.9,60000.47,60000.58,60000.81,0.5581765159696428,1973149696.0
60,2026-01-02 16:50:12,17,,759.0,705.0,0.0,3103.94,6806.41,9661.98,12333.09,0.4138193684498545,2807775232.0
120,2026-01-02 16:51:12,17,,722.0,722.0,0.0,1794.18,1799.26,1803.09,1818.09,0.5775823309949321,2810007552.0
180,2026-01-02 16:52:12,17,,535.0,537.0,0.0,1791.7,1796.7,1800.53,1809.66,0.6636971037422873,2236157952.0
240,2026-01-02 16:53:12,17,,460.0,460.0,0.0,1792.07,1796.03,1799.17,1806.92,0.4587572128011592,2236678144.0
300,2026-01-02 16:54:12,17,,438.0,438.0,0.0,1791.69,1795.39,1797.27,1799.84,0.34921162967823005,2237317120.0
360,2026-01-02 16:55:12,17,,507.0,507.0,0.0,1792.11,1799.06,1803.19,1822.62,0.41547684117825334,2237788160.0
420,2026-01-02 16:56:12,17,,505.0,505.0,0.0,1792.34,1797.81,1801.38,1807.22,0.45953806310325673,2237976576.0
480,2026-01-02 16:57:12,17,,525.0,525.0,0.0,1792.36,1796.68,1799.64,1806.42,0.45783935518639507,2238234624.0
540,2026-01-02 16:58:12,17,,382.0,383.0,0.0,1792.79,1797.39,1801.62,1813.16,0.38792441543765277,2238283776.0
600,2026-01-02 16:59:12,17,,365.0,365.0,0.0,1791.96,1795.56,1799.17,1806.92,0.30056703941196194,2042712064.0
660,2026-01-02 17:00:12,17,,410.0,410.0,0.0,1793.1,1797.71,1801.29,1807.65,0.3309913337842137,2042818560.0
720,2026-01-02 17:01:12,17,,388.0,388.0,0.0,1792.34,1796.52,1800.14,1805.56,0.3794051252835362,2043449344.0
780,2026-01-02 17:02:12,17,,397.0,397.0,0.0,1792.39,1796.18,1799.4,1807.81,0.34237273275882096,2043469824.0
840,2026-01-02 17:03:12,17,,475.0,474.0,0.0,1791.59,1795.48,1798.97,1806.08,0.32822268344247346,2043891712.0
900,2026-01-02 17:04:12,17,,452.0,452.0,0.0,1791.65,1795.78,1797.97,1805.71,0.38884534516811553,2043916288.0
960,2026-01-02 17:05:12,17,,447.0,447.0,0.0,1792.24,1795.67,1797.99,1814.38,0.38143684089759755,2044227584.0
1020,2026-01-02 17:06:12,17,,475.0,475.0,0.0,1791.58,1794.97,1797.2,1804.01,0.4002268818377115,1684058112.0
1080,2026-01-02 17:07:12,17,,504.0,504.0,0.0,1791.31,1796.77,1800.33,1808.76,0.36064119434997244,1683873792.0
1140,2026-01-02 17:08:12,17,,508.0,508.0,0.0,1793.57,1798.39,1800.98,1807.77,0.3962072766509199,1587372032.0
1200,2026-01-02 17:09:12,17,,636.0,635.0,0.0,1793.0,1797.39,1800.93,1810.29,0.4878710758136652,1587265536.0
1260,2026-01-02 17:10:12,17,,630.0,630.0,0.0,1792.87,1797.73,1801.52,1810.57,0.5589008748616966,1587544064.0
1320,2026-01-02 17:11:12,17,,715.0,714.0,0.0,1793.5,1797.33,1802.24,1816.2,0.5311099201506455,1587720192.0
1380,2026-01-02 17:12:12,17,,757.0,757.0,0.0,1794.48,1798.56,1801.24,1810.4,0.6438560756538294,1587990528.0
1440,2026-01-02 17:13:12,17,,794.0,793.0,0.0,1792.58,1798.18,1803.22,1810.53,0.5914160612519936,1587912704.0
1500,2026-01-02 17:14:12,17,,767.0,768.0,0.0,1795.55,1799.19,1804.65,1849.83,0.6958587035039134,1587953664.0
1560,2026-01-02 17:15:12,17,,800.0,799.0,0.0,1793.8,1798.21,1801.59,1813.25,0.6258233000896073,1587970048.0
1620,2026-01-02 17:16:12,17,,706.0,707.0,0.0,1792.93,1796.29,1798.06,1801.91,0.6770878358169554,1587982336.0
1680,2026-01-02 17:17:12,17,,617.0,618.0,0.0,1794.03,1798.55,1801.66,1809.58,0.5933715685874102,1587752960.0
1740,2026-01-02 17:18:12,17,,498.0,499.0,0.0,1792.54,1797.78,1802.38,1811.52,0.51002215107441,1587757056.0
1800,2026-01-02 17:19:12,17,,455.0,455.0,0.0,1792.04,1796.1,1798.91,1807.09,0.4168613971683109,1587773440.0
60,2026-01-02 17:22:24,18,,759.0,725.0,0.0,2030.29,4878.01,7415.5,9625.09,0.31242917218882305,2366611456.0
120,2026-01-02 17:23:24,18,,722.0,722.0,0.0,1190.26,1194.54,1197.43,1209.14,0.6690248448606537,2374148096.0
180,2026-01-02 17:24:24,18,,535.0,537.0,0.0,1190.25,1195.1,1198.74,1204.85,0.577313097540679,1954091008.0
240,2026-01-02 17:25:24,18,,460.0,460.0,0.0,1189.7,1193.92,1199.15,1207.65,0.43842777770452884,1954570240.0
300,2026-01-02 17:26:24,18,,438.0,438.0,0.0,1190.2,1193.63,1199.11,1207.52,0.3907069776622918,1955053568.0
360,2026-01-02 17:27:24,18,,507.0,507.0,0.0,1191.31,1195.54,1199.45,1206.62,0.3843375967118842,1955749888.0
420,2026-01-02 17:28:24,18,,505.0,505.0,0.0,1190.17,1196.39,1200.37,1232.46,0.4365577545856455,1956216832.0
480,2026-01-02 17:29:24,18,,525.0,525.0,0.0,1189.78,1193.57,1195.16,1203.48,0.4365281497925123,1956380672.0
540,2026-01-02 17:30:24,18,,382.0,383.0,0.0,1189.95,1193.66,1196.59,1204.47,0.41341641660746065,1956560896.0
600,2026-01-02 17:31:24,18,,365.0,385.0,0.0,1215.4,1297.24,1298.64,1301.54,0.31089148797754235,1956777984.0
660,2026-01-02 17:32:24,18,,410.0,409.0,0.0,1175.43,1293.25,1295.14,1298.5,0.3313543792658503,1956769792.0
720,2026-01-02 17:33:24,18,,388.0,389.0,0.0,1187.92,1197.0,1199.25,1201.88,0.34943123538906473,1957724160.0
780,2026-01-02 17:34:24,18,,397.0,400.0,0.0,1190.05,1194.48,1196.36,1204.2,0.3241333064338596,1957740544.0
840,2026-01-02 17:35:24,18,,475.0,474.0,0.0,1189.37,1193.1,1195.61,1203.99,0.348537875936621,1957896192.0
900,2026-01-02 17:36:24,18,,452.0,452.0,0.0,1189.31,1193.3,1195.91,1202.2,0.338766711335559,1957883904.0
960,2026-01-02 17:37:24,18,,447.0,448.0,0.0,1189.67,1193.91,1196.91,1203.41,0.36650679644789114,1958002688.0
1020,2026-01-02 17:38:24,18,,475.0,477.0,0.0,1189.09,1192.54,1195.53,1205.07,0.37722487545983374,1958461440.0
1080,2026-01-02 17:39:24,18,,504.0,504.0,0.0,1189.83,1195.26,1198.63,1207.15,0.389660029477032,1958948864.0
1140,2026-01-02 17:40:24,18,,508.0,513.0,0.0,1190.08,1195.4,1198.59,1205.11,0.37796423497485176,1916547072.0
1200,2026-01-02 17:41:24,18,,636.0,636.0,0.0,1189.39,1193.71,1195.41,1204.69,0.4541207185997542,1916280832.0
1260,2026-01-02 17:42:24,18,,630.0,633.0,0.0,1190.05,1193.95,1197.44,1205.16,0.5265742065697818,1916518400.0
1320,2026-01-02 17:43:24,18,,715.0,717.0,0.0,1188.94,1192.89,1197.12,1205.23,0.536164344647664,1916657664.0
1380,2026-01-02 17:44:24,18,,757.0,759.0,0.0,1190.99,1195.21,1197.83,1205.06,0.5764325109980366,1916542976.0
1440,2026-01-02 17:45:24,18,,794.0,793.0,0.0,1189.24,1194.05,1196.2,1206.19,0.632823542185246,1916788736.0
1500,2026-01-02 17:46:24,18,,767.0,768.0,0.0,1190.82,1195.63,1198.26,1205.15,0.6497614669520143,1916674048.0
1560,2026-01-02 17:47:24,18,,800.0,796.0,0.0,1190.41,1196.18,1199.82,1229.73,0.6453200621295745,1916977152.0
1620,2026-01-02 17:48:24,18,,706.0,702.0,0.0,1189.88,1193.69,1196.89,1203.44,0.6418168132671709,1752567808.0
1680,2026-01-02 17:49:24,18,,617.0,612.0,0.0,1190.2,1194.08,1196.97,1203.63,0.5517208518934866,1752481792.0
1740,2026-01-02 17:50:24,18,,498.0,496.0,0.0,1189.83,1193.56,1196.34,1203.46,0.4475052348969628,1751257088.0
1800,2026-01-02 17:51:24,18,,455.0,450.0,0.0,1188.78,1192.97,1195.89,1203.55,0.3963528041691844,1750286336.0
60,2026-01-02 17:54:31,19,,759.0,650.0,55.0,8075.44,31891.14,45421.09,57099.23,0.04512485604760787,2690297856.0
120,2026-01-02 17:55:31,19,,722.0,722.0,0.0,1839.09,1949.5,2267.03,3045.33,0.9802943283985681,3069313024.0
180,2026-01-02 17:56:31,19,,535.0,537.0,0.0,1747.52,1755.02,1769.47,1817.49,0.6749280821779564,2283266048.0
240,2026-01-02 17:57:31,19,,460.0,460.0,0.0,1746.54,1750.87,1759.8,1809.89,0.48237982940556395,2274877440.0
300,2026-01-02 17:58:31,19,,438.0,438.0,0.0,1748.57,1753.8,1760.7,1824.19,0.44774486546286973,2279264256.0
360,2026-01-02 17:59:31,19,,507.0,507.0,0.0,1744.6,1748.27,1752.93,1771.19,0.44080742756758995,2282618880.0
420,2026-01-02 18:00:31,19,,505.0,505.0,0.0,1744.52,1748.34,1755.23,1763.19,0.46483705021463084,2283110400.0
480,2026-01-02 18:01:31,19,,525.0,525.0,0.0,1744.41,1748.72,1751.35,1762.05,0.47708434073338973,2283569152.0
540,2026-01-02 18:02:31,19,,382.0,383.0,0.0,1746.19,1751.3,1766.55,1821.88,0.40380859069226177,2284195840.0
600,2026-01-02 18:03:31,19,,365.0,365.0,0.0,1744.48,1747.8,1752.81,1800.66,0.3652937869295081,2282053632.0
660,2026-01-02 18:04:31,19,,410.0,410.0,0.0,1746.38,1751.24,1753.83,1760.76,0.36147124455612106,2281545728.0
720,2026-01-02 18:05:31,19,,388.0,388.0,0.0,2798.04,2175.39,12226.55,21866.09,0.34748030436223504,2282078208.0
780,2026-01-02 18:06:31,19,,397.0,397.0,0.0,1745.43,1749.8,1753.55,1806.52,0.42191932498692636,2296508416.0
840,2026-01-02 18:07:31,19,,475.0,474.0,0.0,1744.12,1748.03,1752.32,1764.87,0.3216326984474999,2290884608.0
900,2026-01-02 18:08:31,19,,452.0,452.0,0.0,1748.47,1754.85,1784.89,1834.23,0.42831999004803656,2293506048.0
960,2026-01-02 18:09:31,19,,447.0,447.0,0.0,1743.88,1748.17,1750.25,1758.74,0.450773838890192,2296270848.0
1020,2026-01-02 18:10:31,19,,475.0,475.0,0.0,1743.57,1747.47,1754.48,1784.69,0.40666332795976134,2296606720.0
1080,2026-01-02 18:11:31,19,,504.0,504.0,0.0,1743.28,1747.84,1751.92,1760.72,0.4229471318831077,2296492032.0
1140,2026-01-02 18:12:31,19,,508.0,508.0,0.0,1743.24,1747.23,1750.98,1761.63,0.4553188058770436,2296991744.0
1200,2026-01-02 18:13:31,19,,636.0,635.0,0.0,1743.24,1747.35,1750.52,1763.63,0.45666684771440685,2297131008.0
1260,2026-01-02 18:14:31,19,,630.0,630.0,0.0,1743.3,1747.31,1750.9,1764.51,0.5545682943501251,2296967168.0
1320,2026-01-02 18:15:31,19,,715.0,714.0,0.0,1964.53,1905.04,2126.26,9711.05,0.5893648143732927,2297081856.0
1380,2026-01-02 18:16:31,19,,757.0,757.0,0.0,1744.65,1748.84,1750.74,1756.4,0.5670273362011653,2297458688.0
1440,2026-01-02 18:17:31,19,,794.0,793.0,0.0,1744.19,1748.78,1752.09,1761.93,0.6718415345427077,2297303040.0
1500,2026-01-02 18:18:31,19,,767.0,768.0,0.0,1744.66,1749.41,1753.37,1766.98,0.709723740699032,2297475072.0
1560,2026-01-02 18:19:31,19,,800.0,799.0,0.0,1744.22,1748.22,1751.75,1759.27,0.606655099830632,2297733120.0
1620,2026-01-02 18:20:31,19,,706.0,707.0,0.0,1745.75,1749.49,1752.05,1761.78,0.7111539013591229,2297683968.0
1680,2026-01-02 18:21:31,19,,617.0,618.0,0.0,1744.19,1749.03,1753.25,1760.41,0.6401452180885928,2297430016.0
1740,2026-01-02 18:22:31,19,,498.0,499.0,0.0,1743.69,1747.57,1750.87,1760.93,0.5428298489550907,2297610240.0
1800,2026-01-02 18:23:31,19,,455.0,455.0,0.0,1743.23,1746.74,1749.12,1759.09,0.4340911476883484,2297610240.0
60,2026-01-02 18:26:45,20,,759.0,672.0,0.0,3397.8,10390.9,14837.06,16918.23,0.49573611448593957,3240853504.0
120,2026-01-02 18:27:45,20,,722.0,722.0,0.0,1152.03,1156.5,1161.34,1191.37,0.8305293349710156,3235430400.0
180,2026-01-02 18:28:45,20,,535.0,537.0,0.0,1147.9,1154.07,1158.39,1167.72,0.6672661102505817,2741985280.0
240,2026-01-02 18:29:45,20,,460.0,460.0,0.0,1147.1,1151.45,1153.24,1159.05,0.5043330528480339,2742689792.0
300,2026-01-02 18:30:45,20,,438.0,438.0,0.0,1148.57,1152.81,1155.71,1163.48,0.4522246207923262,2743119872.0
360,2026-01-02 18:31:45,20,,507.0,507.0,0.0,1147.13,1152.44,1156.12,1163.95,0.45937940812860556,2743660544.0
420,2026-01-02 18:32:45,20,,505.0,505.0,0.0,1147.12,1152.37,1156.12,1164.44,0.4818748213035215,2744066048.0
480,2026-01-02 18:33:45,20,,525.0,525.0,0.0,1146.66,1150.54,1154.33,1164.34,0.4915713427261188,2744360960.0
540,2026-01-02 18:34:45,20,,382.0,383.0,0.0,1146.4,1150.31,1152.87,1162.4,0.4411026559250348,2744360960.0
600,2026-01-02 18:35:45,20,,365.0,365.0,0.0,1146.21,1150.53,1152.95,1159.39,0.3707395954578629,2744365056.0
660,2026-01-02 18:36:45,20,,410.0,410.0,0.0,1149.63,1154.24,1158.17,1168.32,0.3777858750559444,2745077760.0
720,2026-01-02 18:37:45,20,,388.0,388.0,0.0,1147.2,1151.66,1155.71,1163.11,0.39467939509717914,2697695232.0
780,2026-01-02 18:38:45,20,,397.0,397.0,0.0,1147.64,1152.6,1155.67,1161.76,0.382947843938082,2697613312.0
840,2026-01-02 18:39:45,20,,475.0,474.0,0.0,1146.27,1150.54,1153.19,1160.12,0.41153239037018174,2697789440.0
900,2026-01-02 18:40:45,20,,452.0,452.0,0.0,1147.06,1151.39,1153.59,1160.13,0.4375024084564139,2697949184.0
960,2026-01-02 18:41:45,20,,447.0,447.0,0.0,1147.55,1152.7,1155.35,1160.33,0.4328206288993185,2698379264.0
1020,2026-01-02 18:42:45,20,,475.0,475.0,0.0,1146.29,1150.7,1153.52,1162.88,0.43494321615014386,2698231808.0
1080,2026-01-02 18:43:45,20,,504.0,504.0,0.0,1146.73,1150.77,1154.89,1167.75,0.4541040211808973,2698448896.0
1140,2026-01-02 18:44:45,20,,508.0,508.0,0.0,1146.42,1150.82,1153.67,1163.51,0.4738271827255464,2698768384.0
1200,2026-01-02 18:45:45,20,,636.0,635.0,0.0,1146.77,1150.76,1155.0,1164.43,0.5296323566277221,2456657920.0
1260,2026-01-02 18:46:45,20,,630.0,630.0,0.0,1147.74,1152.32,1156.27,1162.18,0.5853534412909513,2457047040.0
1320,2026-01-02 18:47:45,20,,715.0,714.0,0.0,1150.2,1155.88,1158.47,1165.56,0.6390868185171567,2456784896.0
1380,2026-01-02 18:48:45,20,,757.0,757.0,0.0,1148.34,1154.01,1156.74,1162.58,0.7030904904924696,2457092096.0
1440,2026-01-02 18:49:45,20,,794.0,793.0,0.0,1148.12,1153.24,1156.49,1163.54,0.7380892351536384,2457407488.0
1500,2026-01-02 18:50:45,20,,767.0,768.0,0.0,1148.89,1154.2,1158.7,1170.36,0.7512642034185093,2149412864.0
1560,2026-01-02 18:51:45,20,,800.0,799.0,0.0,1148.95,1153.93,1157.52,1169.98,0.7605678369813252,2121871360.0
1620,2026-01-02 18:52:45,20,,706.0,707.0,0.0,1150.69,1155.39,1158.71,1165.44,0.7535176490925076,2121252864.0
1680,2026-01-02 18:53:45,20,,617.0,618.0,0.0,1147.32,1152.26,1155.75,1163.67,0.6565827134425972,2121617408.0
1740,2026-01-02 18:54:45,20,,498.0,499.0,0.0,1147.05,1151.25,1155.63,1161.1,0.5538619573741747,2121416704.0
1800,2026-01-02 18:55:45,20,,455.0,455.0,0.0,1147.36,1151.68,1155.47,1162.49,0.4564055443628225,2121474048.0
60,2026-01-02 18:58:58,21,,759.0,548.0,0.0,25589.94,33880.38,36097.08,41671.07,0.30334819838215094,3337789440.0
120,2026-01-02 18:59:58,21,,722.0,598.0,0.0,39507.3,48598.66,50759.96,53830.28,0.6102843825455816,3376865280.0
180,2026-01-02 19:00:58,21,,535.0,510.0,8.0,48169.33,54875.54,56711.2,60000.3,0.6161201671079366,2859614208.0
240,2026-01-02 19:01:58,21,,460.0,457.0,7.0,47947.26,54650.55,56941.07,60000.18,0.595257597334346,2860650496.0
300,2026-01-02 19:02:58,21,,438.0,438.0,2.0,43332.41,51203.14,53405.92,57180.63,0.590426958502978,2861715456.0
360,2026-01-02 19:03:58,21,,507.0,507.0,1.0,43138.89,50240.11,52407.41,56130.7,0.5848202501597934,2829500416.0
420,2026-01-02 19:04:58,21,,505.0,505.0,1.0,45914.71,51980.53,53971.44,57970.51,0.5797164641015234,2830929920.0
480,2026-01-02 19:05:58,21,,525.0,516.0,18.0,50272.99,57247.58,59369.71,60000.55,0.5786500378019798,2831351808.0
540,2026-01-02 19:06:58,21,,382.0,383.0,6.0,46341.67,53596.91,55733.19,60000.23,0.5727483083595586,2738839552.0
600,2026-01-02 19:07:58,21,,365.0,365.0,0.0,33380.9,41765.16,44176.81,49232.12,0.5715036698875012,2738962432.0
660,2026-01-02 19:08:58,21,,410.0,410.0,0.0,17783.84,25295.37,26976.7,29287.12,0.5602568463129443,2740400128.0
720,2026-01-02 19:09:58,21,,388.0,388.0,0.0,5177.46,7601.74,8603.7,9775.53,0.5096896552483879,2739740672.0
780,2026-01-02 19:10:58,21,,397.0,397.0,0.0,4480.28,4635.46,4724.55,4854.47,0.4998199833407818,2496282624.0
840,2026-01-02 19:11:58,21,,475.0,474.0,0.0,5448.43,5802.3,5911.6,6139.85,0.5068885317061865,2496987136.0
900,2026-01-02 19:12:58,21,,452.0,452.0,0.0,5026.62,5333.95,5424.13,5585.0,0.5156342569863217,2496929792.0
960,2026-01-02 19:13:58,21,,447.0,447.0,0.0,5299.84,5633.75,5733.35,6048.64,0.515896125102822,2494865408.0
1020,2026-01-02 19:14:58,21,,475.0,475.0,0.0,5409.21,5794.01,5918.32,6118.14,0.5147691018254208,2360475648.0
1080,2026-01-02 19:15:58,21,,504.0,504.0,0.0,8949.33,10812.08,11404.61,12214.12,0.5250165900084991,2360872960.0
1140,2026-01-02 19:16:58,21,,508.0,508.0,0.0,14040.59,18119.43,19713.04,24176.95,0.5257118482973309,2361585664.0
1200,2026-01-02 19:17:58,21,,636.0,635.0,0.0,30017.2,39527.19,41993.97,46616.37,0.5697759030397676,2362040320.0
1260,2026-01-02 19:18:58,21,,630.0,605.0,20.0,47884.01,56242.41,58909.37,60000.59,0.5865811124672718,2362380288.0
1320,2026-01-02 19:19:58,21,,715.0,548.0,244.0,57402.61,60000.57,60000.68,60001.1,0.5831070151013374,2363113472.0
1380,2026-01-02 19:20:58,21,,757.0,515.0,350.0,59202.07,60000.66,60000.82,60001.14,0.5809900348005361,2362802176.0
1440,2026-01-02 19:21:58,21,,794.0,501.0,457.0,59827.69,60000.64,60000.78,60001.05,0.5861873504317525,2363002880.0
1500,2026-01-02 19:22:58,21,,767.0,500.0,490.0,59969.62,60000.51,60000.64,60001.17,0.57600484577798,2363334656.0
1560,2026-01-02 19:23:58,21,,800.0,499.0,493.0,59979.62,60000.54,60000.71,60000.98,0.5707858264774832,2364403712.0
1620,2026-01-02 19:24:58,21,,706.0,499.0,496.0,59993.89,60000.56,60000.68,60001.13,0.5797148821296936,2364813312.0
1680,2026-01-02 19:25:58,21,,617.0,498.0,497.0,59994.3,60000.9,60001.38,60002.47,0.5017032583479374,2362757120.0
1740,2026-01-02 19:26:58,21,,498.0,491.0,488.0,59991.95,60000.6,60000.76,60001.1,0.5930197991682067,2363392000.0
1800,2026-01-02 19:27:58,21,,455.0,265.0,264.0,59984.45,60000.51,60000.68,60000.93,0.5923258830559951,2327916544.0
60,2026-01-02 19:31:44,22,,759.0,547.0,0.0,25263.88,33119.1,35844.72,40392.49,0.3742053323816153,3218419712.0
120,2026-01-02 19:32:44,22,,722.0,600.0,0.0,39277.43,48761.79,50472.72,54772.7,0.6854230944766948,3242655744.0
180,2026-01-02 19:33:44,22,,535.0,509.0,7.0,47980.47,54461.86,56487.44,60000.15,0.6016233785942943,2625982464.0
240,2026-01-02 19:34:44,22,,460.0,455.0,11.0,48638.59,55460.17,57942.92,60000.54,0.5791019148321699,2627735552.0
300,2026-01-02 19:35:44,22,,438.0,438.0,0.0,44648.39,51856.58,53562.66,56942.47,0.5616329875860836,2599444480.0
360,2026-01-02 19:36:44,22,,507.0,507.0,1.0,42463.5,49213.69,50953.67,54167.74,0.5723507947432972,2599747584.0
420,2026-01-02 19:37:44,22,,505.0,505.0,1.0,45530.56,52052.44,54396.4,57614.12,0.5812867323154954,2600005632.0
480,2026-01-02 19:38:44,22,,525.0,513.0,20.0,50338.83,57251.5,59425.03,60000.61,0.5699216720233373,2500886528.0
540,2026-01-02 19:39:44,22,,382.0,383.0,10.0,45923.26,55416.19,57691.24,60000.21,0.5600812485406707,2501263360.0
600,2026-01-02 19:40:44,22,,365.0,365.0,0.0,32241.01,41306.9,44087.73,48611.85,0.5594858367537054,2501873664.0
660,2026-01-02 19:41:44,22,,410.0,410.0,0.0,14913.03,21427.03,23162.46,27614.95,0.5361998600875078,2321915904.0
720,2026-01-02 19:42:44,22,,388.0,388.0,0.0,4165.19,5374.0,6245.02,7663.36,0.508445913738511,2323394560.0
780,2026-01-02 19:43:44,22,,397.0,397.0,0.0,3809.41,3933.26,4000.21,4095.08,0.5068620989645758,2323341312.0
840,2026-01-02 19:44:44,22,,475.0,474.0,0.0,4935.32,5262.37,5337.63,5494.09,0.5057499705152131,2323525632.0
900,2026-01-02 19:45:44,22,,452.0,452.0,0.0,4435.17,4647.36,4716.96,4847.25,0.5111604293906027,2140192768.0
960,2026-01-02 19:46:44,22,,447.0,447.0,0.0,4480.87,5081.28,5247.08,5409.04,0.5068004069676216,2140581888.0
1020,2026-01-02 19:47:44,22,,475.0,475.0,0.0,5053.58,5428.34,5562.39,5752.82,0.5087757569337865,2140803072.0
1080,2026-01-02 19:48:44,22,,504.0,504.0,0.0,6796.0,9009.03,9706.46,10376.38,0.525517065975139,2141483008.0
1140,2026-01-02 19:49:44,22,,508.0,508.0,0.0,11891.85,14889.98,16323.62,21237.4,0.5443979716532306,2142023680.0
1200,2026-01-02 19:50:44,22,,636.0,635.0,0.0,28504.98,37576.23,39905.81,44195.33,0.5710599565292981,2142707712.0
1260,2026-01-02 19:51:44,22,,630.0,616.0,17.0,46238.04,55580.77,57805.08,60000.67,0.5828103022094551,2143268864.0
1320,2026-01-02 19:52:44,22,,715.0,548.0,252.0,57329.12,60000.61,60000.75,60000.96,0.5694432294522609,2143457280.0
1380,2026-01-02 19:53:44,22,,757.0,507.0,430.0,59677.18,60000.7,60000.8,60001.05,0.5652518483022633,2142863360.0
1440,2026-01-02 19:54:44,22,,794.0,501.0,464.0,59841.76,60000.6,60000.75,60001.31,0.5679089973426681,2143301632.0
1500,2026-01-02 19:55:44,22,,767.0,502.0,476.0,59923.86,60000.51,60000.65,60000.98,0.5758900141770008,2143342592.0
1560,2026-01-02 19:56:44,22,,800.0,499.0,487.0,59964.87,60000.55,60000.76,60001.2,0.5769940588951091,2144038912.0
1620,2026-01-02 19:57:44,22,,706.0,498.0,480.0,59948.43,60000.57,60000.74,60000.97,0.5759409519249487,2144153600.0
1680,2026-01-02 19:58:44,22,,617.0,499.0,483.0,59946.34,60000.48,60000.66,60001.0,0.5946438191717551,2144317440.0
1740,2026-01-02 19:59:44,22,,498.0,496.0,480.0,59955.55,60000.52,60000.65,60001.02,0.5945689741907418,2144710656.0
1800,2026-01-02 20:00:44,22,,455.0,269.0,250.0,59849.14,60000.52,60000.65,60001.11,0.5927260664253047,2144874496.0
60,2026-01-02 20:04:24,23,,759.0,712.0,0.0,2747.14,5884.11,8859.32,11032.01,0.2731169106634823,2923294720.0
120,2026-01-02 20:05:24,23,,722.0,722.0,0.0,1742.43,1748.23,1755.52,1788.46,0.7180051419744075,2932998144.0
180,2026-01-02 20:06:24,23,,535.0,537.0,0.0,1739.3,1743.16,1744.66,1747.05,0.6323149501259716,2286653440.0
240,2026-01-02 20:07:24,23,,460.0,460.0,0.0,1740.5,1745.16,1748.75,1761.14,0.44754705659837807,2286927872.0
300,2026-01-02 20:08:24,23,,438.0,438.0,0.0,1740.35,1744.34,1746.28,1754.36,0.4066294203258108,2284847104.0
360,2026-01-02 20:09:24,23,,507.0,507.0,0.0,1739.92,1744.17,1746.75,1757.22,0.3821188589067982,2285195264.0
420,2026-01-02 20:10:24,23,,505.0,505.0,0.0,1739.76,1743.85,1746.26,1755.32,0.42582707263484115,2288943104.0
480,2026-01-02 20:11:24,23,,525.0,525.0,0.0,1739.62,1743.63,1746.12,1754.77,0.3937488129385135,2289147904.0
540,2026-01-02 20:12:24,23,,382.0,383.0,0.0,1739.74,1743.39,1745.69,1756.74,0.4064106889411832,2289393664.0
600,2026-01-02 20:13:24,23,,365.0,365.0,0.0,1739.65,1743.72,1745.82,1751.82,0.31233319381112384,2112368640.0
660,2026-01-02 20:14:24,23,,410.0,410.0,0.0,1740.56,1745.15,1747.13,1752.6,0.3131851936378041,2112716800.0
720,2026-01-02 20:15:24,23,,388.0,388.0,0.0,1739.28,1743.48,1746.19,1752.28,0.3611524588162651,2113183744.0
780,2026-01-02 20:16:24,23,,397.0,397.0,0.0,1739.74,1743.87,1746.06,1751.23,0.3227396772832538,2113318912.0
840,2026-01-02 20:17:24,23,,475.0,474.0,0.0,1739.2,1743.25,1745.8,1750.27,0.3412088939624868,2113540096.0
900,2026-01-02 20:18:24,23,,452.0,452.0,0.0,1739.19,1743.09,1745.1,1752.89,0.3922335626565481,2113810432.0
960,2026-01-02 20:19:24,23,,447.0,447.0,0.0,1739.94,1743.62,1748.94,1757.01,0.3675225954237748,2113994752.0
1020,2026-01-02 20:20:24,23,,475.0,475.0,0.0,1739.19,1742.75,1747.08,1752.65,0.37552799562829337,1826013184.0
1080,2026-01-02 20:21:24,23,,504.0,504.0,0.0,1739.74,1742.56,1745.99,1755.94,0.38561077988813985,1826512896.0
1140,2026-01-02 20:22:24,23,,508.0,508.0,0.0,1740.15,1743.61,1745.37,1751.67,0.41276833465358015,1699926016.0
1200,2026-01-02 20:23:24,23,,636.0,635.0,0.0,1740.03,1743.85,1747.0,1755.92,0.44429577252274927,1700216832.0
1260,2026-01-02 20:24:24,23,,630.0,630.0,0.0,1739.76,1743.37,1747.48,1757.99,0.5229394179058307,1700413440.0
1320,2026-01-02 20:25:24,23,,715.0,714.0,0.0,1740.19,1743.93,1747.29,1757.82,0.5328928657356914,1700511744.0
1380,2026-01-02 20:26:24,23,,757.0,757.0,0.0,1740.85,1745.09,1749.55,1764.25,0.5958956370942308,1700421632.0
1440,2026-01-02 20:27:24,23,,794.0,793.0,0.0,1740.05,1744.03,1747.5,1754.81,0.6349313920987857,1700896768.0
1500,2026-01-02 20:28:24,23,,767.0,768.0,0.0,1745.32,1743.77,1748.24,1904.65,0.6479572825673349,1699852288.0
1560,2026-01-02 20:29:24,23,,800.0,799.0,0.0,1740.14,1743.31,1745.31,1755.66,0.5895557833749491,1699934208.0
1620,2026-01-02 20:30:24,23,,706.0,707.0,0.0,1740.8,1744.56,1749.3,1763.09,0.5627421775944937,1699721216.0
1680,2026-01-02 20:31:24,23,,617.0,618.0,0.0,1739.88,1743.92,1748.27,1756.09,0.5734625990957138,1699782656.0
1740,2026-01-02 20:32:24,23,,498.0,499.0,0.0,1739.49,1742.93,1747.38,1754.83,0.49355092352686525,1699688448.0
1800,2026-01-02 20:33:24,23,,455.0,455.0,0.0,1739.24,1742.54,1744.35,1752.14,0.39986781120499854,1699643392.0
60,2026-01-02 20:36:37,24,,759.0,703.0,0.0,2739.76,7591.12,11171.46,14610.25,0.31466814828868295,2534109184.0
120,2026-01-02 20:37:37,24,,722.0,722.0,0.0,1139.62,1143.41,1147.92,1157.34,0.6482796746483614,2538995712.0
180,2026-01-02 20:38:37,24,,535.0,537.0,0.0,1138.04,1142.53,1146.6,1156.41,0.5550214259732689,2136846336.0
240,2026-01-02 20:39:37,24,,460.0,460.0,0.0,1137.76,1141.39,1143.99,1150.76,0.37687163391458156,2136842240.0
300,2026-01-02 20:40:37,24,,438.0,438.0,0.0,1138.33,1141.78,1143.4,1152.02,0.3770486666940765,2137772032.0
360,2026-01-02 20:41:37,24,,507.0,507.0,0.0,1137.74,1141.54,1144.61,1154.68,0.38066388489483555,2138095616.0
420,2026-01-02 20:42:37,24,,505.0,505.0,0.0,1137.51,1141.19,1142.61,1150.26,0.3983081230165736,2138099712.0
480,2026-01-02 20:43:37,24,,525.0,525.0,0.0,1137.23,1141.1,1143.19,1150.7,0.41101595370725896,2138562560.0
540,2026-01-02 20:44:37,24,,382.0,383.0,0.0,1137.16,1140.67,1142.48,1149.26,0.3577343604691693,2095140864.0
600,2026-01-02 20:45:37,24,,365.0,365.0,0.0,1137.16,1140.68,1143.71,1150.13,0.27822672046222563,2095280128.0
660,2026-01-02 20:46:37,24,,410.0,410.0,0.0,1138.62,1142.82,1144.81,1153.01,0.30880214113668275,2095697920.0
720,2026-01-02 20:47:37,24,,388.0,388.0,0.0,1137.38,1141.84,1144.19,1147.95,0.33793888762253294,2096324608.0
780,2026-01-02 20:48:37,24,,397.0,397.0,0.0,1137.75,1141.59,1144.34,1151.86,0.31683681891846277,2096041984.0
840,2026-01-02 20:49:37,24,,475.0,474.0,0.0,1136.98,1140.8,1143.47,1149.54,0.340518706242783,2096427008.0
900,2026-01-02 20:50:37,24,,452.0,452.0,0.0,1137.34,1141.06,1143.53,1151.96,0.3637000219076795,2096431104.0
960,2026-01-02 20:51:37,24,,447.0,447.0,0.0,1137.21,1141.35,1144.18,1148.96,0.3561348940348397,2096492544.0
1020,2026-01-02 20:52:37,24,,475.0,475.0,0.0,1137.0,1140.46,1144.17,1149.82,0.31832170153330946,1865003008.0
1080,2026-01-02 20:53:37,24,,504.0,504.0,0.0,1136.57,1139.72,1141.03,1145.44,0.32134210393498785,1865003008.0
1140,2026-01-02 20:54:37,24,,508.0,508.0,0.0,1137.02,1140.23,1142.64,1151.8,0.38731828402557444,1865097216.0
1200,2026-01-02 20:55:37,24,,636.0,635.0,0.0,1137.34,1141.36,1144.3,1151.36,0.44222968772028576,1865330688.0
1260,2026-01-02 20:56:37,24,,630.0,630.0,0.0,1136.9,1140.47,1142.49,1150.1,0.43630001623949394,1865388032.0
1320,2026-01-02 20:57:37,24,,715.0,714.0,0.0,1138.24,1142.05,1146.42,1156.09,0.4220021069565108,1865375744.0
1380,2026-01-02 20:58:37,24,,757.0,757.0,0.0,1138.94,1143.39,1146.55,1156.81,0.5685192118848975,1602338816.0
1440,2026-01-02 20:59:37,24,,794.0,793.0,0.0,1137.78,1141.7,1144.95,1152.93,0.6072000166403901,1511882752.0
1500,2026-01-02 21:00:37,24,,767.0,768.0,0.0,1138.26,1142.4,1145.61,1153.06,0.6178598146997252,1511813120.0
1560,2026-01-02 21:01:37,24,,800.0,799.0,0.0,1138.25,1142.28,1146.02,1156.54,0.6191340697591349,1511690240.0
1620,2026-01-02 21:02:37,24,,706.0,707.0,0.0,1138.8,1142.76,1145.0,1152.72,0.6130493211662313,1511673856.0
1680,2026-01-02 21:03:37,24,,617.0,618.0,0.0,1140.41,1146.0,1151.51,1181.0,0.5691036795395533,1511686144.0
1740,2026-01-02 21:04:37,24,,498.0,499.0,0.0,1137.97,1141.77,1142.97,1149.02,0.4834928369482704,1508864000.0
1800,2026-01-02 21:05:37,24,,455.0,455.0,0.0,1138.84,1143.73,1146.99,1154.35,0.3464062273777348,1509019648.0
60,2026-01-02 21:08:47,25,,759.0,741.0,0.0,2084.15,4131.78,4904.45,5945.91,0.39601205393924077,2780176384.0
120,2026-01-02 21:09:47,25,,722.0,722.0,0.0,1444.38,1449.12,1455.41,1470.6,0.7548455560781675,2786086912.0
180,2026-01-02 21:10:47,25,,535.0,537.0,0.0,1446.58,1450.89,1456.82,1466.01,0.6251895061472326,2367569920.0
240,2026-01-02 21:11:47,25,,460.0,460.0,0.0,1445.0,1449.2,1451.74,1461.83,0.5073083461985007,2358026240.0
300,2026-01-02 21:12:47,25,,438.0,438.0,0.0,1444.77,1448.6,1450.73,1461.94,0.4316427314311227,2358370304.0
360,2026-01-02 21:13:47,25,,507.0,507.0,0.0,1446.51,1450.7,1454.15,1460.33,0.43390028047469764,2358747136.0
420,2026-01-02 21:14:47,25,,505.0,505.0,0.0,1446.97,1451.42,1454.25,1464.15,0.4723091611279932,2359275520.0
480,2026-01-02 21:15:47,25,,525.0,525.0,0.0,1446.31,1450.68,1454.21,1460.3,0.4903275303105197,2313338880.0
540,2026-01-02 21:16:47,25,,382.0,383.0,0.0,1443.07,1447.02,1449.69,1456.74,0.4270211881778666,2313519104.0
600,2026-01-02 21:17:47,25,,365.0,365.0,0.0,1442.72,1445.89,1447.96,1454.14,0.3445207742637236,2161987584.0
660,2026-01-02 21:18:47,25,,410.0,410.0,0.0,1445.33,1450.19,1453.32,1463.25,0.3500858591238758,2162270208.0
720,2026-01-02 21:19:47,25,,388.0,388.0,0.0,1443.82,1447.59,1451.35,1468.03,0.3708806311622843,2154082304.0
780,2026-01-02 21:20:47,25,,397.0,397.0,0.0,1444.49,1448.05,1452.62,1461.73,0.3642745071668904,2154225664.0
840,2026-01-02 21:21:47,25,,475.0,474.0,0.0,1445.6,1448.82,1452.39,1460.62,0.39608704440269227,2154876928.0
900,2026-01-02 21:22:47,25,,452.0,452.0,0.0,1444.59,1447.97,1452.25,1462.21,0.420996104412524,2154659840.0
960,2026-01-02 21:23:47,25,,447.0,447.0,0.0,1444.02,1447.62,1449.26,1457.12,0.41071680471644023,2155200512.0
1020,2026-01-02 21:24:47,25,,475.0,475.0,0.0,1445.4,1448.8,1452.87,1460.91,0.4198221214187484,2154979328.0
1080,2026-01-02 21:25:47,25,,504.0,504.0,0.0,1446.85,1451.38,1455.49,1465.12,0.44598012162606043,2155118592.0
1140,2026-01-02 21:26:47,25,,508.0,508.0,0.0,1447.65,1451.54,1455.52,1466.47,0.46953117287372276,2155642880.0
1200,2026-01-02 21:27:47,25,,636.0,635.0,0.0,1443.86,1448.63,1452.33,1460.74,0.5086650499094463,2155548672.0
1260,2026-01-02 21:28:47,25,,630.0,630.0,0.0,1567.51,1497.9,1625.04,6086.15,0.5610452164311578,2161516544.0
1320,2026-01-02 21:29:47,25,,715.0,714.0,0.0,1443.64,1447.1,1451.99,1465.54,0.5965791680377204,2161852416.0
1380,2026-01-02 21:30:47,25,,757.0,757.0,0.0,1444.8,1449.16,1453.94,1470.49,0.6406385009567805,2161602560.0
1440,2026-01-02 21:31:47,25,,794.0,793.0,0.0,1445.7,1450.8,1455.96,1499.35,0.6851423287256353,2160955392.0
1500,2026-01-02 21:32:47,25,,767.0,768.0,0.0,1444.13,1448.4,1451.73,1461.27,0.6980283451462481,2141949952.0
1560,2026-01-02 21:33:47,25,,800.0,799.0,0.0,1444.98,1448.96,1453.15,1465.2,0.7027770837206772,2141966336.0
1620,2026-01-02 21:34:47,25,,706.0,707.0,0.0,1443.96,1447.87,1451.15,1458.79,0.6792397319719978,2142220288.0
1680,2026-01-02 21:35:47,25,,617.0,618.0,0.0,1443.88,1447.89,1452.31,1464.14,0.6020856292502853,2142314496.0
1740,2026-01-02 21:36:47,25,,498.0,499.0,0.0,1445.97,1450.16,1452.14,1459.16,0.5178912957788768,2142138368.0
1800,2026-01-02 21:37:47,25,,455.0,455.0,0.0,1444.48,1448.65,1453.32,1460.43,0.44849879858230846,2141741056.0
60,2026-01-02 21:41:01,26,,759.0,742.0,0.0,1564.5,3924.78,4931.58,6292.61,0.3042536077418834,2590396416.0
120,2026-01-02 21:42:01,26,,722.0,722.0,0.0,844.31,848.68,853.71,861.25,0.6471520853915232,2594471936.0
180,2026-01-02 21:43:01,26,,535.0,537.0,0.0,846.43,850.01,851.47,855.72,0.49993276045384255,2220994560.0
240,2026-01-02 21:44:01,26,,460.0,460.0,0.0,845.99,849.74,853.93,862.68,0.5328540216472426,2221670400.0
300,2026-01-02 21:45:01,26,,438.0,438.0,0.0,845.59,849.94,853.91,862.19,0.3860551315299378,2206871552.0
360,2026-01-02 21:46:01,26,,507.0,507.0,0.0,846.94,850.69,853.64,859.77,0.4456177922727985,2207285248.0
420,2026-01-02 21:47:01,26,,505.0,505.0,0.0,846.98,851.22,853.23,860.39,0.4146893064183534,2207735808.0
480,2026-01-02 21:48:01,26,,525.0,525.0,0.0,846.44,850.08,851.95,858.35,0.49231896576181267,2207784960.0
540,2026-01-02 21:49:01,26,,382.0,383.0,0.0,843.43,847.56,849.97,857.01,0.4514633058504739,2132140032.0
600,2026-01-02 21:50:01,26,,365.0,365.0,0.0,842.95,846.52,849.46,856.14,0.36639480312482453,2127417344.0
660,2026-01-02 21:51:01,26,,410.0,410.0,0.0,844.43,848.24,852.61,862.86,0.30685490375270114,2128039936.0
720,2026-01-02 21:52:01,26,,388.0,388.0,0.0,843.23,846.6,848.83,857.54,0.3661430659684012,2128433152.0
780,2026-01-02 21:53:01,26,,397.0,397.0,0.0,844.3,848.19,851.49,858.18,0.355242584616423,1996632064.0
840,2026-01-02 21:54:01,26,,475.0,474.0,0.0,845.64,848.8,850.11,856.2,0.39809393554432226,1996832768.0
900,2026-01-02 21:55:01,26,,452.0,452.0,0.0,845.61,849.58,853.43,859.37,0.3719843228393974,1937936384.0
960,2026-01-02 21:56:01,26,,447.0,447.0,0.0,845.3,849.27,852.51,859.13,0.4313064760880614,1938251776.0
1020,2026-01-02 21:57:01,26,,475.0,475.0,0.0,846.2,850.17,852.57,860.16,0.38507732248734966,1938526208.0
1080,2026-01-02 21:58:01,26,,504.0,504.0,0.0,847.17,850.98,854.07,866.78,0.45277007403606856,1938399232.0
1140,2026-01-02 21:59:01,26,,508.0,508.0,0.0,847.04,850.88,854.08,861.72,0.47853982447982174,1938931712.0
1200,2026-01-02 22:00:01,26,,636.0,635.0,0.0,843.63,847.1,849.92,859.53,0.5027945243420562,1938812928.0
1260,2026-01-02 22:01:01,26,,630.0,630.0,0.0,843.89,847.85,850.62,860.02,0.534431796006557,1938944000.0
1320,2026-01-02 22:02:01,26,,715.0,714.0,0.0,843.69,846.95,851.79,863.25,0.5900645110038188,1939050496.0
1380,2026-01-02 22:03:01,26,,757.0,757.0,0.0,844.45,848.82,853.02,861.65,0.6328627053607689,1939140608.0
1440,2026-01-02 22:04:01,26,,794.0,793.0,0.0,844.95,849.56,853.14,862.12,0.6823730906405947,1937010688.0
1500,2026-01-02 22:05:01,26,,767.0,768.0,0.0,843.87,847.32,849.34,853.89,0.7043392272817365,1937076224.0
1560,2026-01-02 22:06:01,26,,800.0,799.0,0.0,844.76,848.64,853.05,861.47,0.7048408613916195,1937362944.0
1620,2026-01-02 22:07:01,26,,706.0,707.0,0.0,844.2,847.73,850.65,860.3,0.6894123245796369,1937145856.0
1680,2026-01-02 22:08:01,26,,617.0,618.0,0.0,843.7,847.91,850.54,859.82,0.5143703761964219,1937137664.0
1740,2026-01-02 22:09:01,26,,498.0,499.0,0.0,846.75,850.61,854.63,869.08,0.5476940150746147,1936986112.0
1800,2026-01-02 22:10:01,26,,455.0,455.0,0.0,845.11,848.94,852.58,861.13,0.4568856780256939,1930715136.0
60,2026-01-02 22:13:14,27,,759.0,581.0,0.0,18988.87,27366.97,30586.59,34864.79,0.37969387596943416,2501431296.0
120,2026-01-02 22:14:14,27,,722.0,612.0,0.0,33291.6,41182.93,43759.08,48472.48,0.7232981332810002,2576371712.0
180,2026-01-02 22:15:14,27,,535.0,513.0,0.0,41307.17,47409.05,50031.07,53348.85,0.5861241281373393,2244255744.0
240,2026-01-02 22:16:14,27,,460.0,460.0,0.0,40573.53,47169.15,48858.65,52031.49,0.6003686626474304,2235846656.0
300,2026-01-02 22:17:14,27,,438.0,438.0,0.0,36178.57,42939.1,44680.73,48061.68,0.6174330901813041,2237321216.0
360,2026-01-02 22:18:14,27,,507.0,507.0,0.0,34753.89,40853.52,43152.55,46378.64,0.575229093273429,2237349888.0
420,2026-01-02 22:19:14,27,,505.0,505.0,0.0,36981.79,43435.65,45662.43,49297.27,0.5918933622520571,2238148608.0
480,2026-01-02 22:20:14,27,,525.0,520.0,0.0,41122.03,47674.75,50160.97,53968.06,0.5954879767395518,2238734336.0
540,2026-01-02 22:21:14,27,,382.0,383.0,0.0,36427.72,44461.76,48062.86,51034.88,0.5750759136017077,2240118784.0
600,2026-01-02 22:22:14,27,,365.0,365.0,0.0,18379.58,29158.18,31589.4,35644.59,0.4793816592474942,2241327104.0
660,2026-01-02 22:23:14,27,,410.0,410.0,0.0,4409.01,5157.13,5752.48,6336.04,0.4426674991256635,2240692224.0
720,2026-01-02 22:24:14,27,,388.0,388.0,0.0,4135.38,4259.86,4325.01,4491.46,0.48150771379836177,2246549504.0
780,2026-01-02 22:25:14,27,,397.0,397.0,0.0,4202.22,4401.95,4440.65,4507.09,0.49161888855776237,2248359936.0
840,2026-01-02 22:26:14,27,,475.0,474.0,0.0,5197.71,5792.97,5933.73,6167.86,0.48215594603452694,2249064448.0
900,2026-01-02 22:27:14,27,,452.0,452.0,0.0,4776.25,5327.18,5567.21,5836.73,0.5170895263791074,2249818112.0
960,2026-01-02 22:28:14,27,,447.0,447.0,0.0,4584.8,4805.32,4864.52,4965.16,0.5052019475403557,2249211904.0
1020,2026-01-02 22:29:14,27,,475.0,475.0,0.0,5060.0,5404.13,5508.88,5714.03,0.5066170231687391,2249465856.0
1080,2026-01-02 22:30:14,27,,504.0,504.0,0.0,7606.0,8804.79,9059.48,9524.84,0.5117489440186486,2249711616.0
1140,2026-01-02 22:31:14,27,,508.0,508.0,0.0,9873.02,12198.22,13181.88,15883.11,0.4876934875767942,2250063872.0
1200,2026-01-02 22:32:14,27,,636.0,635.0,0.0,26145.64,34934.6,37833.29,43158.83,0.5834468602828516,2250616832.0
1260,2026-01-02 22:33:14,27,,630.0,598.0,1.0,42965.34,51295.38,54190.37,57409.23,0.5917329335564253,2251534336.0
1320,2026-01-02 22:34:14,27,,715.0,588.0,143.0,54602.97,60000.47,60000.61,60000.92,0.5570708768087642,2252009472.0
1380,2026-01-02 22:35:14,27,,757.0,512.0,353.0,59029.82,60000.68,60000.82,60001.6,0.5466617813823254,2252460032.0
1440,2026-01-02 22:36:14,27,,794.0,501.0,416.0,59592.83,60000.58,60000.71,60001.16,0.5713182631491031,2253619200.0
1500,2026-01-02 22:37:14,27,,767.0,500.0,475.0,59939.03,60000.53,60000.69,60000.99,0.4889318782263844,2253500416.0
1560,2026-01-02 22:38:14,27,,800.0,499.0,486.0,59955.96,60000.51,60000.67,60000.96,0.5454147288050023,2254151680.0
1620,2026-01-02 22:39:14,27,,706.0,500.0,498.0,59988.64,60000.52,60000.7,60001.06,0.5714667888574861,2254618624.0
1680,2026-01-02 22:40:14,27,,617.0,499.0,496.0,59994.98,60000.48,60000.59,60000.85,0.5886883392865716,2254991360.0
1740,2026-01-02 22:41:14,27,,498.0,488.0,488.0,59999.94,60000.47,60000.62,60000.88,0.5856486339040309,2255073280.0
1800,2026-01-02 22:42:14,27,,455.0,265.0,265.0,59999.95,60000.52,60000.64,60000.84,0.575047821864143,2255093760.0
60,2026-01-02 22:45:56,28,,759.0,577.0,0.0,19099.34,28617.54,30801.69,35792.15,0.32966676033005243,2494730240.0
120,2026-01-02 22:46:56,28,,722.0,610.0,0.0,33669.31,42406.24,44076.53,50450.27,0.6398766527466567,2543452160.0
180,2026-01-02 22:47:56,28,,535.0,510.0,1.0,43611.27,50640.72,53821.57,57625.3,0.6323073080843694,2022211584.0
240,2026-01-02 22:48:56,28,,460.0,459.0,1.0,43674.94,49875.91,52643.81,56656.88,0.5895269946306184,2023129088.0
300,2026-01-02 22:49:56,28,,438.0,438.0,0.0,38311.56,45590.46,48881.69,51863.53,0.5824374407359958,2023817216.0
360,2026-01-02 22:50:56,28,,507.0,507.0,0.0,36918.07,44243.06,45571.8,49169.93,0.5883961546661882,2024562688.0
420,2026-01-02 22:51:56,28,,505.0,505.0,2.0,39396.75,45858.42,48801.4,53987.45,0.5844018300016106,2025271296.0
480,2026-01-02 22:52:56,28,,525.0,520.0,0.0,43130.49,50718.97,52775.94,56921.47,0.5764310394682345,2025598976.0
540,2026-01-02 22:53:56,28,,382.0,382.0,1.0,38483.52,47067.34,49750.36,54209.07,0.5784311244955421,2025975808.0
600,2026-01-02 22:54:56,28,,365.0,365.0,0.0,20467.06,31903.0,34172.52,39155.44,0.5690858291905686,2026770432.0
660,2026-01-02 22:55:56,28,,410.0,410.0,0.0,4376.98,6785.86,7673.59,8474.41,0.5104118541611603,2025893888.0
720,2026-01-02 22:56:56,28,,388.0,388.0,0.0,3478.21,3605.89,3702.39,3897.23,0.4779282751758946,2026557440.0
780,2026-01-02 22:57:56,28,,397.0,397.0,0.0,3541.64,3663.87,3694.2,3781.35,0.48963395620834993,2027499520.0
840,2026-01-02 22:58:56,28,,475.0,474.0,0.0,4839.38,5608.79,5868.44,6153.21,0.49203820543382526,2028015616.0
900,2026-01-02 22:59:56,28,,452.0,452.0,0.0,4190.23,4613.23,4790.98,5053.54,0.49976443780044233,2028019712.0
960,2026-01-02 23:00:56,28,,447.0,447.0,0.0,3964.91,4170.58,4231.19,4325.77,0.5033973464816853,2028412928.0
1020,2026-01-02 23:01:56,28,,475.0,475.0,0.0,4394.27,4814.83,4950.29,5157.85,0.5062246983594827,2028142592.0
1080,2026-01-02 23:02:56,28,,504.0,504.0,0.0,5729.91,6792.87,7046.21,7513.5,0.5266918729170323,2029268992.0
1140,2026-01-02 23:03:56,28,,508.0,508.0,0.0,8620.95,11006.09,11836.26,15405.05,0.5445036200054186,2028847104.0
1200,2026-01-02 23:04:56,28,,636.0,635.0,0.0,25939.37,35767.65,37932.23,43869.97,0.5623731184740717,2030030848.0
1260,2026-01-02 23:05:56,28,,630.0,600.0,8.0,43154.48,52040.35,53573.43,60000.36,0.5798830724801023,2030551040.0
1320,2026-01-02 23:06:56,28,,715.0,578.0,201.0,55969.75,60000.56,60000.67,60001.01,0.5687556434796823,2031124480.0
1380,2026-01-02 23:07:56,28,,757.0,506.0,346.0,59057.55,60000.61,60000.69,60001.04,0.5552367378322265,2031521792.0
1440,2026-01-02 23:08:56,28,,794.0,504.0,402.0,59530.7,60000.6,60000.7,60001.01,0.5608488105939613,2031775744.0
1500,2026-01-02 23:09:56,28,,767.0,500.0,439.0,59768.75,60000.59,60000.66,60001.01,0.5685006006773158,2031767552.0
1560,2026-01-02 23:10:56,28,,800.0,503.0,483.0,59948.33,60000.62,60000.89,60001.49,0.57175395327903,2032254976.0
1620,2026-01-02 23:11:56,28,,706.0,501.0,490.0,59963.1,60000.49,60000.63,60000.87,0.5688371717652232,2033778688.0
1680,2026-01-02 23:12:56,28,,617.0,500.0,494.0,59991.99,60000.55,60000.65,60001.07,0.5719170279941472,2033819648.0
1740,2026-01-02 23:13:56,28,,498.0,484.0,479.0,59993.18,60000.56,60000.69,60000.87,0.578000946638881,2033803264.0
1800,2026-01-02 23:14:56,28,,455.0,266.0,265.0,59984.48,60000.52,60000.71,60000.91,0.573034136130618,2033885184.0
60,2026-01-02 23:18:37,29,,759.0,742.0,0.0,1957.22,3803.95,4640.75,5685.79,0.013086098642874947,1923301376.0
120,2026-01-02 23:19:37,29,,722.0,722.0,0.0,1439.83,1444.36,1453.1,1467.32,0.8079555062544949,1788264448.0
180,2026-01-02 23:20:37,29,,535.0,537.0,0.0,1440.19,1445.29,1449.41,1474.57,0.5541023863415395,1796657152.0
240,2026-01-02 23:21:37,29,,460.0,460.0,0.0,1438.52,1442.11,1445.01,1456.65,0.4019501046315933,1797349376.0
300,2026-01-02 23:22:37,29,,438.0,438.0,0.0,1439.44,1442.79,1445.26,1457.27,0.3833711190233252,1736617984.0
360,2026-01-02 23:23:37,29,,507.0,507.0,0.0,1439.49,1443.22,1446.17,1455.91,0.38075258437722287,1737015296.0
420,2026-01-02 23:24:37,29,,505.0,505.0,0.0,1439.52,1443.13,1446.4,1451.77,0.3620748833489705,1736826880.0
480,2026-01-02 23:25:37,29,,525.0,525.0,0.0,1439.36,1443.3,1446.95,1454.64,0.4265931075846699,1667891200.0
540,2026-01-02 23:26:37,29,,382.0,383.0,0.0,1438.36,1441.8,1444.13,1452.86,0.37247815942789064,1667960832.0
600,2026-01-02 23:27:37,29,,365.0,365.0,0.0,1438.87,1442.95,1447.56,1455.02,0.32012742975245534,1667846144.0
660,2026-01-02 23:28:37,29,,410.0,410.0,0.0,1439.7,1443.29,1446.87,1452.53,0.32172912627637623,1668292608.0
720,2026-01-02 23:29:37,29,,388.0,388.0,0.0,1437.98,1441.01,1442.72,1446.65,0.2840580764015669,1668304896.0
780,2026-01-02 23:30:37,29,,397.0,397.0,0.0,1439.12,1443.02,1445.33,1451.67,0.3184910190535038,1668816896.0
840,2026-01-02 23:31:37,29,,475.0,474.0,0.0,1438.54,1441.77,1443.93,1454.1,0.28163149542763743,1668722688.0
900,2026-01-02 23:32:37,29,,452.0,452.0,0.0,1438.62,1442.43,1445.83,1455.99,0.38004196603635343,1669337088.0
960,2026-01-02 23:33:37,29,,447.0,447.0,0.0,1438.29,1441.44,1443.78,1453.12,0.3633423574688348,1669640192.0
1020,2026-01-02 23:34:37,29,,475.0,475.0,0.0,1438.26,1441.69,1444.26,1452.5,0.3278078063069723,1667649536.0
1080,2026-01-02 23:35:37,29,,504.0,504.0,0.0,1439.21,1442.78,1444.8,1454.55,0.32434301890837486,1667452928.0
1140,2026-01-02 23:36:37,29,,508.0,508.0,0.0,1439.47,1442.58,1447.27,1455.47,0.40721695745093517,1650688000.0
1200,2026-01-02 23:37:37,29,,636.0,635.0,0.0,1438.96,1442.89,1446.44,1453.85,0.3731833044654728,1650991104.0
1260,2026-01-02 23:38:37,29,,630.0,630.0,0.0,1438.26,1441.8,1445.55,1457.55,0.4998483029039917,1650860032.0
1320,2026-01-02 23:39:37,29,,715.0,714.0,0.0,1438.73,1442.3,1445.94,1464.73,0.5268128931030014,1651056640.0
1380,2026-01-02 23:40:37,29,,757.0,757.0,0.0,1438.76,1442.04,1444.3,1448.95,0.49344401742013855,1651154944.0
1440,2026-01-02 23:41:37,29,,794.0,793.0,0.0,1438.87,1442.38,1446.08,1455.99,0.5388873108096491,1651343360.0
1500,2026-01-02 23:42:37,29,,767.0,768.0,0.0,1439.32,1443.24,1446.74,1465.8,0.6239478820067873,1651548160.0
1560,2026-01-02 23:43:37,29,,800.0,799.0,0.0,1438.92,1442.39,1446.32,1454.31,0.62783687731433,1649577984.0
1620,2026-01-02 23:44:37,29,,706.0,707.0,0.0,1439.73,1444.6,1451.2,1464.54,0.6099840094559081,1649590272.0
1680,2026-01-02 23:45:37,29,,617.0,618.0,0.0,1438.61,1442.23,1447.23,1452.9,0.5433881341962489,1649442816.0
1740,2026-01-02 23:46:37,29,,498.0,499.0,0.0,1439.46,1443.85,1447.68,1454.65,0.45644354908231743,1645383680.0
1800,2026-01-02 23:47:37,29,,455.0,455.0,0.0,1438.69,1443.18,1446.53,1456.83,0.35029789276192486,1645379584.0
60,2026-01-02 23:50:49,30,,759.0,738.0,0.0,1255.68,2413.97,4312.9,5842.49,0.32810294140819574,1965596672.0
120,2026-01-02 23:51:49,30,,722.0,722.0,0.0,840.18,843.83,849.66,879.69,0.6030608851524633,1971326976.0
180,2026-01-02 23:52:49,30,,535.0,537.0,0.0,839.86,843.73,849.05,862.38,0.5681768202468239,1580888064.0
240,2026-01-02 23:53:49,30,,460.0,460.0,0.0,838.16,842.37,844.33,851.6,0.46479246919202116,1581240320.0
300,2026-01-02 23:54:49,30,,438.0,438.0,0.0,838.89,842.65,846.42,854.22,0.38896922021475666,1525084160.0
360,2026-01-02 23:55:49,30,,507.0,507.0,0.0,839.14,842.53,844.97,853.69,0.3922861449426971,1525313536.0
420,2026-01-02 23:56:49,30,,505.0,505.0,0.0,839.25,843.4,846.29,855.18,0.41194729931050694,1481793536.0
480,2026-01-02 23:57:49,30,,525.0,525.0,0.0,839.14,842.71,845.12,854.3,0.4199094775571313,1481662464.0
540,2026-01-02 23:58:49,30,,382.0,383.0,0.0,838.02,842.29,845.67,851.71,0.3760062109819851,1462538240.0
600,2026-01-02 23:59:49,30,,365.0,365.0,0.0,837.72,841.17,843.96,850.96,0.31457782964459885,1462599680.0
660,2026-01-03 00:00:49,30,,410.0,410.0,0.0,838.69,842.74,844.71,852.16,0.3146565638187365,1462984704.0
720,2026-01-03 00:01:49,30,,388.0,388.0,0.0,837.81,840.94,843.36,854.97,0.32978609471374026,1463353344.0
780,2026-01-03 00:02:49,30,,397.0,397.0,0.0,837.64,841.62,845.45,851.21,0.3132125137653428,1463500800.0
840,2026-01-03 00:03:49,30,,475.0,474.0,0.0,838.62,842.36,845.54,855.72,0.33893405872966537,1464098816.0
900,2026-01-03 00:04:49,30,,452.0,452.0,0.0,837.34,840.85,842.7,850.26,0.36385211244489263,1464414208.0
960,2026-01-03 00:05:49,30,,447.0,447.0,0.0,837.43,841.0,843.29,851.57,0.35521910310794796,1456308224.0
1020,2026-01-03 00:06:49,30,,475.0,475.0,0.0,838.05,842.52,847.58,852.17,0.35989370049101554,1456574464.0
1080,2026-01-03 00:07:49,30,,504.0,504.0,0.0,838.81,842.84,846.74,853.98,0.38328562136205974,1456640000.0
1140,2026-01-03 00:08:49,30,,508.0,508.0,0.0,838.7,842.08,845.25,852.68,0.40102489439473765,1414520832.0
1200,2026-01-03 00:09:49,30,,636.0,635.0,0.0,837.48,840.83,846.21,853.63,0.4404293568581311,1414873088.0
1260,2026-01-03 00:10:49,30,,630.0,630.0,0.0,837.09,840.56,843.25,852.1,0.48267827437130456,1414864896.0
1320,2026-01-03 00:11:49,30,,715.0,714.0,0.0,837.76,841.02,848.9,870.43,0.513329787504681,1414881280.0
1380,2026-01-03 00:12:49,30,,757.0,757.0,0.0,838.05,841.61,845.73,860.5,0.5612502876441847,1415028736.0
1440,2026-01-03 00:13:49,30,,794.0,793.0,0.0,837.51,840.91,843.92,854.47,0.5906389115556819,1415421952.0
1500,2026-01-03 00:14:49,30,,767.0,768.0,0.0,837.56,841.26,844.32,851.14,0.6006222206161231,1415327744.0
1560,2026-01-03 00:15:49,30,,800.0,799.0,0.0,837.83,840.93,844.3,869.94,0.6097069752792748,1416286208.0
1620,2026-01-03 00:16:49,30,,706.0,707.0,0.0,837.68,841.29,844.53,853.52,0.593656244153049,1416310784.0
1680,2026-01-03 00:17:49,30,,617.0,618.0,0.0,837.31,841.18,844.65,851.62,0.5378290890548556,1416413184.0
1740,2026-01-03 00:18:49,30,,498.0,499.0,0.0,838.25,842.15,844.73,853.73,0.45500255553546387,1416204288.0
1800,2026-01-03 00:19:49,30,,455.0,455.0,0.0,837.79,841.5,844.1,853.45,0.39410794287588746,1416310784.0
60,2026-01-03 00:23:01,31,,759.0,684.0,0.0,4290.63,11094.71,13996.62,16710.77,0.39382760411296697,3120209920.0
120,2026-01-03 00:24:01,31,,722.0,722.0,0.0,1349.71,1355.08,1359.24,1373.37,0.788394157654524,3117760512.0
180,2026-01-03 00:25:01,31,,535.0,537.0,0.0,1348.85,1353.47,1357.58,1366.31,0.7336855498470735,2756116480.0
240,2026-01-03 00:26:01,31,,460.0,460.0,0.0,1349.45,1354.62,1359.82,1370.83,0.5290725270118934,2756927488.0
300,2026-01-03 00:27:01,31,,438.0,438.0,0.0,1349.67,1354.36,1358.39,1369.2,0.4850809624183591,2757033984.0
360,2026-01-03 00:28:01,31,,507.0,507.0,0.0,1349.13,1354.1,1357.49,1364.3,0.476592827195658,2757697536.0
420,2026-01-03 00:29:01,31,,505.0,505.0,0.0,1349.13,1353.46,1357.01,1365.99,0.49635088458660304,2776793088.0
480,2026-01-03 00:30:01,31,,525.0,525.0,0.0,1348.28,1352.68,1354.82,1363.23,0.5004353455942461,2712223744.0
540,2026-01-03 00:31:01,31,,382.0,383.0,0.0,1349.04,1354.19,1357.15,1365.97,0.42867251524946304,2712526848.0
600,2026-01-03 00:32:01,31,,365.0,365.0,0.0,1348.54,1354.18,1358.78,1363.59,0.39995941258027123,2712506368.0
660,2026-01-03 00:33:01,31,,410.0,410.0,0.0,1349.68,1354.63,1358.15,1366.07,0.3788794956096318,2712608768.0
720,2026-01-03 00:34:01,31,,388.0,388.0,0.0,1349.02,1354.72,1357.24,1365.7,0.3552667633453669,2715279360.0
780,2026-01-03 00:35:01,31,,397.0,397.0,0.0,1349.41,1355.59,1360.24,1366.53,0.4013927946712592,2715611136.0
840,2026-01-03 00:36:01,31,,475.0,474.0,0.0,1348.73,1353.91,1357.12,1366.02,0.4112165937599318,2715795456.0
900,2026-01-03 00:37:01,31,,452.0,452.0,0.0,1348.51,1353.39,1357.16,1366.51,0.44380729127999774,2715639808.0
960,2026-01-03 00:38:01,31,,447.0,447.0,0.0,1348.38,1353.37,1357.82,1364.53,0.37900384731240067,2715971584.0
1020,2026-01-03 00:39:01,31,,475.0,475.0,0.0,1348.74,1353.59,1357.22,1368.07,0.4370315881834815,2716135424.0
1080,2026-01-03 00:40:01,31,,504.0,504.0,0.0,1348.47,1352.69,1355.1,1361.82,0.46448762614823563,2506248192.0
1140,2026-01-03 00:41:01,31,,508.0,508.0,0.0,1348.59,1352.65,1354.66,1362.89,0.4018635268267274,2506420224.0
1200,2026-01-03 00:42:01,31,,636.0,635.0,0.0,1349.09,1353.79,1359.92,1367.86,0.5299715012761447,2506711040.0
1260,2026-01-03 00:43:01,31,,630.0,630.0,0.0,1349.07,1353.13,1357.41,1371.12,0.5854568118611385,2507034624.0
1320,2026-01-03 00:44:01,31,,715.0,714.0,0.0,1349.18,1354.05,1359.05,1376.05,0.6338282299354261,2506928128.0
1380,2026-01-03 00:45:01,31,,757.0,757.0,0.0,1351.68,1355.88,1363.56,1397.05,0.6913463589646984,2167316480.0
1440,2026-01-03 00:46:01,31,,794.0,793.0,0.0,1350.76,1355.96,1360.75,1370.08,0.6585476906958707,2137853952.0
1500,2026-01-03 00:47:01,31,,767.0,768.0,0.0,1351.97,1357.43,1361.52,1371.19,0.7877083028244494,2062348288.0
1560,2026-01-03 00:48:01,31,,800.0,799.0,0.0,1352.12,1357.32,1363.66,1412.72,0.6541550810565391,2062368768.0
1620,2026-01-03 00:49:01,31,,706.0,707.0,0.0,1349.91,1355.08,1358.49,1369.07,0.7682671263894334,2062553088.0
1680,2026-01-03 00:50:01,31,,617.0,618.0,0.0,1349.42,1353.93,1356.78,1365.47,0.6193538280692015,2062241792.0
1740,2026-01-03 00:51:01,31,,498.0,499.0,0.0,1349.35,1353.43,1357.2,1364.3,0.4508118372671723,2062364672.0
1800,2026-01-03 00:52:01,31,,455.0,455.0,0.0,1348.25,1351.86,1353.33,1359.96,0.4928764321890661,2062286848.0
60,2026-01-03 00:55:12,32,,759.0,669.0,0.0,4532.28,14201.29,18396.26,22141.38,0.35793725263255205,3012546560.0
120,2026-01-03 00:56:12,32,,722.0,722.0,0.0,742.35,746.74,752.35,772.92,0.6158078288546615,3023925248.0
180,2026-01-03 00:57:12,32,,535.0,537.0,0.0,741.72,746.49,750.94,762.04,0.5805610544164822,2571198464.0
240,2026-01-03 00:58:12,32,,460.0,460.0,0.0,741.7,745.72,750.24,756.23,0.4515833253616291,2572009472.0
300,2026-01-03 00:59:12,32,,438.0,438.0,0.0,741.53,745.46,747.89,757.1,0.4005731321889047,2572337152.0
360,2026-01-03 01:00:12,32,,507.0,507.0,0.0,741.68,745.94,749.11,757.12,0.3499912795089448,2572546048.0
420,2026-01-03 01:01:12,32,,505.0,505.0,0.0,741.43,745.42,748.92,756.66,0.39028221813923136,2573561856.0
480,2026-01-03 01:02:12,32,,525.0,525.0,0.0,741.3,745.49,748.4,758.29,0.3890771854683645,2573668352.0
540,2026-01-03 01:03:12,32,,382.0,383.0,0.0,741.45,746.3,749.42,759.23,0.3688877867466474,2530709504.0
600,2026-01-03 01:04:12,32,,365.0,365.0,0.0,740.76,744.86,747.1,752.47,0.34047255667307025,2531045376.0
660,2026-01-03 01:05:12,32,,410.0,410.0,0.0,741.57,745.59,747.83,754.97,0.3289586498052884,2531315712.0
720,2026-01-03 01:06:12,32,,388.0,388.0,0.0,740.7,745.22,748.42,756.1,0.3592281576214069,2531627008.0
780,2026-01-03 01:07:12,32,,397.0,397.0,0.0,741.83,747.47,751.95,758.72,0.3313764604912716,2531717120.0
840,2026-01-03 01:08:12,32,,475.0,474.0,0.0,740.71,745.64,749.94,758.25,0.3699174387112596,2531872768.0
900,2026-01-03 01:09:12,32,,452.0,452.0,0.0,740.32,744.9,746.77,755.92,0.39159640918762756,2532327424.0
960,2026-01-03 01:10:12,32,,447.0,447.0,0.0,740.89,745.75,749.56,756.37,0.38083172035884405,2532278272.0
1020,2026-01-03 01:11:12,32,,475.0,475.0,0.0,740.6,744.89,747.43,756.53,0.38811325996324775,2532552704.0
1080,2026-01-03 01:12:12,32,,504.0,504.0,0.0,741.02,745.34,748.37,757.42,0.4125381741282918,2334359552.0
1140,2026-01-03 01:13:12,32,,508.0,508.0,0.0,740.82,744.92,747.64,756.22,0.4150335064417466,2334638080.0
1200,2026-01-03 01:14:12,32,,636.0,635.0,0.0,741.0,745.06,748.74,758.7,0.421807446353246,2334752768.0
1260,2026-01-03 01:15:12,32,,630.0,630.0,0.0,740.63,744.39,746.94,755.31,0.5387196559414142,2335154176.0
1320,2026-01-03 01:16:12,32,,715.0,714.0,0.0,740.32,743.98,745.9,753.37,0.5573347890682706,2335178752.0
1380,2026-01-03 01:17:12,32,,757.0,757.0,0.0,741.93,745.84,749.29,759.56,0.5329260933052522,1968279552.0
1440,2026-01-03 01:18:12,32,,794.0,793.0,0.0,741.51,745.46,748.41,758.48,0.6485396440557838,1968398336.0
1500,2026-01-03 01:19:12,32,,767.0,768.0,0.0,742.24,746.83,749.51,758.03,0.6726092505698558,1894653952.0
1560,2026-01-03 01:20:12,32,,800.0,799.0,0.0,742.1,746.34,749.71,756.05,0.5760184135347362,1877770240.0
1620,2026-01-03 01:21:12,32,,706.0,707.0,0.0,741.68,745.06,749.51,757.71,0.6684293585555726,1876791296.0
1680,2026-01-03 01:22:12,32,,617.0,618.0,0.0,741.75,746.1,749.24,757.35,0.5702728261873549,1876942848.0
1740,2026-01-03 01:23:12,32,,498.0,499.0,0.0,741.31,745.29,749.36,754.63,0.4760824682119455,1877291008.0
1800,2026-01-03 01:24:12,32,,455.0,455.0,0.0,740.83,744.98,748.24,756.09,0.3680640511907544,1877192704.0
60,2026-01-03 01:27:24,33,,759.0,578.0,0.0,18934.52,27561.84,30031.84,35213.87,0.27315867386642934,2419736576.0
120,2026-01-03 01:28:24,33,,722.0,607.0,0.0,34542.94,43667.33,46252.41,50385.47,0.7366033229633222,2474864640.0
180,2026-01-03 01:29:24,33,,535.0,512.0,2.0,42961.65,49498.59,51731.99,54526.58,0.6027105891260934,2062626816.0
240,2026-01-03 01:30:24,33,,460.0,458.0,0.0,42500.85,49184.65,51529.79,55525.63,0.5831920588935736,2064334848.0
300,2026-01-03 01:31:24,33,,438.0,438.0,1.0,38094.98,44988.84,47178.07,52794.44,0.5822533749282353,2048647168.0
360,2026-01-03 01:32:24,33,,507.0,507.0,0.0,37760.38,44147.1,45543.06,49462.55,0.5755902374013834,2049511424.0
420,2026-01-03 01:33:24,33,,505.0,505.0,0.0,40055.08,47043.01,48983.05,52665.73,0.4883622551239771,2020536320.0
480,2026-01-03 01:34:24,33,,525.0,519.0,0.0,42846.23,49518.6,51324.18,54437.35,0.5812572427954209,2019278848.0
540,2026-01-03 01:35:24,33,,382.0,381.0,1.0,37912.58,46330.59,49286.62,56817.57,0.5715519881405529,2020048896.0
600,2026-01-03 01:36:24,33,,365.0,365.0,0.0,18591.1,28505.36,30985.46,34938.27,0.5775833534195703,2020126720.0
660,2026-01-03 01:37:24,33,,410.0,410.0,0.0,4279.01,4575.74,5190.2,6050.98,0.4972467963774312,2019737600.0
720,2026-01-03 01:38:24,33,,388.0,388.0,0.0,3969.69,4115.42,4168.14,4275.46,0.48183258239564725,2020417536.0
780,2026-01-03 01:39:24,33,,397.0,397.0,0.0,4007.83,4120.65,4136.28,4225.75,0.5035919887179087,2024443904.0
840,2026-01-03 01:40:24,33,,475.0,474.0,0.0,4839.93,5192.09,5300.2,5429.49,0.4738108270358608,2024550400.0
900,2026-01-03 01:41:24,33,,452.0,452.0,0.0,4481.0,4712.02,4765.01,4880.54,0.5136318377384748,2024833024.0
960,2026-01-03 01:42:24,33,,447.0,447.0,0.0,4483.41,4685.63,4721.06,4848.03,0.49592804291286335,2024845312.0
1020,2026-01-03 01:43:24,33,,475.0,475.0,0.0,4826.34,5157.53,5257.9,5452.43,0.4974485182144169,2025259008.0
1080,2026-01-03 01:44:24,33,,504.0,504.0,0.0,5680.54,6931.49,7190.96,7584.66,0.5137130077993416,2025676800.0
1140,2026-01-03 01:45:24,33,,508.0,508.0,0.0,9937.07,12848.72,13961.25,16467.95,0.5406147774555478,2025791488.0
1200,2026-01-03 01:46:24,33,,636.0,635.0,0.0,28329.86,39467.09,41304.83,46223.77,0.5545351333893844,2026184704.0
1260,2026-01-03 01:47:24,33,,630.0,588.0,11.0,45754.13,53791.88,56707.32,60000.41,0.558178105723732,2042408960.0
1320,2026-01-03 01:48:24,33,,715.0,560.0,190.0,56434.23,60000.57,60000.67,60001.01,0.5659421749800453,2042486784.0
1380,2026-01-03 01:49:24,33,,757.0,509.0,296.0,58674.8,60000.64,60000.84,60001.12,0.567305341982119,2043068416.0
1440,2026-01-03 01:50:24,33,,794.0,513.0,355.0,59168.57,60000.61,60000.7,60001.03,0.5688812243613068,2043650048.0
1500,2026-01-03 01:51:24,33,,767.0,508.0,391.0,59444.08,60000.57,60000.7,60001.25,0.5787184235309768,2043596800.0
1560,2026-01-03 01:52:24,33,,800.0,506.0,429.0,59665.83,60000.6,60000.74,60001.07,0.581270293547154,2044010496.0
1620,2026-01-03 01:53:24,33,,706.0,499.0,467.0,59896.08,60000.62,60000.68,60000.98,0.5824427392069572,2043994112.0
1680,2026-01-03 01:54:24,33,,617.0,499.0,463.0,59863.2,60000.52,60000.69,60001.06,0.5531381839580911,2044076032.0
1740,2026-01-03 01:55:24,33,,498.0,490.0,458.0,59869.94,60000.61,60000.76,60001.06,0.5866536928348968,2044358656.0
1800,2026-01-03 01:56:24,33,,455.0,270.0,241.0,59752.25,60000.59,60000.74,60001.43,0.5772620901448554,2044309504.0
60,2026-01-03 02:00:04,34,,759.0,572.0,0.0,20704.39,29970.04,31911.29,37872.72,0.24903055303674856,2463125504.0
120,2026-01-03 02:01:04,34,,722.0,605.0,0.0,35374.46,44351.34,47022.07,52509.16,0.6290715779586488,2485964800.0
180,2026-01-03 02:02:04,34,,535.0,500.0,3.0,46086.34,52946.27,55055.09,57915.48,0.5754728339202572,1960202240.0
240,2026-01-03 02:03:04,34,,460.0,460.0,6.0,44559.64,51422.19,54386.94,60000.02,0.5592228248340607,1962672128.0
300,2026-01-03 02:04:04,34,,438.0,438.0,0.0,39076.42,46049.83,48535.72,52560.77,0.555851940050758,1962610688.0
360,2026-01-03 02:05:04,34,,507.0,507.0,0.0,38018.14,44816.64,47575.2,52068.9,0.5663394136771507,1963352064.0
420,2026-01-03 02:06:04,34,,505.0,505.0,0.0,40913.8,47388.64,49829.81,53541.36,0.528881723753031,1963966464.0
480,2026-01-03 02:07:04,34,,525.0,525.0,3.0,43672.08,51123.55,53484.24,58933.92,0.5621953520770036,1964769280.0
540,2026-01-03 02:08:04,34,,382.0,383.0,2.0,39796.31,48180.77,52224.22,55676.47,0.5507237354586925,1965150208.0
600,2026-01-03 02:09:04,34,,365.0,365.0,0.0,21247.24,31681.34,34367.52,38723.15,0.5530188466263508,1965355008.0
660,2026-01-03 02:10:04,34,,410.0,410.0,0.0,4489.75,7049.05,8040.11,9173.45,0.4870953170346949,1965080576.0
720,2026-01-03 02:11:04,34,,388.0,388.0,0.0,3406.9,3530.29,3611.23,3715.47,0.46953971540347067,1965465600.0
780,2026-01-03 02:12:04,34,,397.0,397.0,0.0,3498.2,3669.99,3808.74,3922.41,0.4835460609538206,1966862336.0
840,2026-01-03 02:13:04,34,,475.0,474.0,0.0,4544.17,4960.68,5114.03,5375.36,0.4523157902458247,1966731264.0
900,2026-01-03 02:14:04,34,,452.0,452.0,0.0,4155.22,4442.67,4525.27,4693.01,0.49151046486205147,1967017984.0
960,2026-01-03 02:15:04,34,,447.0,447.0,0.0,3908.27,4213.8,4318.54,4493.65,0.48989385013059394,1967403008.0
1020,2026-01-03 02:16:04,34,,475.0,475.0,0.0,4603.46,5224.33,5349.35,5641.32,0.463844753836583,1967697920.0
1080,2026-01-03 02:17:04,34,,504.0,504.0,0.0,6653.63,7961.78,8245.18,8823.88,0.5143193783968713,1967964160.0
1140,2026-01-03 02:18:04,34,,508.0,508.0,0.0,7984.76,9070.39,9298.46,9933.84,0.5186049157934327,1968287744.0
1200,2026-01-03 02:19:04,34,,636.0,635.0,0.0,22568.42,32624.64,35357.6,41593.21,0.5510899454741474,1969078272.0
1260,2026-01-03 02:20:04,34,,630.0,618.0,2.0,40154.21,48910.62,51571.48,55059.68,0.5628684987572561,1969217536.0
1320,2026-01-03 02:21:04,34,,715.0,593.0,142.0,54359.03,60000.45,60000.57,60000.81,0.552664534203223,1969664000.0
1380,2026-01-03 02:22:04,34,,757.0,515.0,326.0,58793.2,60000.62,60000.83,60001.18,0.5481672202334926,1969983488.0
1440,2026-01-03 02:23:04,34,,794.0,504.0,423.0,59592.89,60000.63,60000.78,60001.21,0.5471061623036956,1970548736.0
1500,2026-01-03 02:24:04,34,,767.0,501.0,450.0,59798.12,60000.57,60000.73,60001.04,0.497396552389046,1970548736.0
1560,2026-01-03 02:25:04,34,,800.0,500.0,471.0,59911.83,60000.56,60000.67,60001.04,0.5540969930919994,1945518080.0
1620,2026-01-03 02:26:04,34,,706.0,500.0,481.0,59930.98,60000.57,60000.67,60001.15,0.5522562963518576,1945657344.0
1680,2026-01-03 02:27:04,34,,617.0,500.0,483.0,59966.16,60000.38,60000.55,60000.82,0.4886629714501105,1945931776.0
1740,2026-01-03 02:28:04,34,,498.0,490.0,476.0,59950.85,60000.53,60000.74,60001.37,0.5581122685859867,1946329088.0
1800,2026-01-03 02:29:04,34,,455.0,266.0,258.0,59961.27,60000.57,60000.72,60001.03,0.5612445613989719,1946656768.0
60,2026-01-03 02:32:45,35,,759.0,739.0,0.0,1811.96,3395.6,4837.5,5952.9,0.37203385803629363,2207969280.0
120,2026-01-03 02:33:45,35,,722.0,722.0,0.0,1340.25,1344.56,1350.34,1378.19,0.6761762565988007,2217627648.0
180,2026-01-03 02:34:45,35,,535.0,537.0,0.0,1339.0,1342.85,1345.3,1353.69,0.5677109955199462,1554972672.0
240,2026-01-03 02:35:45,35,,460.0,460.0,0.0,1339.21,1343.5,1346.0,1352.72,0.446946291112936,1555410944.0
300,2026-01-03 02:36:45,35,,438.0,438.0,0.0,1338.89,1343.13,1345.57,1351.23,0.38944274137646745,1520173056.0
360,2026-01-03 02:37:45,35,,507.0,507.0,0.0,1339.62,1343.69,1348.2,1360.16,0.3930126461741739,1520640000.0
420,2026-01-03 02:38:45,35,,505.0,505.0,0.0,1339.69,1343.39,1347.45,1354.61,0.4169512558757745,1461952512.0
480,2026-01-03 02:39:45,35,,525.0,525.0,0.0,1338.47,1341.69,1343.07,1346.88,0.42202969482470803,1462210560.0
540,2026-01-03 02:40:45,35,,382.0,383.0,0.0,1339.21,1342.51,1346.9,1357.41,0.37577966698447973,1409933312.0
600,2026-01-03 02:41:45,35,,365.0,365.0,0.0,1338.46,1341.33,1343.44,1352.81,0.31847296944827175,1410023424.0
660,2026-01-03 02:42:45,35,,410.0,410.0,0.0,1339.31,1343.01,1345.03,1352.01,0.3219707656307551,1410535424.0
720,2026-01-03 02:43:45,35,,388.0,388.0,0.0,1338.64,1341.78,1345.06,1355.2,0.3329231619961414,1411948544.0
780,2026-01-03 02:44:45,35,,397.0,397.0,0.0,1339.43,1342.62,1347.36,1353.42,0.32017126153369824,1411735552.0
840,2026-01-03 02:45:45,35,,475.0,474.0,0.0,1338.8,1341.8,1344.45,1350.31,0.3516150404155238,1413824512.0
900,2026-01-03 02:46:45,35,,452.0,452.0,0.0,1338.95,1343.2,1345.72,1354.42,0.3771595080460924,1413992448.0
960,2026-01-03 02:47:45,35,,447.0,447.0,0.0,1338.37,1341.52,1344.18,1350.65,0.36638988196264194,1413238784.0
1020,2026-01-03 02:48:45,35,,475.0,475.0,0.0,1338.87,1342.03,1345.66,1354.04,0.3686359750458717,1409363968.0
1080,2026-01-03 02:49:45,35,,504.0,504.0,0.0,1339.27,1342.58,1346.16,1352.4,0.38938149361785024,1409380352.0
1140,2026-01-03 02:50:45,35,,508.0,508.0,0.0,1339.19,1342.79,1343.93,1351.09,0.4074783133298818,1409634304.0
1200,2026-01-03 02:51:45,35,,636.0,635.0,0.0,1338.35,1341.23,1343.56,1351.73,0.45266547228743476,1409875968.0
1260,2026-01-03 02:52:45,35,,630.0,630.0,0.0,1338.09,1341.49,1343.7,1353.1,0.4945758064220569,1410023424.0
1320,2026-01-03 02:53:45,35,,715.0,714.0,0.0,1338.87,1342.74,1346.53,1357.87,0.5310621071906754,1410035712.0
1380,2026-01-03 02:54:45,35,,757.0,757.0,0.0,1339.8,1343.37,1348.07,1370.62,0.5878737307758337,1410068480.0
1440,2026-01-03 02:55:45,35,,794.0,793.0,0.0,1339.57,1343.49,1346.77,1355.21,0.6260108908007809,1405739008.0
1500,2026-01-03 02:56:45,35,,767.0,768.0,0.0,1339.62,1343.38,1347.54,1355.16,0.6343751478478031,1406296064.0
1560,2026-01-03 02:57:45,35,,800.0,799.0,0.0,1339.42,1343.46,1345.95,1353.2,0.6346682432298191,1405878272.0
1620,2026-01-03 02:58:45,35,,706.0,707.0,0.0,1338.78,1341.88,1345.32,1353.45,0.6103765305121761,1406148608.0
1680,2026-01-03 02:59:45,35,,617.0,618.0,0.0,1338.31,1341.94,1344.02,1354.43,0.5398668395858728,1405988864.0
1740,2026-01-03 03:00:45,35,,498.0,499.0,0.0,1339.29,1343.05,1345.96,1356.71,0.4632468570205965,1406164992.0
1800,2026-01-03 03:01:45,35,,455.0,455.0,0.0,1338.35,1341.54,1342.65,1350.88,0.3983782503409182,1403641856.0
60,2026-01-03 03:04:57,36,,759.0,730.0,0.0,1420.49,3599.62,5625.57,7517.17,0.2960437877434115,2028748800.0
120,2026-01-03 03:05:57,36,,722.0,722.0,0.0,737.92,742.36,747.28,757.01,0.6233309814855181,2034442240.0
180,2026-01-03 03:06:57,36,,535.0,537.0,0.0,737.66,741.99,747.01,755.33,0.5613705264255149,1659195392.0
240,2026-01-03 03:07:57,36,,460.0,460.0,0.0,736.34,739.64,741.36,750.49,0.4477410422693014,1659813888.0
300,2026-01-03 03:08:57,36,,438.0,438.0,0.0,737.34,741.41,744.06,752.55,0.37910694613128143,1660465152.0
360,2026-01-03 03:09:57,36,,507.0,507.0,0.0,737.13,740.85,743.62,751.85,0.3712835628532753,1661071360.0
420,2026-01-03 03:10:57,36,,505.0,505.0,0.0,737.06,740.73,744.04,750.3,0.39211410333087404,1661456384.0
480,2026-01-03 03:11:57,36,,525.0,525.0,0.0,736.72,740.22,743.53,753.52,0.4015070575783761,1632620544.0
540,2026-01-03 03:12:57,36,,382.0,383.0,0.0,736.33,739.87,742.48,749.46,0.3700843806421823,1632698368.0
600,2026-01-03 03:13:57,36,,365.0,365.0,0.0,735.99,739.74,741.54,747.53,0.30914931599597856,1632768000.0
660,2026-01-03 03:14:57,36,,410.0,410.0,0.0,736.58,740.19,741.94,747.5,0.29534636823991745,1633165312.0
720,2026-01-03 03:15:57,36,,388.0,388.0,0.0,736.25,739.97,743.53,751.52,0.3118478969641504,1633513472.0
780,2026-01-03 03:16:57,36,,397.0,397.0,0.0,736.65,740.7,743.48,748.92,0.309059698805662,1633918976.0
840,2026-01-03 03:17:57,36,,475.0,474.0,0.0,736.09,738.67,742.37,749.33,0.32488203420695794,1507901440.0
900,2026-01-03 03:18:57,36,,452.0,452.0,0.0,736.15,739.09,741.98,750.01,0.3457833071601439,1508061184.0
960,2026-01-03 03:19:57,36,,447.0,447.0,0.0,736.23,739.92,742.02,749.38,0.3459438590872192,1507889152.0
1020,2026-01-03 03:20:57,36,,475.0,475.0,0.0,736.13,739.56,743.69,750.0,0.3507221858702353,1508122624.0
1080,2026-01-03 03:21:57,36,,504.0,504.0,0.0,736.48,740.18,743.49,748.47,0.3637140598223233,1508147200.0
1140,2026-01-03 03:22:57,36,,508.0,508.0,0.0,736.52,739.98,742.85,751.76,0.37854796092193294,1217212416.0
1200,2026-01-03 03:23:57,36,,636.0,635.0,0.0,736.86,740.5,744.75,753.14,0.4171272494351743,1217437696.0
1260,2026-01-03 03:24:57,36,,630.0,630.0,0.0,736.58,740.22,744.1,751.93,0.46693285091379905,1217519616.0
1320,2026-01-03 03:25:57,36,,715.0,714.0,0.0,736.67,739.8,742.03,751.79,0.5041619731201429,1217720320.0
1380,2026-01-03 03:26:57,36,,757.0,757.0,0.0,737.54,741.55,746.15,755.65,0.5442125004833137,1217441792.0
1440,2026-01-03 03:27:57,36,,794.0,793.0,0.0,736.63,740.17,742.93,752.25,0.5858977894363205,1204895744.0
1500,2026-01-03 03:28:57,36,,767.0,768.0,0.0,736.88,740.88,744.43,753.43,0.5980409841497509,1203200000.0
1560,2026-01-03 03:29:57,36,,800.0,799.0,0.0,736.73,740.44,744.01,754.6,0.5967501147184064,1192570880.0
1620,2026-01-03 03:30:57,36,,706.0,707.0,0.0,737.2,740.57,744.89,757.32,0.5846120935497781,1192677376.0
1680,2026-01-03 03:31:57,36,,617.0,618.0,0.0,736.7,740.67,743.51,753.74,0.5312003181381144,1192656896.0
1740,2026-01-03 03:32:57,36,,498.0,499.0,0.0,736.86,740.8,744.19,749.63,0.45362998241387603,1192828928.0
1800,2026-01-03 03:33:57,36,,455.0,455.0,0.0,736.68,740.97,744.45,752.11,0.38752882962624413,1192730624.0
60,2026-01-03 17:14:45,37,,759.0,752.0,0.0,1491.56,1471.08,1559.01,2493.73,0.1575732695800911,2137698304.0
120,2026-01-03 17:15:45,37,,722.0,722.0,0.0,1462.8,1464.16,1464.96,1468.02,0.2574795019550286,1942716416.0
180,2026-01-03 17:16:45,37,,535.0,537.0,0.0,1462.47,1463.46,1464.2,1465.73,0.16478026015257607,1937764352.0
240,2026-01-03 17:17:45,37,,460.0,460.0,0.0,1462.25,1463.6,1464.14,1465.01,0.10829998567190402,1937887232.0
300,2026-01-03 17:18:45,37,,438.0,438.0,0.0,1462.63,1464.03,1464.84,1466.29,0.09347232300213494,1938698240.0
360,2026-01-03 17:19:45,37,,507.0,507.0,0.0,1462.72,1463.58,1464.3,1468.38,0.09725188510762084,1947717632.0
420,2026-01-03 17:20:45,37,,505.0,505.0,0.0,1462.15,1463.26,1463.7,1465.52,0.08813724075984046,1947779072.0
480,2026-01-03 17:21:45,37,,525.0,525.0,0.0,1462.17,1463.4,1463.89,1465.58,0.09779640384478694,1947766784.0
540,2026-01-03 17:22:45,37,,382.0,404.0,0.0,1506.82,1594.67,1595.08,1596.3,0.09254131618737235,1948168192.0
600,2026-01-03 17:23:45,37,,365.0,366.0,0.0,1471.81,1558.93,1559.86,1593.1,0.07741977483133622,1948717056.0
660,2026-01-03 17:24:45,37,,410.0,409.0,0.0,1465.48,1471.29,1471.91,1473.05,0.08490576012609669,1948286976.0
720,2026-01-03 17:25:45,37,,388.0,389.0,0.0,1462.11,1463.65,1464.21,1464.94,0.08926488904144905,1950085120.0
780,2026-01-03 17:26:45,37,,397.0,400.0,0.0,1462.15,1463.46,1463.99,1464.48,0.07427240718069687,1950044160.0
840,2026-01-03 17:27:45,37,,475.0,475.0,0.0,1462.1,1463.26,1463.95,1464.71,0.08180441853222321,1950347264.0
900,2026-01-03 17:28:45,37,,452.0,451.0,0.0,1462.1,1463.38,1463.76,1465.14,0.08661631345325482,1950244864.0
960,2026-01-03 17:29:45,37,,447.0,448.0,0.0,1462.09,1463.4,1463.74,1465.22,0.08776792661224314,1949523968.0
1020,2026-01-03 17:30:45,37,,475.0,477.0,0.0,1461.91,1463.05,1463.44,1464.45,0.08838936428479141,1950396416.0
1080,2026-01-03 17:31:45,37,,504.0,504.0,0.0,1461.02,1463.07,1463.68,1465.12,0.0885294868091975,1950621696.0
1140,2026-01-03 17:32:45,37,,508.0,514.0,0.0,1461.95,1463.11,1463.85,1464.62,0.09316629156371536,1950621696.0
1200,2026-01-03 17:33:45,37,,636.0,636.0,0.0,1462.66,1463.32,1463.91,1504.6,0.10427160495683066,1951911936.0
1260,2026-01-03 17:34:45,37,,630.0,634.0,0.0,1462.25,1463.12,1463.55,1465.83,0.11393166619845677,1954447360.0
1320,2026-01-03 17:35:45,37,,715.0,717.0,0.0,1461.69,1462.89,1463.48,1464.37,0.1182576384512577,1954291712.0
1380,2026-01-03 17:36:45,37,,757.0,759.0,0.0,1461.65,1462.92,1463.42,1465.34,0.12860352882932932,1956630528.0
1440,2026-01-03 17:37:45,37,,794.0,793.0,0.0,1460.97,1462.74,1463.25,1464.35,0.1328268090167435,1956839424.0
1500,2026-01-03 17:38:45,37,,767.0,768.0,0.0,1461.5,1462.76,1463.44,1464.66,0.133340484980405,1958764544.0
1560,2026-01-03 17:39:45,37,,800.0,796.0,0.0,1460.89,1462.6,1463.14,1464.29,0.13029052503216992,1958809600.0
1620,2026-01-03 17:40:45,37,,706.0,701.0,0.0,1461.6,1462.95,1463.45,1464.62,0.1331962272333877,1958211584.0
1680,2026-01-03 17:41:45,37,,617.0,611.0,0.0,1461.42,1462.56,1462.96,1464.51,0.11874991047437297,1960239104.0
1740,2026-01-03 17:42:45,37,,498.0,497.0,0.0,1461.65,1462.81,1463.23,1465.06,0.09625687153950091,1962356736.0
1800,2026-01-03 17:43:45,37,,455.0,447.0,0.0,1461.63,1462.74,1463.22,1464.26,0.08515052391895953,1962491904.0
60,2026-01-03 17:46:55,38,,759.0,752.0,0.0,879.69,867.58,894.8,1341.18,0.13634336568354075,1959374848.0
120,2026-01-03 17:47:55,38,,722.0,722.0,0.0,861.76,863.03,863.74,864.95,0.22442381776804188,1963241472.0
180,2026-01-03 17:48:55,38,,535.0,537.0,0.0,861.2,862.36,862.84,863.87,0.15404795998652343,1735118848.0
240,2026-01-03 17:49:55,38,,460.0,460.0,0.0,861.15,862.3,862.88,863.75,0.11051640866120266,1735266304.0
300,2026-01-03 17:50:55,38,,438.0,438.0,0.0,861.5,862.68,863.24,864.67,0.08694553729817792,1735528448.0
360,2026-01-03 17:51:55,38,,507.0,507.0,0.0,861.19,862.35,863.0,863.83,0.08870329427865226,1735880704.0
420,2026-01-03 17:52:55,38,,505.0,505.0,0.0,859.51,862.58,863.06,864.47,0.08881090225200292,1738272768.0
480,2026-01-03 17:53:55,38,,525.0,525.0,0.0,860.29,862.38,862.78,863.77,0.08987825653727646,1738457088.0
540,2026-01-03 17:54:55,38,,382.0,383.0,0.0,861.25,862.32,862.9,864.03,0.08259755986024331,1738297344.0
600,2026-01-03 17:55:55,38,,365.0,365.0,0.0,861.41,862.72,863.09,864.22,0.06989715933742421,1738448896.0
660,2026-01-03 17:56:55,38,,410.0,410.0,0.0,861.9,863.18,863.65,864.48,0.07637174353889617,1740488704.0
720,2026-01-03 17:57:55,38,,388.0,388.0,0.0,861.02,862.12,862.64,865.14,0.08313314828749588,1740845056.0
780,2026-01-03 17:58:55,38,,397.0,397.0,0.0,861.29,862.25,862.98,865.01,0.0751958472742569,1750110208.0
840,2026-01-03 17:59:55,38,,475.0,474.0,0.0,860.93,862.03,862.61,863.58,0.07867471719836654,1750446080.0
900,2026-01-03 18:00:55,38,,452.0,452.0,0.0,861.01,862.16,862.46,863.22,0.08134233160889537,1750536192.0
960,2026-01-03 18:01:55,38,,447.0,447.0,0.0,860.88,861.99,862.43,863.43,0.07567583352179608,1750753280.0
1020,2026-01-03 18:02:55,38,,475.0,475.0,0.0,860.99,862.08,862.52,863.36,0.07765039093765862,1750937600.0
1080,2026-01-03 18:03:55,38,,504.0,504.0,0.0,861.0,862.1,862.6,863.28,0.08102849428734703,1750863872.0
1140,2026-01-03 18:04:55,38,,508.0,508.0,0.0,860.07,862.07,862.42,863.4,0.08326214113068173,1751269376.0
1200,2026-01-03 18:05:55,38,,636.0,635.0,0.0,860.89,862.04,862.54,863.54,0.09134121499835576,1751183360.0
1260,2026-01-03 18:06:55,38,,630.0,630.0,0.0,860.8,861.8,862.12,863.23,0.10121861053955832,1751445504.0
1320,2026-01-03 18:07:55,38,,715.0,714.0,0.0,860.62,861.61,862.02,863.11,0.1074774728194275,1751691264.0
1380,2026-01-03 18:08:55,38,,757.0,757.0,0.0,860.66,861.68,862.3,863.4,0.11526629102336233,1752354816.0
1440,2026-01-03 18:09:55,38,,794.0,793.0,0.0,859.92,861.55,861.96,862.67,0.11873403810435326,1754370048.0
1500,2026-01-03 18:10:55,38,,767.0,768.0,0.0,860.52,861.65,862.16,863.38,0.11884636102941952,1754066944.0
1560,2026-01-03 18:11:55,38,,800.0,799.0,0.0,859.9,861.45,861.88,863.11,0.12110524864770916,1754628096.0
1620,2026-01-03 18:12:55,38,,706.0,707.0,0.0,860.61,861.69,862.24,863.66,0.1177053310028893,1754148864.0
1680,2026-01-03 18:13:55,38,,617.0,618.0,0.0,860.5,861.49,861.99,863.22,0.1049246050226514,1755303936.0
1740,2026-01-03 18:14:55,38,,498.0,499.0,0.0,860.62,861.75,862.25,862.94,0.09067500107085782,1757667328.0
1800,2026-01-03 18:15:55,38,,455.0,455.0,0.0,860.72,861.66,861.96,863.12,0.07863762252434148,1757683712.0
60,2026-01-03 18:19:08,39,,759.0,576.0,0.0,19065.65,28443.49,30835.13,36271.47,0.16487649097141227,2147287040.0
120,2026-01-03 18:20:08,39,,722.0,600.0,0.0,35675.59,43994.97,46615.79,51696.33,0.24790024241173503,2224283648.0
180,2026-01-03 18:21:08,39,,535.0,502.0,10.0,46057.77,53477.16,56197.46,60000.47,0.22169271227743623,2020409344.0
240,2026-01-03 18:22:08,39,,460.0,460.0,8.0,47241.4,54387.78,55782.04,60000.42,0.21123103670585217,2030034944.0
300,2026-01-03 18:23:08,39,,438.0,438.0,6.0,44256.21,51505.18,55135.11,60000.12,0.2133919126366939,2030608384.0
360,2026-01-03 18:24:08,39,,507.0,507.0,4.0,45272.77,52313.85,54134.98,58369.37,0.16858622284723263,2031984640.0
420,2026-01-03 18:25:08,39,,505.0,491.0,19.0,48974.77,56310.54,58868.79,60000.51,0.21027529158451969,2032070656.0
480,2026-01-03 18:26:08,39,,525.0,499.0,40.0,51766.99,59213.05,60000.36,60000.8,0.18672099180440555,2034585600.0
540,2026-01-03 18:27:08,39,,382.0,382.0,6.0,47560.44,54494.06,57114.34,60000.56,0.20493328209648526,2034470912.0
600,2026-01-03 18:28:08,39,,365.0,365.0,1.0,34824.27,43694.18,46682.4,52396.11,0.2052443155016431,2034819072.0
660,2026-01-03 18:29:08,39,,410.0,410.0,0.0,22756.36,30149.67,31672.57,34959.89,0.20406392841188134,2036187136.0
720,2026-01-03 18:30:08,39,,388.0,388.0,0.0,7126.41,13227.98,14472.8,15438.18,0.18323158094840192,2035851264.0
780,2026-01-03 18:31:08,39,,397.0,397.0,0.0,4148.32,4301.86,4374.6,4542.33,0.2219737771026356,2035630080.0
840,2026-01-03 18:32:08,39,,475.0,474.0,0.0,5302.22,6047.74,6223.21,6622.84,0.1758514034734954,2035527680.0
900,2026-01-03 18:33:08,39,,452.0,452.0,0.0,6085.33,7719.11,8083.58,8772.36,0.19677952427067547,2035531776.0
960,2026-01-03 18:34:08,39,,447.0,447.0,0.0,4862.82,5292.97,5468.33,5767.82,0.19067623453273486,2036043776.0
1020,2026-01-03 18:35:08,39,,475.0,475.0,0.0,5531.63,5962.81,6051.36,6280.8,0.16039749212741566,2035761152.0
1080,2026-01-03 18:36:08,39,,504.0,504.0,0.0,8063.72,10641.33,11107.57,12054.44,0.1967438019038203,2035929088.0
1140,2026-01-03 18:37:08,39,,508.0,508.0,0.0,14387.72,18766.18,21135.83,26049.49,0.194542018623777,2036649984.0
1200,2026-01-03 18:38:08,39,,636.0,635.0,0.0,30371.26,39665.39,42125.62,47850.85,0.199299287573021,2037100544.0
1260,2026-01-03 18:39:08,39,,630.0,609.0,34.0,48193.46,57957.59,60000.16,60000.64,0.2033395013013387,2036940800.0
1320,2026-01-03 18:40:08,39,,715.0,538.0,282.0,58022.27,60000.66,60000.82,60001.18,0.20263594854214095,2037239808.0
1380,2026-01-03 18:41:08,39,,757.0,509.0,393.0,59393.22,60000.66,60000.82,60001.01,0.17887080681247577,2037493760.0
1440,2026-01-03 18:42:08,39,,794.0,502.0,468.0,59871.77,60000.62,60000.77,60001.04,0.20412479026708993,2037473280.0
1500,2026-01-03 18:43:08,39,,767.0,500.0,493.0,59988.15,60000.58,60000.73,60001.32,0.20394452915944739,2039767040.0
1560,2026-01-03 18:44:08,39,,800.0,499.0,495.0,59991.26,60000.51,60000.64,60000.83,0.20132161791969233,2039656448.0
1620,2026-01-03 18:45:08,39,,706.0,499.0,498.0,59999.5,60000.59,60000.7,60000.99,0.19662787648748078,2039754752.0
1680,2026-01-03 18:46:08,39,,617.0,500.0,500.0,60000.01,60000.54,60000.68,60000.93,0.2008486142972416,2040049664.0
1740,2026-01-03 18:47:08,39,,498.0,495.0,495.0,59999.91,60000.51,60000.65,60000.96,0.20139800729046892,2041815040.0
1800,2026-01-03 18:48:08,39,,455.0,265.0,265.0,59999.94,60000.54,60000.71,60000.89,0.17976267732964152,2042167296.0
60,2026-01-03 18:51:49,40,,759.0,583.0,0.0,18336.61,28446.91,30770.82,35281.72,0.21550939779818873,2118201344.0
120,2026-01-03 18:52:49,40,,722.0,600.0,0.0,34776.17,44669.05,46704.46,51717.28,0.32318572668502843,2178940928.0
180,2026-01-03 18:53:49,40,,535.0,507.0,2.0,43631.41,50676.11,53481.87,58308.07,0.22794870376463452,1813467136.0
240,2026-01-03 18:54:49,40,,460.0,458.0,3.0,43973.77,51743.19,54337.22,58083.98,0.20923653288941932,1821315072.0
300,2026-01-03 18:55:49,40,,438.0,438.0,2.0,40596.01,48104.92,50383.26,54279.34,0.20959185395143898,1823277056.0
360,2026-01-03 18:56:49,40,,507.0,507.0,0.0,39603.22,46645.74,49248.74,52026.82,0.20846591758626215,1823875072.0
420,2026-01-03 18:57:49,40,,505.0,505.0,1.0,43569.72,51182.58,53489.26,57439.94,0.20944769549662007,1824604160.0
480,2026-01-03 18:58:49,40,,525.0,509.0,13.0,47611.91,55326.16,57787.22,60000.54,0.2049502031058945,1824825344.0
540,2026-01-03 18:59:49,40,,382.0,383.0,4.0,45046.7,52392.37,54206.25,59341.06,0.19955688656728068,1825308672.0
600,2026-01-03 19:00:49,40,,365.0,365.0,0.0,30280.75,40764.59,42974.75,46208.78,0.19775923602860734,1825398784.0
660,2026-01-03 19:01:49,40,,410.0,410.0,0.0,13506.24,20110.35,21444.04,23788.46,0.1934313642933398,1825480704.0
720,2026-01-03 19:02:49,40,,388.0,388.0,0.0,3624.25,3942.26,4682.81,5610.92,0.20076799646593246,1825443840.0
780,2026-01-03 19:03:49,40,,397.0,397.0,0.0,3569.85,3737.63,3782.73,3854.4,0.2186252174409522,1830252544.0
840,2026-01-03 19:04:49,40,,475.0,474.0,0.0,5941.4,7188.83,7456.8,7872.16,0.2073328151831533,1830273024.0
900,2026-01-03 19:05:49,40,,452.0,452.0,0.0,4673.47,6182.79,6521.66,7107.53,0.19027526833324593,1831325696.0
960,2026-01-03 19:06:49,40,,447.0,447.0,0.0,4088.24,4462.96,4602.49,4975.41,0.1917097290969259,1831374848.0
1020,2026-01-03 19:07:49,40,,475.0,475.0,0.0,4492.68,4928.88,5008.03,5165.3,0.19121889165191486,1831677952.0
1080,2026-01-03 19:08:49,40,,504.0,504.0,0.0,7976.26,10205.4,10847.65,12047.4,0.19050514435601296,1831849984.0
1140,2026-01-03 19:09:49,40,,508.0,508.0,0.0,13539.8,16713.97,18089.17,21470.41,0.1905420514546567,1832222720.0
1200,2026-01-03 19:10:49,40,,636.0,635.0,0.0,29237.34,39244.29,41630.27,47054.13,0.19368963856676097,1832632320.0
1260,2026-01-03 19:11:49,40,,630.0,596.0,15.0,46527.51,55516.26,57915.69,60000.53,0.19590537102404765,1833000960.0
1320,2026-01-03 19:12:49,40,,715.0,557.0,261.0,57368.49,60000.66,60000.84,60001.74,0.19376815038704354,1833103360.0
1380,2026-01-03 19:13:49,40,,757.0,505.0,346.0,59090.6,60000.65,60000.76,60001.15,0.19374210903002323,1833254912.0
1440,2026-01-03 19:14:49,40,,794.0,505.0,444.0,59754.93,60000.63,60000.77,60001.12,0.1965321551046948,1833582592.0
1500,2026-01-03 19:15:49,40,,767.0,501.0,467.0,59895.14,60000.53,60000.69,60000.91,0.19708014254033623,1833721856.0
1560,2026-01-03 19:16:49,40,,800.0,500.0,484.0,59950.58,60000.57,60000.75,60001.03,0.19555934885807502,1834287104.0
1620,2026-01-03 19:17:49,40,,706.0,499.0,495.0,59985.62,60000.62,60000.74,60001.01,0.19703267862307605,1834807296.0
1680,2026-01-03 19:18:49,40,,617.0,500.0,500.0,60000.04,60000.59,60000.72,60000.98,0.19573858183933618,1835036672.0
1740,2026-01-03 19:19:49,40,,498.0,491.0,491.0,59999.99,60000.54,60000.69,60000.92,0.1951899438258471,1834950656.0
1800,2026-01-03 19:20:49,40,,455.0,265.0,265.0,60000.05,60000.65,60000.78,60001.09,0.19697497594408483,1834930176.0
60,2026-01-03 19:24:31,41,,759.0,752.0,0.0,1478.74,1465.27,1505.9,2024.74,0.10955257516453713,1766477824.0
120,2026-01-03 19:25:31,41,,722.0,722.0,0.0,1461.11,1461.44,1462.13,1466.05,0.159803035461281,1407160320.0
180,2026-01-03 19:26:31,41,,535.0,537.0,0.0,1459.62,1460.67,1461.39,1462.29,0.1359963068592099,1411231744.0
240,2026-01-03 19:27:31,41,,460.0,460.0,0.0,1459.75,1460.88,1461.73,1463.05,0.08353322400385069,1411993600.0
300,2026-01-03 19:28:31,41,,438.0,438.0,0.0,1459.83,1460.97,1461.52,1462.31,0.06937351270418607,1412104192.0
360,2026-01-03 19:29:31,41,,507.0,507.0,0.0,1459.82,1460.91,1461.58,1462.85,0.07238017863511478,1412771840.0
420,2026-01-03 19:30:31,41,,505.0,505.0,0.0,1458.82,1460.8,1461.24,1462.32,0.07838954655344449,1413160960.0
480,2026-01-03 19:31:31,41,,525.0,525.0,0.0,1459.84,1460.86,1461.49,1462.92,0.06839182095730245,1413586944.0
540,2026-01-03 19:32:31,41,,382.0,383.0,0.0,1459.56,1460.51,1461.08,1462.21,0.06985842488266644,1421062144.0
600,2026-01-03 19:33:31,41,,365.0,365.0,0.0,1459.69,1460.89,1461.64,1462.62,0.05460936557957262,1421242368.0
660,2026-01-03 19:34:31,41,,410.0,410.0,0.0,1459.74,1460.79,1461.25,1462.19,0.058181086027754444,1421496320.0
720,2026-01-03 19:35:31,41,,388.0,388.0,0.0,1459.33,1460.28,1460.65,1461.93,0.07621627738045582,1422086144.0
780,2026-01-03 19:36:31,41,,397.0,397.0,0.0,1459.56,1460.48,1461.04,1462.08,0.05292976459550794,1422499840.0
840,2026-01-03 19:37:31,41,,475.0,474.0,0.0,1459.46,1460.58,1460.95,1461.57,0.05628911340021728,1422647296.0
900,2026-01-03 19:38:31,41,,452.0,452.0,0.0,1459.44,1460.51,1461.2,1462.99,0.06930517581234331,1422446592.0
960,2026-01-03 19:39:31,41,,447.0,447.0,0.0,1459.36,1460.31,1460.74,1461.76,0.05859227419774091,1422512128.0
1020,2026-01-03 19:40:31,41,,475.0,475.0,0.0,1459.24,1460.44,1460.79,1461.79,0.06541682817931785,1422553088.0
1080,2026-01-03 19:41:31,41,,504.0,504.0,0.0,1458.55,1460.42,1460.91,1462.29,0.06525268321757349,1422901248.0
1140,2026-01-03 19:42:31,41,,508.0,508.0,0.0,1459.4,1460.47,1461.05,1461.81,0.07171068688153577,1424019456.0
1200,2026-01-03 19:43:31,41,,636.0,635.0,0.0,1459.33,1460.6,1461.02,1462.18,0.0665879360038956,1425027072.0
1260,2026-01-03 19:44:31,41,,630.0,630.0,0.0,1459.22,1460.36,1461.05,1462.17,0.0857447212264704,1425477632.0
1320,2026-01-03 19:45:31,41,,715.0,714.0,0.0,1459.09,1460.09,1460.63,1461.83,0.08255874415096581,1425690624.0
1380,2026-01-03 19:46:31,41,,757.0,757.0,0.0,1459.03,1460.07,1460.53,1461.57,0.09304077346051137,1425899520.0
1440,2026-01-03 19:47:31,41,,794.0,793.0,0.0,1458.4,1459.94,1460.41,1461.78,0.08494496091954364,1427492864.0
1500,2026-01-03 19:48:31,41,,767.0,768.0,0.0,1459.03,1459.96,1460.57,1461.5,0.0976678375359595,1427644416.0
1560,2026-01-03 19:49:31,41,,800.0,799.0,0.0,1458.49,1460.09,1460.81,1461.84,0.0895562692543023,1429901312.0
1620,2026-01-03 19:50:31,41,,706.0,707.0,0.0,1459.1,1460.21,1460.67,1461.33,0.10544895262106996,1429880832.0
1680,2026-01-03 19:51:31,41,,617.0,618.0,0.0,1459.13,1460.13,1460.71,1461.84,0.0879417969321524,1432113152.0
1740,2026-01-03 19:52:31,41,,498.0,499.0,0.0,1459.22,1460.28,1460.79,1461.97,0.07179176858888904,1432141824.0
1800,2026-01-03 19:53:31,41,,455.0,455.0,0.0,1459.32,1460.36,1460.71,1461.95,0.06158417431040035,1431891968.0
60,2026-01-03 19:56:44,42,,759.0,752.0,0.0,877.28,863.89,885.37,1400.14,0.027382307631296583,1392529408.0
120,2026-01-03 19:57:44,42,,722.0,722.0,0.0,859.34,860.47,860.92,862.2,0.25127553749162973,1425817600.0
180,2026-01-03 19:58:44,42,,535.0,537.0,0.0,858.93,859.92,860.5,861.45,0.12399213719299222,1206280192.0
240,2026-01-03 19:59:44,42,,460.0,460.0,0.0,858.81,859.83,860.36,861.54,0.08079257142861104,1207410688.0
300,2026-01-03 20:00:44,42,,438.0,438.0,0.0,858.9,860.06,860.63,861.71,0.07189179415602631,1207799808.0
360,2026-01-03 20:01:44,42,,507.0,507.0,0.0,858.78,859.91,860.31,861.36,0.07110089556629257,1208074240.0
420,2026-01-03 20:02:44,42,,505.0,505.0,0.0,858.59,859.69,860.12,861.28,0.06824625327677572,1208172544.0
480,2026-01-03 20:03:44,42,,525.0,525.0,0.0,857.83,859.66,860.13,861.26,0.05747496382274142,1208299520.0
540,2026-01-03 20:04:44,42,,382.0,383.0,0.0,858.62,859.67,860.02,861.33,0.06123940642237549,1210507264.0
600,2026-01-03 20:05:44,42,,365.0,365.0,0.0,858.83,860.12,860.47,861.26,0.046062857007999926,1210523648.0
660,2026-01-03 20:06:44,42,,410.0,410.0,0.0,858.91,859.98,860.47,861.4,0.05927567855538829,1210191872.0
720,2026-01-03 20:07:44,42,,388.0,388.0,0.0,858.47,859.41,859.89,861.04,0.05803492141996994,1210052608.0
780,2026-01-03 20:08:44,42,,397.0,397.0,0.0,858.52,859.6,859.96,861.0,0.05152429581843687,1207808000.0
840,2026-01-03 20:09:44,42,,475.0,474.0,0.0,858.56,859.59,860.1,860.6,0.055560173747083746,1208467456.0
900,2026-01-03 20:10:44,42,,452.0,452.0,0.0,858.53,859.64,860.15,861.44,0.059281350974505535,1208795136.0
960,2026-01-03 20:11:44,42,,447.0,447.0,0.0,858.71,859.35,859.74,861.04,0.057478835777418164,1209081856.0
1020,2026-01-03 20:12:44,42,,475.0,475.0,0.0,858.43,859.44,859.89,860.8,0.05798638181212545,1211719680.0
1080,2026-01-03 20:13:44,42,,504.0,504.0,0.0,858.47,859.38,859.92,861.01,0.05974932697584848,1211813888.0
1140,2026-01-03 20:14:44,42,,508.0,508.0,0.0,858.45,859.46,859.87,860.94,0.05989568040562848,1211777024.0
1200,2026-01-03 20:15:44,42,,636.0,635.0,0.0,859.34,859.55,860.23,866.13,0.07096651041406561,1212329984.0
1260,2026-01-03 20:16:44,42,,630.0,630.0,0.0,858.44,859.52,860.1,861.16,0.07164972334118092,1214259200.0
1320,2026-01-03 20:17:44,42,,715.0,714.0,0.0,858.25,859.3,859.86,861.02,0.08093135379471363,1214357504.0
1380,2026-01-03 20:18:44,42,,757.0,757.0,0.0,858.34,859.32,859.79,860.76,0.08780080899862994,1214279680.0
1440,2026-01-03 20:19:44,42,,794.0,793.0,0.0,857.7,859.29,859.63,860.43,0.08877645227047273,1214300160.0
1500,2026-01-03 20:20:44,42,,767.0,768.0,0.0,858.28,859.28,859.79,860.96,0.09025809867956468,1214435328.0
1560,2026-01-03 20:21:44,42,,800.0,799.0,0.0,857.62,859.14,859.64,860.4,0.09367616536931085,1216327680.0
1620,2026-01-03 20:22:44,42,,706.0,707.0,0.0,858.27,859.39,859.86,861.07,0.08925614157719007,1216229376.0
1680,2026-01-03 20:23:44,42,,617.0,618.0,0.0,858.29,859.24,859.65,860.71,0.07751483643212857,1216536576.0
1740,2026-01-03 20:24:44,42,,498.0,499.0,0.0,858.36,859.39,859.83,860.83,0.06697248412499646,1216438272.0
1800,2026-01-03 20:25:44,42,,455.0,455.0,0.0,858.35,859.4,859.77,860.42,0.05732947035002077,1216442368.0
60,2026-01-03 20:28:56,43,,759.0,752.0,0.0,1182.15,1168.87,1221.81,1705.02,0.1468824923271894,2095783936.0
120,2026-01-03 20:29:56,43,,722.0,722.0,0.0,1162.77,1164.11,1165.01,1167.01,0.23484404259731653,2096214016.0
180,2026-01-03 20:30:56,43,,535.0,537.0,0.0,1162.88,1164.16,1164.81,1165.86,0.16909246269177974,1885581312.0
240,2026-01-03 20:31:56,43,,460.0,460.0,0.0,1162.38,1163.64,1164.25,1165.32,0.12122394065279313,1885642752.0
300,2026-01-03 20:32:56,43,,438.0,438.0,0.0,1162.42,1163.64,1164.15,1166.34,0.09791503035547094,1888358400.0
360,2026-01-03 20:33:56,43,,507.0,507.0,0.0,1162.54,1163.72,1164.31,1165.54,0.09629904150437293,1888473088.0
420,2026-01-03 20:34:56,43,,505.0,505.0,0.0,1162.49,1163.69,1164.18,1165.65,0.09882415254780615,1888698368.0
480,2026-01-03 20:35:56,43,,525.0,525.0,0.0,1162.65,1164.02,1164.58,1165.99,0.10022086402309925,1889058816.0
540,2026-01-03 20:36:56,43,,382.0,383.0,0.0,1162.36,1163.6,1164.39,1165.34,0.09377810632758407,1888784384.0
600,2026-01-03 20:37:56,43,,365.0,365.0,0.0,1162.45,1163.74,1164.06,1165.64,0.07997954485181172,1889652736.0
660,2026-01-03 20:38:56,43,,410.0,410.0,0.0,1162.62,1163.67,1164.22,1166.04,0.08299018925954507,1894981632.0
720,2026-01-03 20:39:56,43,,388.0,388.0,0.0,1162.21,1163.34,1163.83,1164.73,0.08827105842794958,1899200512.0
780,2026-01-03 20:40:56,43,,397.0,397.0,0.0,1162.15,1163.54,1163.9,1164.69,0.08398114482018981,1902342144.0
840,2026-01-03 20:41:56,43,,475.0,474.0,0.0,1162.06,1163.24,1163.78,1164.64,0.08455809585744815,1902526464.0
900,2026-01-03 20:42:56,43,,452.0,452.0,0.0,1162.14,1163.36,1163.93,1164.57,0.08628220505392543,1902862336.0
960,2026-01-03 20:43:56,43,,447.0,447.0,0.0,1162.15,1163.3,1163.74,1164.96,0.08543826146361921,1902964736.0
1020,2026-01-03 20:44:56,43,,475.0,475.0,0.0,1162.1,1163.23,1163.67,1164.58,0.08786974113134016,1903165440.0
1080,2026-01-03 20:45:56,43,,504.0,504.0,0.0,1162.29,1163.51,1163.97,1165.66,0.09148811545362422,1902952448.0
1140,2026-01-03 20:46:56,43,,508.0,508.0,0.0,1161.34,1163.51,1164.04,1165.19,0.0951041665311437,1903222784.0
1200,2026-01-03 20:47:56,43,,636.0,635.0,0.0,1162.06,1163.4,1163.89,1165.04,0.10604016314839335,1907712000.0
1260,2026-01-03 20:48:56,43,,630.0,630.0,0.0,1161.99,1163.29,1163.9,1164.92,0.11324124269324087,1901297664.0
1320,2026-01-03 20:49:56,43,,715.0,714.0,0.0,1161.1,1162.94,1163.42,1164.44,0.11805882974704959,1901613056.0
1380,2026-01-03 20:50:56,43,,757.0,757.0,0.0,1161.69,1162.72,1163.22,1164.37,0.126242646116211,1901273088.0
1440,2026-01-03 20:51:56,43,,794.0,793.0,0.0,1160.98,1162.63,1163.27,1164.48,0.1319010713229843,1901703168.0
1500,2026-01-03 20:52:56,43,,767.0,768.0,0.0,1161.5,1162.52,1163.08,1164.24,0.13302107584262132,1901838336.0
1560,2026-01-03 20:53:56,43,,800.0,799.0,0.0,1161.63,1162.69,1163.25,1164.23,0.13580933794059957,1905061888.0
1620,2026-01-03 20:54:56,43,,706.0,707.0,0.0,1161.57,1162.68,1163.23,1164.4,0.13350845040195472,1907466240.0
1680,2026-01-03 20:55:56,43,,617.0,618.0,0.0,1161.44,1162.64,1163.14,1164.24,0.11928638123925464,1909886976.0
1740,2026-01-03 20:56:56,43,,498.0,499.0,0.0,1161.86,1162.91,1163.3,1164.73,0.10218681606102542,1911844864.0
1800,2026-01-03 20:57:56,43,,455.0,455.0,0.0,1161.85,1163.02,1163.4,1164.76,0.08758313797724135,1911721984.0
60,2026-01-03 21:01:08,44,,759.0,752.0,0.0,582.76,568.35,602.19,1225.32,0.16806062560074575,1905528832.0
120,2026-01-03 21:02:08,44,,722.0,722.0,0.0,562.03,563.32,563.81,565.05,0.2049540162050018,1909866496.0
180,2026-01-03 21:03:08,44,,535.0,537.0,0.0,562.05,563.16,563.9,565.49,0.17138199470137422,1688031232.0
240,2026-01-03 21:04:08,44,,460.0,460.0,0.0,561.93,563.39,564.06,566.82,0.131637261481036,1698795520.0
300,2026-01-03 21:05:08,44,,438.0,438.0,0.0,561.42,562.49,563.05,564.06,0.1115437316345946,1699614720.0
360,2026-01-03 21:06:08,44,,507.0,507.0,0.0,560.57,562.59,563.05,564.4,0.09125550453303186,1699950592.0
420,2026-01-03 21:07:08,44,,505.0,505.0,0.0,561.4,562.58,563.08,564.7,0.10068922754386575,1700098048.0
480,2026-01-03 21:08:08,44,,525.0,525.0,0.0,561.7,562.84,563.37,564.67,0.08709937516240793,1700319232.0
540,2026-01-03 21:09:08,44,,382.0,383.0,0.0,561.43,562.62,563.02,564.63,0.09063422384596026,1702404096.0
600,2026-01-03 21:10:08,44,,365.0,365.0,0.0,561.53,562.91,563.58,564.8,0.06985021291314637,1702453248.0
660,2026-01-03 21:11:08,44,,410.0,410.0,0.0,560.31,562.4,563.06,564.14,0.07400378586499734,1705086976.0
720,2026-01-03 21:12:08,44,,388.0,388.0,0.0,561.29,562.54,562.97,563.98,0.08200676917454872,1705000960.0
780,2026-01-03 21:13:08,44,,397.0,397.0,0.0,561.34,562.62,563.09,564.73,0.06257368782330167,1705078784.0
840,2026-01-03 21:14:08,44,,475.0,474.0,0.0,561.28,562.44,562.97,564.51,0.0763327914141703,1705140224.0
900,2026-01-03 21:15:08,44,,452.0,452.0,0.0,561.31,562.45,563.0,564.44,0.08042504246925952,1705172992.0
960,2026-01-03 21:16:08,44,,447.0,447.0,0.0,561.32,562.4,562.98,563.99,0.08224379466672271,1705213952.0
1020,2026-01-03 21:17:08,44,,475.0,475.0,0.0,561.24,562.35,562.96,563.81,0.0776100085225391,1705476096.0
1080,2026-01-03 21:18:08,44,,504.0,504.0,0.0,559.29,562.16,562.56,563.59,0.08474148894526116,1705586688.0
1140,2026-01-03 21:19:08,44,,508.0,508.0,0.0,561.14,562.25,562.74,563.82,0.08925559663903032,1706262528.0
1200,2026-01-03 21:20:08,44,,636.0,635.0,0.0,561.37,562.46,563.0,564.67,0.08278318792970354,1706475520.0
1260,2026-01-03 21:21:08,44,,630.0,630.0,0.0,561.18,562.39,562.85,563.89,0.10731810732582771,1711968256.0
1320,2026-01-03 21:22:08,44,,715.0,714.0,0.0,560.93,562.09,562.54,563.67,0.1144634799119702,1711939584.0
1380,2026-01-03 21:23:08,44,,757.0,757.0,0.0,560.87,561.89,562.33,563.5,0.11558882213669242,1712279552.0
1440,2026-01-03 21:24:08,44,,794.0,793.0,0.0,560.18,561.82,562.24,563.47,0.11145314490503384,1712566272.0
1500,2026-01-03 21:25:08,44,,767.0,768.0,0.0,560.78,561.87,562.28,563.22,0.12058699569783202,1712390144.0
1560,2026-01-03 21:26:08,44,,800.0,799.0,0.0,558.97,561.86,562.33,563.22,0.12415066439614475,1712566272.0
1620,2026-01-03 21:27:08,44,,706.0,707.0,0.0,560.72,561.85,562.31,563.26,0.1170237541761016,1712582656.0
1680,2026-01-03 21:28:08,44,,617.0,618.0,0.0,560.7,561.87,562.29,563.42,0.08929377364912264,1712693248.0
1740,2026-01-03 21:29:08,44,,498.0,499.0,0.0,560.64,561.8,562.19,563.29,0.08729365335792535,1714044928.0
1800,2026-01-03 21:30:08,44,,455.0,455.0,0.0,560.74,561.79,562.19,563.55,0.07833801631965501,1714958336.0
60,2026-01-03 21:33:21,45,,759.0,581.0,0.0,18561.05,28756.68,31370.42,34818.02,0.18379897058894934,2060836864.0
120,2026-01-03 21:34:21,45,,722.0,607.0,0.0,34898.55,43645.57,47397.52,50522.4,0.3180211500739709,2167496704.0
180,2026-01-03 21:35:21,45,,535.0,497.0,2.0,45103.83,52006.36,53825.3,58464.33,0.19017774496355522,1972224000.0
240,2026-01-03 21:36:21,45,,460.0,460.0,2.0,45863.2,53300.42,55133.92,58841.93,0.21447564336769706,1983311872.0
300,2026-01-03 21:37:21,45,,438.0,438.0,3.0,42977.03,50480.14,52807.12,58064.43,0.21531839962417854,1984528384.0
360,2026-01-03 21:38:21,45,,507.0,507.0,1.0,41524.05,48636.32,51281.41,54690.63,0.20385566564354,1985953792.0
420,2026-01-03 21:39:21,45,,505.0,502.0,3.0,45709.72,52934.86,55259.51,58087.51,0.22237331175694136,1987198976.0
480,2026-01-03 21:40:21,45,,525.0,498.0,9.0,48730.93,55085.96,56844.93,60000.36,0.19740545364707573,1989713920.0
540,2026-01-03 21:41:21,45,,382.0,383.0,2.0,43422.92,51555.9,53900.79,57981.92,0.20579182637552715,1990201344.0
600,2026-01-03 21:42:21,45,,365.0,365.0,0.0,27580.35,38935.3,40892.63,44684.69,0.1896175319336885,1990733824.0
660,2026-01-03 21:43:21,45,,410.0,410.0,0.0,9688.84,14677.97,15965.9,17272.03,0.20392556978684462,1990770688.0
720,2026-01-03 21:44:21,45,,388.0,388.0,0.0,3812.67,3938.78,4026.75,4141.83,0.20003983173036988,1990995968.0
780,2026-01-03 21:45:21,45,,397.0,397.0,0.0,3895.35,4064.39,4125.98,4219.02,0.1984600225111452,1991495680.0
840,2026-01-03 21:46:21,45,,475.0,474.0,0.0,4975.51,5323.42,5429.65,5578.14,0.1995113349415069,1992429568.0
900,2026-01-03 21:47:21,45,,452.0,452.0,0.0,4456.63,4748.41,4909.32,5159.69,0.17991339046912555,1992323072.0
960,2026-01-03 21:48:21,45,,447.0,447.0,0.0,4201.88,4421.64,4461.21,4574.74,0.1972389802121272,1992310784.0
1020,2026-01-03 21:49:21,45,,475.0,475.0,0.0,4833.47,5459.31,5585.81,5841.97,0.1992816053652143,1992867840.0
1080,2026-01-03 21:50:21,45,,504.0,504.0,0.0,5810.56,6997.94,7456.45,8194.41,0.1982593295965631,1992863744.0
1140,2026-01-03 21:51:21,45,,508.0,508.0,0.0,12003.78,16276.65,18346.1,23119.34,0.1983260947105755,1993453568.0
1200,2026-01-03 21:52:21,45,,636.0,635.0,0.0,30013.28,40208.04,42807.39,48399.97,0.2000744984972292,1994518528.0
1260,2026-01-03 21:53:21,45,,630.0,598.0,22.0,48160.29,56773.22,59094.9,60000.61,0.19951962587437377,1994973184.0
1320,2026-01-03 21:54:21,45,,715.0,542.0,294.0,57957.85,60000.7,60000.81,60001.11,0.19962973689213423,1994993664.0
1380,2026-01-03 21:55:21,45,,757.0,509.0,394.0,59416.32,60000.7,60000.84,60001.36,0.1980253077992932,1995300864.0
1440,2026-01-03 21:56:21,45,,794.0,502.0,475.0,59885.29,60000.63,60000.81,60001.08,0.19609100554372572,1995743232.0
1500,2026-01-03 21:57:21,45,,767.0,500.0,471.0,59916.48,60000.49,60000.63,60001.05,0.20055333364928632,1995829248.0
1560,2026-01-03 21:58:21,45,,800.0,500.0,491.0,59978.71,60000.58,60000.7,60000.95,0.2041176850325747,1995898880.0
1620,2026-01-03 21:59:21,45,,706.0,500.0,490.0,59958.37,60000.66,60000.83,60001.2,0.20449902239410922,1996238848.0
1680,2026-01-03 22:00:21,45,,617.0,500.0,498.0,59998.59,60000.59,60000.72,60001.05,0.20497013269316056,1997541376.0
1740,2026-01-03 22:01:21,45,,498.0,492.0,489.0,59996.97,60000.6,60000.73,60001.05,0.20421002676904654,1998168064.0
1800,2026-01-03 22:02:21,45,,455.0,265.0,262.0,59979.64,60000.64,60000.75,60001.11,0.20389973362175,1998229504.0
60,2026-01-03 22:06:04,46,,759.0,586.0,0.0,17795.4,28319.24,30968.9,34899.76,0.16846574062519337,2052165632.0
120,2026-01-03 22:07:04,46,,722.0,603.0,0.0,33816.03,42742.86,45204.71,52683.45,0.30192592562459913,2125680640.0
180,2026-01-03 22:08:04,46,,535.0,508.0,2.0,42507.0,49637.08,52099.42,56069.95,0.24469383816664037,1771569152.0
240,2026-01-03 22:09:04,46,,460.0,460.0,1.0,43183.93,49755.92,51824.68,58360.95,0.2137939191027412,1778692096.0
300,2026-01-03 22:10:04,46,,438.0,438.0,1.0,38545.77,45409.95,47726.42,51113.17,0.21098022421196394,1779933184.0
360,2026-01-03 22:11:04,46,,507.0,507.0,0.0,36617.49,43887.72,46128.44,51953.07,0.1812817763489098,1781387264.0
420,2026-01-03 22:12:04,46,,505.0,505.0,0.0,40576.9,47716.49,50147.27,54591.32,0.18553422756797588,1782251520.0
480,2026-01-03 22:13:04,46,,525.0,512.0,7.0,44116.09,51529.48,54664.47,60000.25,0.1970557682850267,1783586816.0
540,2026-01-03 22:14:04,46,,382.0,383.0,1.0,38870.54,47156.19,49310.33,53238.69,0.19879363625690666,1783894016.0
600,2026-01-03 22:15:04,46,,365.0,365.0,0.0,21679.08,32056.18,35082.57,39737.32,0.19780635283720527,1784188928.0
660,2026-01-03 22:16:04,46,,410.0,410.0,0.0,4766.43,8165.4,9110.05,10922.91,0.19325386360357286,1784766464.0
720,2026-01-03 22:17:04,46,,388.0,388.0,0.0,3209.27,3351.31,3446.72,3599.32,0.20071844043644171,1785229312.0
780,2026-01-03 22:18:04,46,,397.0,397.0,0.0,3267.22,3457.87,3538.56,3633.69,0.1922165684389626,1790480384.0
840,2026-01-03 22:19:04,46,,475.0,474.0,0.0,4648.59,5286.89,5417.71,5626.18,0.20665232588722243,1790582784.0
900,2026-01-03 22:20:04,46,,452.0,452.0,0.0,3934.98,4354.25,4519.85,4767.12,0.1656040681423721,1790820352.0
960,2026-01-03 22:21:04,46,,447.0,447.0,0.0,3799.17,4116.24,4219.04,4446.43,0.1916686876757866,1791479808.0
1020,2026-01-03 22:22:04,46,,475.0,475.0,0.0,4102.82,4575.6,4934.46,5353.97,0.19103926510337801,1791930368.0
1080,2026-01-03 22:23:04,46,,504.0,504.0,0.0,7099.71,8424.51,8831.35,9654.27,0.19020872272117634,1791533056.0
1140,2026-01-03 22:24:04,46,,508.0,508.0,0.0,10258.03,12373.02,13527.77,18266.53,0.18615011698631648,1792389120.0
1200,2026-01-03 22:25:04,46,,636.0,635.0,0.0,27662.49,37377.04,40519.51,46008.95,0.19461732852361524,1792905216.0
1260,2026-01-03 22:26:04,46,,630.0,595.0,12.0,44611.22,53411.03,55942.61,60000.49,0.17555742523659829,1792577536.0
1320,2026-01-03 22:27:04,46,,715.0,575.0,200.0,55907.89,60000.55,60000.67,60000.97,0.19439332983972002,1793036288.0
1380,2026-01-03 22:28:04,46,,757.0,509.0,394.0,59430.56,60000.7,60000.83,60001.06,0.1734856262995887,1793249280.0
1440,2026-01-03 22:29:04,46,,794.0,502.0,453.0,59808.25,60000.62,60000.79,60000.96,0.19197358207940132,1793380352.0
1500,2026-01-03 22:30:04,46,,767.0,500.0,483.0,59941.95,60000.62,60000.78,60001.16,0.1662358583244196,1794768896.0
1560,2026-01-03 22:31:04,46,,800.0,500.0,496.0,59994.9,60000.61,60000.76,60001.09,0.19655496276579887,1796116480.0
1620,2026-01-03 22:32:04,46,,706.0,499.0,499.0,60000.03,60000.59,60000.7,60001.16,0.19275704329799004,1796550656.0
1680,2026-01-03 22:33:04,46,,617.0,500.0,500.0,60000.06,60000.6,60000.72,60001.12,0.16898527144121606,1796231168.0
1740,2026-01-03 22:34:04,46,,498.0,487.0,487.0,59999.99,60000.6,60000.73,60001.09,0.19003247360800674,1798242304.0
1800,2026-01-03 22:35:04,46,,455.0,265.0,265.0,60000.11,60000.65,60000.81,60001.48,0.19512296455993364,1798164480.0
60,2026-01-03 22:38:45,47,,759.0,752.0,0.0,1177.49,1166.66,1202.46,1657.0,0.13875663935395363,1727655936.0
120,2026-01-03 22:39:45,47,,722.0,722.0,0.0,1160.28,1161.6,1162.17,1163.34,0.20988272701868355,1732997120.0
180,2026-01-03 22:40:45,47,,535.0,537.0,0.0,1159.96,1160.97,1161.75,1162.76,0.14115274180596232,1735901184.0
240,2026-01-03 22:41:45,47,,460.0,460.0,0.0,1159.84,1160.98,1161.58,1162.59,0.09653281528389393,1362579456.0
300,2026-01-03 22:42:45,47,,438.0,438.0,0.0,1159.89,1160.96,1161.67,1162.78,0.07721937503455545,1365053440.0
360,2026-01-03 22:43:45,47,,507.0,507.0,0.0,1159.8,1160.95,1161.5,1162.53,0.07375437785230878,1365262336.0
420,2026-01-03 22:44:45,47,,505.0,505.0,0.0,1159.78,1160.89,1161.35,1162.77,0.0768180547824075,1365520384.0
480,2026-01-03 22:45:45,47,,525.0,525.0,0.0,1160.11,1161.0,1161.64,1163.42,0.07686811189774069,1365475328.0
540,2026-01-03 22:46:45,47,,382.0,383.0,0.0,1159.7,1160.67,1161.19,1162.45,0.06764878121029647,1365782528.0
600,2026-01-03 22:47:45,47,,365.0,365.0,0.0,1159.9,1161.03,1161.5,1162.68,0.05679148469114999,1365864448.0
660,2026-01-03 22:48:45,47,,410.0,410.0,0.0,1160.24,1160.83,1161.39,1163.45,0.06555393943525696,1376182272.0
720,2026-01-03 22:49:45,47,,388.0,388.0,0.0,1159.53,1160.56,1161.07,1162.24,0.07081547820651851,1372966912.0
780,2026-01-03 22:50:45,47,,397.0,397.0,0.0,1159.47,1160.43,1161.15,1162.01,0.06022343320099745,1372766208.0
840,2026-01-03 22:51:45,47,,475.0,474.0,0.0,1159.67,1160.86,1161.5,1162.5,0.06457445201650022,1369427968.0
900,2026-01-03 22:52:45,47,,452.0,452.0,0.0,1159.44,1160.43,1160.75,1162.0,0.06780249362809421,1369497600.0
960,2026-01-03 22:53:45,47,,447.0,447.0,0.0,1159.44,1160.46,1160.95,1162.27,0.06542955456179783,1369776128.0
1020,2026-01-03 22:54:45,47,,475.0,475.0,0.0,1159.46,1160.64,1160.97,1162.03,0.0662402415994271,1369698304.0
1080,2026-01-03 22:55:45,47,,504.0,504.0,0.0,1159.49,1160.59,1160.94,1162.04,0.06898971455637481,1369919488.0
1140,2026-01-03 22:56:45,47,,508.0,508.0,0.0,1157.83,1160.82,1161.29,1162.04,0.07032233884361455,1369841664.0
1200,2026-01-03 22:57:45,47,,636.0,635.0,0.0,1159.61,1160.79,1161.28,1162.42,0.08061590165245798,1369980928.0
1260,2026-01-03 22:58:45,47,,630.0,630.0,0.0,1159.36,1160.57,1161.12,1162.38,0.07400413998500364,1370112000.0
1320,2026-01-03 22:59:45,47,,715.0,714.0,0.0,1159.31,1160.42,1160.81,1161.81,0.08967400946347832,1371185152.0
1380,2026-01-03 23:00:45,47,,757.0,757.0,0.0,1159.29,1160.28,1160.75,1162.04,0.09674373755323723,1370951680.0
1440,2026-01-03 23:01:45,47,,794.0,793.0,0.0,1158.64,1160.28,1160.69,1162.23,0.10439050176284916,1376559104.0
1500,2026-01-03 23:02:45,47,,767.0,768.0,0.0,1159.28,1160.37,1160.89,1161.73,0.10760684925997874,1371930624.0
1560,2026-01-03 23:03:45,47,,800.0,799.0,0.0,1158.59,1160.21,1160.59,1161.68,0.1086203674086547,1374765056.0
1620,2026-01-03 23:04:45,47,,706.0,707.0,0.0,1159.27,1160.37,1160.78,1161.7,0.10287792093549358,1375162368.0
1680,2026-01-03 23:05:45,47,,617.0,618.0,0.0,1159.2,1160.17,1160.59,1161.51,0.08757614896080079,1377738752.0
1740,2026-01-03 23:06:45,47,,498.0,499.0,0.0,1159.44,1160.53,1161.08,1162.17,0.07028015503518079,1377603584.0
1800,2026-01-03 23:07:45,47,,455.0,455.0,0.0,1159.29,1160.4,1160.88,1162.41,0.06734889687245958,1379721216.0
60,2026-01-03 23:10:58,48,,759.0,752.0,0.0,575.92,563.91,579.3,1095.92,0.11235823730610658,1370636288.0
120,2026-01-03 23:11:58,48,,722.0,722.0,0.0,559.4,560.58,561.04,562.3,0.18193298745800432,1371332608.0
180,2026-01-03 23:12:58,48,,535.0,537.0,0.0,559.49,560.49,561.04,562.59,0.13001597704188192,1158262784.0
240,2026-01-03 23:13:58,48,,460.0,460.0,0.0,558.96,560.0,560.46,561.51,0.09348154499707989,1158197248.0
300,2026-01-03 23:14:58,48,,438.0,438.0,0.0,558.95,559.87,560.57,561.37,0.0770431538888789,1156411392.0
360,2026-01-03 23:15:58,48,,507.0,507.0,0.0,557.97,559.92,560.45,562.26,0.0718837759685591,1157435392.0
420,2026-01-03 23:16:58,48,,505.0,505.0,0.0,558.64,559.69,560.1,561.05,0.06998604829001026,1158586368.0
480,2026-01-03 23:17:58,48,,525.0,525.0,0.0,558.8,559.81,560.35,561.32,0.06863433671080661,1158594560.0
540,2026-01-03 23:18:58,48,,382.0,383.0,0.0,558.61,559.71,560.24,561.08,0.06115309349555141,1158668288.0
600,2026-01-03 23:19:58,48,,365.0,365.0,0.0,558.77,559.8,560.25,561.61,0.05200187699356431,1158676480.0
660,2026-01-03 23:20:58,48,,410.0,410.0,0.0,558.53,559.54,559.99,560.73,0.0576767061991834,1160679424.0
720,2026-01-03 23:21:58,48,,388.0,388.0,0.0,558.5,559.54,559.96,561.36,0.059285308162610725,1160843264.0
780,2026-01-03 23:22:58,48,,397.0,397.0,0.0,558.43,559.44,559.78,560.78,0.05118664960191523,1162231808.0
840,2026-01-03 23:23:58,48,,475.0,474.0,0.0,558.43,559.36,559.83,560.52,0.05290760877537271,1162354688.0
900,2026-01-03 23:24:58,48,,452.0,452.0,0.0,558.39,559.36,559.78,560.43,0.056302505368982805,1162563584.0
960,2026-01-03 23:25:58,48,,447.0,447.0,0.0,558.39,559.41,559.89,560.92,0.05625592056297469,1162706944.0
1020,2026-01-03 23:26:58,48,,475.0,475.0,0.0,558.46,559.43,559.77,560.59,0.05732086895100687,1162825728.0
1080,2026-01-03 23:27:58,48,,504.0,504.0,0.0,558.51,559.57,559.93,561.25,0.05856951837376707,1162723328.0
1140,2026-01-03 23:28:58,48,,508.0,508.0,0.0,557.53,559.51,559.94,561.05,0.06224503887736689,1163079680.0
1200,2026-01-03 23:29:58,48,,636.0,635.0,0.0,558.56,559.78,560.09,561.11,0.06798401234737753,1162985472.0
1260,2026-01-03 23:30:58,48,,630.0,630.0,0.0,558.73,559.55,560.0,561.23,0.07417375755385877,1164881920.0
1320,2026-01-03 23:31:58,48,,715.0,714.0,0.0,558.23,559.2,559.53,560.31,0.08081269529934185,1167839232.0
1380,2026-01-03 23:32:58,48,,757.0,757.0,0.0,558.3,559.27,559.7,560.52,0.08483046417614235,1167622144.0
1440,2026-01-03 23:33:58,48,,794.0,793.0,0.0,557.76,559.3,559.66,560.61,0.08707065383709281,1167491072.0
1500,2026-01-03 23:34:58,48,,767.0,768.0,0.0,558.21,559.24,559.61,560.27,0.09029519766095837,1167761408.0
1560,2026-01-03 23:35:58,48,,800.0,799.0,0.0,557.11,559.2,559.58,560.45,0.09174657918169318,1165090816.0
1620,2026-01-03 23:36:58,48,,706.0,707.0,0.0,558.32,559.33,559.78,560.93,0.0875916906850989,1165238272.0
1680,2026-01-03 23:37:58,48,,617.0,618.0,0.0,558.08,559.06,559.48,560.51,0.07719120724663275,1165864960.0
1740,2026-01-03 23:38:58,48,,498.0,499.0,0.0,557.45,559.31,559.73,560.5,0.06876160493052558,1166393344.0
1800,2026-01-03 23:39:58,48,,455.0,455.0,0.0,558.2,559.09,559.41,560.03,0.058208933538527935,1166401536.0
60,2026-01-03 23:43:09,49,,759.0,752.0,0.0,1086.01,1067.58,1119.13,1811.14,0.19620799437620723,1891889152.0
120,2026-01-03 23:44:09,49,,722.0,722.0,0.0,1061.85,1063.19,1063.76,1065.07,0.14557900096695572,1892798464.0
180,2026-01-03 23:45:09,49,,535.0,537.0,0.0,1061.48,1062.69,1063.1,1064.78,0.1651686604255907,1696493568.0
240,2026-01-03 23:46:09,49,,460.0,460.0,0.0,1061.2,1062.38,1062.9,1064.2,0.11327933237806159,1697116160.0
300,2026-01-03 23:47:09,49,,438.0,438.0,0.0,1061.33,1062.36,1062.97,1064.16,0.09389100833687197,1699168256.0
360,2026-01-03 23:48:09,49,,507.0,507.0,0.0,1061.4,1062.65,1063.35,1064.55,0.08341941160124758,1699753984.0
420,2026-01-03 23:49:09,49,,505.0,505.0,0.0,1061.39,1062.72,1063.49,1064.65,0.08743347773796373,1699639296.0
480,2026-01-03 23:50:09,49,,525.0,525.0,0.0,1061.16,1062.42,1062.84,1063.96,0.08077934745430393,1699831808.0
540,2026-01-03 23:51:09,49,,382.0,383.0,0.0,1061.27,1062.41,1062.99,1064.12,0.08269057122832794,1699614720.0
600,2026-01-03 23:52:09,49,,365.0,365.0,0.0,1061.65,1062.77,1063.28,1065.58,0.06474052786959614,1699749888.0
660,2026-01-03 23:53:09,49,,410.0,410.0,0.0,1061.57,1062.97,1063.78,1065.4,0.07042803728020673,1706029056.0
720,2026-01-03 23:54:09,49,,388.0,388.0,0.0,1062.65,1064.33,1064.9,1066.96,0.08294611342862832,1702752256.0
780,2026-01-03 23:55:09,49,,397.0,397.0,0.0,1060.95,1062.43,1063.03,1063.98,0.07210581465474336,1706000384.0
840,2026-01-03 23:56:09,49,,475.0,474.0,0.0,1060.77,1062.08,1062.43,1063.68,0.07273433696616148,1706221568.0
900,2026-01-03 23:57:09,49,,452.0,452.0,0.0,1060.56,1061.57,1062.12,1063.47,0.07624826539277808,1706323968.0
960,2026-01-03 23:58:09,49,,447.0,447.0,0.0,1060.59,1061.74,1062.13,1063.47,0.07114283922460071,1706311680.0
1020,2026-01-03 23:59:09,49,,475.0,475.0,0.0,1060.67,1061.74,1062.34,1063.4,0.0782815664582443,1706885120.0
1080,2026-01-04 00:00:09,49,,504.0,504.0,0.0,1060.77,1061.92,1062.32,1063.9,0.07895363350174207,1706979328.0
1140,2026-01-04 00:01:09,49,,508.0,508.0,0.0,1060.97,1062.21,1062.78,1063.85,0.08576707517276252,1707163648.0
1200,2026-01-04 00:02:09,49,,636.0,635.0,0.0,1060.96,1062.37,1062.8,1064.43,0.09067156696810305,1707110400.0
1260,2026-01-04 00:03:09,49,,630.0,630.0,0.0,1060.74,1062.06,1062.53,1063.62,0.09689433145818041,1707704320.0
1320,2026-01-04 00:04:09,49,,715.0,714.0,0.0,1060.55,1061.69,1062.09,1063.08,0.10895834468606044,1707896832.0
1380,2026-01-04 00:05:09,49,,757.0,757.0,0.0,1060.62,1061.71,1062.22,1063.08,0.1017530729557769,1707917312.0
1440,2026-01-04 00:06:09,49,,794.0,793.0,0.0,1060.59,1061.8,1062.43,1063.64,0.11042039193308778,1707851776.0
1500,2026-01-04 00:07:09,49,,767.0,768.0,0.0,1060.49,1061.52,1061.97,1063.78,0.12074670845995361,1708134400.0
1560,2026-01-04 00:08:09,49,,800.0,799.0,0.0,1060.01,1061.78,1062.37,1063.97,0.10899101836479458,1708929024.0
1620,2026-01-04 00:09:09,49,,706.0,707.0,0.0,1060.43,1061.6,1062.13,1063.17,0.11774871537701341,1709510656.0
1680,2026-01-04 00:10:09,49,,617.0,618.0,0.0,1060.55,1061.55,1061.93,1063.51,0.09791119100262864,1711841280.0
1740,2026-01-04 00:11:09,49,,498.0,499.0,0.0,1060.6,1061.66,1062.16,1063.0,0.09688522510853875,1712136192.0
1800,2026-01-04 00:12:09,49,,455.0,455.0,0.0,1060.52,1061.58,1061.95,1063.14,0.06390666831331629,1712140288.0
60,2026-01-04 00:15:22,50,,759.0,752.0,0.0,489.14,466.26,501.13,1435.33,0.16078849702946663,1703317504.0
120,2026-01-04 00:16:22,50,,722.0,722.0,0.0,460.77,462.1,462.56,464.16,0.18507725142910322,1708892160.0
180,2026-01-04 00:17:22,50,,535.0,537.0,0.0,460.44,461.59,462.22,463.24,0.1350059830999925,1497747456.0
240,2026-01-04 00:18:22,50,,460.0,460.0,0.0,460.22,461.38,461.84,462.94,0.10063554738348887,1498562560.0
300,2026-01-04 00:19:22,50,,438.0,438.0,0.0,460.22,461.22,461.53,462.45,0.07560904080025707,1498406912.0
360,2026-01-04 00:20:22,50,,507.0,507.0,0.0,460.31,461.39,461.88,462.96,0.0845188775222726,1499250688.0
420,2026-01-04 00:21:22,50,,505.0,505.0,0.0,460.31,461.52,461.93,462.89,0.08111309031151152,1499537408.0
480,2026-01-04 00:22:22,50,,525.0,525.0,0.0,460.05,461.46,462.08,492.89,0.08358453913567904,1499795456.0
540,2026-01-04 00:23:22,50,,382.0,383.0,0.0,460.27,461.56,462.05,462.72,0.07776914791712886,1499717632.0
600,2026-01-04 00:24:22,50,,365.0,365.0,0.0,460.42,461.81,462.16,462.96,0.059321198257011765,1499750400.0
660,2026-01-04 00:25:22,50,,410.0,410.0,0.0,460.27,461.4,461.87,462.93,0.06714070055378693,1502121984.0
720,2026-01-04 00:26:22,50,,388.0,388.0,0.0,460.38,461.53,462.02,463.3,0.07751838239695767,1502830592.0
780,2026-01-04 00:27:22,50,,397.0,397.0,0.0,460.17,461.29,461.79,462.42,0.0679964310853754,1502924800.0
840,2026-01-04 00:28:22,50,,475.0,474.0,0.0,460.13,461.3,461.81,462.97,0.06505102995327493,1503272960.0
900,2026-01-04 00:29:22,50,,452.0,452.0,0.0,459.96,460.9,461.57,462.83,0.07345823649666056,1503260672.0
960,2026-01-04 00:30:22,50,,447.0,447.0,0.0,460.02,461.1,461.73,462.78,0.06852267686712502,1503477760.0
1020,2026-01-04 00:31:22,50,,475.0,475.0,0.0,460.14,461.29,461.63,462.68,0.07248666122804173,1503338496.0
1080,2026-01-04 00:32:22,50,,504.0,504.0,0.0,460.18,461.31,461.66,462.77,0.07451415688934535,1503735808.0
1140,2026-01-04 00:33:22,50,,508.0,508.0,0.0,459.46,461.27,461.75,463.18,0.0812775273016351,1503698944.0
1200,2026-01-04 00:34:22,50,,636.0,635.0,0.0,460.15,461.46,462.0,462.82,0.08284335397007689,1506320384.0
1260,2026-01-04 00:35:22,50,,630.0,630.0,0.0,459.93,461.02,461.51,462.36,0.09513075826077226,1506840576.0
1320,2026-01-04 00:36:22,50,,715.0,714.0,0.0,459.71,460.72,461.15,462.32,0.0916602355425423,1507688448.0
1380,2026-01-04 00:37:22,50,,757.0,757.0,0.0,459.65,460.64,461.17,462.52,0.09373343317550716,1507442688.0
1440,2026-01-04 00:38:22,50,,794.0,793.0,0.0,459.6,460.56,461.11,462.32,0.10826044897244205,1507803136.0
1500,2026-01-04 00:39:22,50,,767.0,768.0,0.0,459.59,460.5,461.19,462.7,0.11126010237220266,1508007936.0
1560,2026-01-04 00:40:22,50,,800.0,799.0,0.0,459.1,460.66,461.12,462.53,0.1103107361401258,1508085760.0
1620,2026-01-04 00:41:22,50,,706.0,707.0,0.0,459.71,460.87,461.38,462.52,0.10794399567898041,1507745792.0
1680,2026-01-04 00:42:22,50,,617.0,618.0,0.0,459.63,460.7,461.04,462.27,0.09649600922777518,1508139008.0
1740,2026-01-04 00:43:22,50,,498.0,499.0,0.0,459.83,460.94,461.38,462.3,0.08302178180663562,1508143104.0
1800,2026-01-04 00:44:22,50,,455.0,455.0,0.0,459.8,460.81,461.21,461.96,0.06999146372737859,1508012032.0
60,2026-01-04 00:47:33,51,,759.0,580.0,0.0,18219.57,27331.86,29428.06,35297.85,0.10917434225392166,1838309376.0
120,2026-01-04 00:48:33,51,,722.0,606.0,0.0,34531.39,43654.38,46103.53,50655.04,0.29281806242156144,1975226368.0
180,2026-01-04 00:49:33,51,,535.0,513.0,1.0,43661.28,51251.81,53131.74,57484.04,0.2322148833263956,1755394048.0
240,2026-01-04 00:50:33,51,,460.0,451.0,2.0,43218.33,49760.04,52337.21,55103.49,0.20890656742909164,1764311040.0
300,2026-01-04 00:51:33,51,,438.0,438.0,0.0,38466.29,46133.65,47803.05,53132.18,0.2124465472970395,1765859328.0
360,2026-01-04 00:52:33,51,,507.0,507.0,0.0,36896.07,43444.02,45910.61,50121.76,0.2036405183955919,1766424576.0
420,2026-01-04 00:53:33,51,,505.0,505.0,1.0,39647.58,46594.18,49431.64,53948.08,0.20428912565142715,1767329792.0
480,2026-01-04 00:54:33,51,,525.0,525.0,1.0,42544.54,49533.2,52319.73,55980.1,0.20425630831130237,1768361984.0
540,2026-01-04 00:55:33,51,,382.0,383.0,0.0,38960.39,46686.35,49167.46,52781.89,0.18405909749584487,1769721856.0
600,2026-01-04 00:56:33,51,,365.0,365.0,0.0,22421.78,32352.24,34333.25,38406.67,0.18102379509891123,1769660416.0
660,2026-01-04 00:57:33,51,,410.0,410.0,0.0,5376.89,9481.55,10199.61,11932.56,0.1862316140654995,1769136128.0
720,2026-01-04 00:58:33,51,,388.0,388.0,0.0,3656.55,3764.56,3819.87,3858.59,0.2018209866415384,1768988672.0
780,2026-01-04 00:59:33,51,,397.0,397.0,0.0,3729.44,3845.41,3890.94,3958.94,0.2034044907131267,1772642304.0
840,2026-01-04 01:00:33,51,,475.0,474.0,0.0,4763.36,5371.09,5471.62,5772.89,0.18594884134736317,1772695552.0
900,2026-01-04 01:01:33,51,,452.0,452.0,0.0,4584.22,4946.56,5023.13,5197.17,0.18929775299149282,1772875776.0
960,2026-01-04 01:02:33,51,,447.0,447.0,0.0,4203.22,4430.84,4496.24,4708.07,0.1813944242041499,1772847104.0
1020,2026-01-04 01:03:33,51,,475.0,475.0,0.0,4636.27,5012.67,5096.2,5270.27,0.1876753526285679,1773113344.0
1080,2026-01-04 01:04:33,51,,504.0,504.0,0.0,7411.78,12981.03,14227.07,16744.82,0.16173987223426817,1773330432.0
1140,2026-01-04 01:05:33,51,,508.0,508.0,0.0,16188.62,21116.91,22930.64,27311.31,0.18251690381456548,1774391296.0
1200,2026-01-04 01:06:33,51,,636.0,635.0,0.0,30017.57,39018.74,42023.41,45193.16,0.19104326129796667,1775476736.0
1260,2026-01-04 01:07:33,51,,630.0,588.0,5.0,45897.38,53593.13,56355.49,59453.36,0.18851098243974554,1777668096.0
1320,2026-01-04 01:08:33,51,,715.0,571.0,264.0,56987.39,60000.66,60000.77,60001.06,0.19360330493497774,1777971200.0
1380,2026-01-04 01:09:33,51,,757.0,505.0,370.0,59220.38,60000.61,60000.74,60000.97,0.1821302929868358,1778241536.0
1440,2026-01-04 01:10:33,51,,794.0,503.0,440.0,59706.6,60000.65,60000.9,60001.45,0.1922959451115502,1778466816.0
1500,2026-01-04 01:11:33,51,,767.0,501.0,475.0,59901.67,60000.56,60000.68,60000.98,0.17154036509410137,1779068928.0
1560,2026-01-04 01:12:33,51,,800.0,499.0,499.0,59999.99,60000.54,60000.69,60001.43,0.19216695644438875,1779306496.0
1620,2026-01-04 01:13:33,51,,706.0,499.0,499.0,60000.04,60000.58,60000.71,60001.05,0.16395107342664608,1779675136.0
1680,2026-01-04 01:14:33,51,,617.0,500.0,500.0,60000.05,60000.6,60000.73,60001.14,0.1902069689011814,1782358016.0
1740,2026-01-04 01:15:33,51,,498.0,481.0,481.0,59999.99,60000.57,60000.72,60001.17,0.17048140437584824,1783525376.0
1800,2026-01-04 01:16:33,51,,455.0,265.0,265.0,59999.94,60000.5,60000.61,60000.81,0.190441502661923,1783554048.0
60,2026-01-04 01:20:16,52,,759.0,570.0,0.0,20434.21,29669.16,32430.84,39018.71,0.15663945336016155,1786777600.0
120,2026-01-04 01:21:16,52,,722.0,597.0,1.0,36529.62,45826.46,48132.98,53244.7,0.30246131076881044,1905799168.0
180,2026-01-04 01:22:16,52,,535.0,510.0,2.0,45684.66,53010.41,54846.25,59354.51,0.20916413025254035,1556250624.0
240,2026-01-04 01:23:16,52,,460.0,458.0,2.0,45519.26,53053.62,55523.48,58333.38,0.19889211869982407,1569202176.0
300,2026-01-04 01:24:16,52,,438.0,438.0,1.0,41282.64,49307.25,51579.31,54187.31,0.2015609624050338,1570381824.0
360,2026-01-04 01:25:16,52,,507.0,507.0,0.0,39171.06,46189.12,48787.85,52558.27,0.19498169862501566,1571561472.0
420,2026-01-04 01:26:16,52,,505.0,505.0,1.0,40053.45,46996.67,48929.17,51892.81,0.2047769523395459,1572491264.0
480,2026-01-04 01:27:16,52,,525.0,525.0,1.0,42375.69,49440.07,51547.85,56602.71,0.1964938100891493,1572802560.0
540,2026-01-04 01:28:16,52,,382.0,383.0,0.0,38973.14,46957.43,50578.24,53718.17,0.19766318123910065,1573351424.0
600,2026-01-04 01:29:16,52,,365.0,365.0,0.0,22204.7,32128.53,34303.36,39049.74,0.18947696896371907,1573601280.0
660,2026-01-04 01:30:16,52,,410.0,410.0,0.0,5118.14,9250.63,10211.28,11804.28,0.1820675058680219,1573224448.0
720,2026-01-04 01:31:16,52,,388.0,388.0,0.0,3076.36,3200.48,3218.51,3273.24,0.19672645767313318,1573240832.0
780,2026-01-04 01:32:16,52,,397.0,397.0,0.0,3138.77,3249.56,3299.51,3352.56,0.22702482427754034,1574510592.0
840,2026-01-04 01:33:16,52,,475.0,474.0,0.0,3939.8,4338.49,4484.15,4656.03,0.16487644541502094,1574625280.0
900,2026-01-04 01:34:16,52,,452.0,452.0,0.0,3955.83,4272.86,4351.08,4536.56,0.18713406398997984,1574731776.0
960,2026-01-04 01:35:16,52,,447.0,447.0,0.0,3745.01,4047.44,4143.95,4344.57,0.17613866781580906,1575108608.0
1020,2026-01-04 01:36:16,52,,475.0,475.0,0.0,4162.81,4563.48,4665.07,4839.06,0.18159397534366423,1575129088.0
1080,2026-01-04 01:37:16,52,,504.0,504.0,0.0,6182.54,8665.88,9523.86,10639.11,0.18395778707634702,1575448576.0
1140,2026-01-04 01:38:16,52,,508.0,508.0,0.0,11930.6,15447.56,17248.93,19865.43,0.1819559803808548,1576210432.0
1200,2026-01-04 01:39:16,52,,636.0,635.0,0.0,27660.63,38226.25,40432.8,45311.73,0.18782420929305715,1576898560.0
1260,2026-01-04 01:40:16,52,,630.0,598.0,11.0,45615.34,54797.32,57198.75,60000.39,0.18481131092837638,1576669184.0
1320,2026-01-04 01:41:16,52,,715.0,563.0,184.0,56102.56,60000.55,60000.72,60001.0,0.18665643678632277,1577209856.0
1380,2026-01-04 01:42:16,52,,757.0,510.0,352.0,59004.6,60000.74,60000.92,60001.47,0.18642807363988262,1577472000.0
1440,2026-01-04 01:43:16,52,,794.0,507.0,436.0,59720.55,60000.62,60000.78,60001.24,0.17069255223659974,1577627648.0
1500,2026-01-04 01:44:16,52,,767.0,503.0,434.0,59679.59,60000.59,60000.77,60001.28,0.18721821523603116,1578307584.0
1560,2026-01-04 01:45:16,52,,800.0,502.0,458.0,59831.65,60000.55,60000.65,60000.94,0.18903485311962054,1578774528.0
1620,2026-01-04 01:46:16,52,,706.0,500.0,489.0,59949.09,60000.68,60000.79,60001.12,0.1923595096490926,1579118592.0
1680,2026-01-04 01:47:16,52,,617.0,499.0,499.0,60000.02,60000.57,60000.68,60000.88,0.187817346003311,1579835392.0
1740,2026-01-04 01:48:16,52,,498.0,492.0,489.0,59995.88,60000.59,60000.69,60000.86,0.1847966845069312,1580212224.0
1800,2026-01-04 01:49:16,52,,455.0,265.0,264.0,59996.91,60000.57,60000.68,60001.17,0.187920968862056,1581178880.0
60,2026-01-04 01:52:58,53,,759.0,752.0,0.0,1076.16,1063.72,1078.78,1607.6,0.11087190805843124,1520001024.0
120,2026-01-04 01:53:58,53,,722.0,722.0,0.0,1059.22,1060.41,1061.07,1062.18,0.17612324742806718,1528791040.0
180,2026-01-04 01:54:58,53,,535.0,537.0,0.0,1058.86,1059.94,1060.6,1061.3,0.1264672404313657,1162498048.0
240,2026-01-04 01:55:58,53,,460.0,460.0,0.0,1058.71,1059.74,1060.22,1061.17,0.09553506544899182,1166848000.0
300,2026-01-04 01:56:58,53,,438.0,438.0,0.0,1058.79,1059.79,1060.23,1061.46,0.07670957356153421,1167110144.0
360,2026-01-04 01:57:58,53,,507.0,507.0,0.0,1057.94,1059.95,1060.39,1061.73,0.07018899877988835,1169637376.0
420,2026-01-04 01:58:58,53,,505.0,505.0,0.0,1058.72,1059.79,1060.37,1061.56,0.06394548309985315,1169715200.0
480,2026-01-04 01:59:58,53,,525.0,525.0,0.0,1058.72,1059.86,1060.29,1061.43,0.05905858395170961,1169887232.0
540,2026-01-04 02:00:58,53,,382.0,383.0,0.0,1058.7,1059.9,1060.33,1062.03,0.06346355909050444,1169887232.0
600,2026-01-04 02:01:58,53,,365.0,365.0,0.0,1058.93,1060.34,1060.92,1061.72,0.05436659285885137,1170169856.0
660,2026-01-04 02:02:58,53,,410.0,410.0,0.0,1059.28,1059.96,1060.47,1061.52,0.05828191566714184,1171197952.0
720,2026-01-04 02:03:58,53,,388.0,388.0,0.0,1058.55,1059.58,1060.21,1061.11,0.060817718723533,1171652608.0
780,2026-01-04 02:04:58,53,,397.0,397.0,0.0,1058.5,1059.62,1060.03,1060.54,0.05143553688830434,1171832832.0
840,2026-01-04 02:05:58,53,,475.0,474.0,0.0,1058.76,1059.44,1060.09,1062.65,0.05288266765674457,1172209664.0
900,2026-01-04 02:06:58,53,,452.0,452.0,0.0,1058.55,1059.59,1060.02,1060.92,0.057733991936391074,1175166976.0
960,2026-01-04 02:07:58,53,,447.0,447.0,0.0,1058.51,1059.49,1059.83,1061.39,0.05796195851222957,1175592960.0
1020,2026-01-04 02:08:58,53,,475.0,475.0,0.0,1058.55,1059.43,1059.9,1061.17,0.05921965550333491,1175728128.0
1080,2026-01-04 02:09:58,53,,504.0,504.0,0.0,1057.77,1059.88,1060.3,1061.52,0.0610702731430324,1175699456.0
1140,2026-01-04 02:10:58,53,,508.0,508.0,0.0,1057.76,1059.6,1060.23,1061.09,0.06369982123447768,1176317952.0
1200,2026-01-04 02:11:58,53,,636.0,635.0,0.0,1058.5,1059.57,1059.97,1061.32,0.06872086024163397,1176301568.0
1260,2026-01-04 02:12:58,53,,630.0,630.0,0.0,1058.44,1059.55,1060.13,1060.97,0.07777890384262248,1176989696.0
1320,2026-01-04 02:13:58,53,,715.0,714.0,0.0,1058.31,1059.21,1059.72,1060.75,0.08298658450010785,1177395200.0
1380,2026-01-04 02:14:58,53,,757.0,757.0,0.0,1058.22,1059.15,1059.69,1060.93,0.08394750149924049,1177473024.0
1440,2026-01-04 02:15:58,53,,794.0,793.0,0.0,1057.72,1059.26,1059.7,1060.83,0.0876143307579353,1177464832.0
1500,2026-01-04 02:16:58,53,,767.0,768.0,0.0,1058.23,1059.25,1059.73,1060.77,0.08879380838161471,1177210880.0
1560,2026-01-04 02:17:58,53,,800.0,799.0,0.0,1056.0,1059.25,1059.66,1060.95,0.09064880938550166,1177403392.0
1620,2026-01-04 02:18:58,53,,706.0,707.0,0.0,1058.25,1059.38,1059.89,1061.11,0.08918220751846434,1177600000.0
1680,2026-01-04 02:19:58,53,,617.0,618.0,0.0,1058.22,1059.2,1059.6,1060.34,0.07898596981220761,1177579520.0
1740,2026-01-04 02:20:58,53,,498.0,499.0,0.0,1058.5,1059.51,1059.96,1060.74,0.07187827090639766,1177387008.0
1800,2026-01-04 02:21:58,53,,455.0,455.0,0.0,1058.33,1059.26,1059.62,1060.57,0.06279669533297813,1177579520.0
60,2026-01-04 02:25:09,54,,759.0,752.0,0.0,472.29,462.87,469.63,889.13,0.1582731901443208,1165574144.0
120,2026-01-04 02:26:09,54,,722.0,722.0,0.0,458.34,459.54,460.08,460.94,0.13746108570940768,1165385728.0
180,2026-01-04 02:27:09,54,,535.0,537.0,0.0,457.97,459.05,459.46,460.14,0.09686802655635487,945016832.0
240,2026-01-04 02:28:09,54,,460.0,460.0,0.0,457.94,458.87,459.26,460.53,0.07461422358425107,945397760.0
300,2026-01-04 02:29:09,54,,438.0,438.0,0.0,457.99,458.95,459.35,460.45,0.059886467272651345,945815552.0
360,2026-01-04 02:30:09,54,,507.0,507.0,0.0,457.06,458.92,459.29,460.28,0.06523804640594998,946421760.0
420,2026-01-04 02:31:09,54,,505.0,505.0,0.0,457.89,458.95,459.44,460.32,0.057276207137836835,948527104.0
480,2026-01-04 02:32:09,54,,525.0,525.0,0.0,456.95,458.81,459.23,460.32,0.05884478849454202,948805632.0
540,2026-01-04 02:33:09,54,,382.0,383.0,0.0,457.73,458.72,459.07,459.86,0.053113355054690684,948809728.0
600,2026-01-04 02:34:09,54,,365.0,365.0,0.0,457.9,459.03,459.49,460.69,0.04930356961217271,950468608.0
660,2026-01-04 02:35:09,54,,410.0,410.0,0.0,457.66,458.71,459.09,459.82,0.05257649284077375,952004608.0
720,2026-01-04 02:36:09,54,,388.0,388.0,0.0,457.59,458.68,459.17,460.22,0.048794112885107044,952483840.0
780,2026-01-04 02:37:09,54,,397.0,397.0,0.0,457.5,458.49,458.89,459.77,0.04666221717027964,951336960.0
840,2026-01-04 02:38:09,54,,475.0,474.0,0.0,457.51,458.49,458.86,459.6,0.042914352762620955,951345152.0
900,2026-01-04 02:39:09,54,,452.0,452.0,0.0,457.47,458.41,458.79,459.79,0.049761991550325166,951693312.0
960,2026-01-04 02:40:09,54,,447.0,447.0,0.0,457.47,458.45,458.87,460.13,0.045076895900144756,953663488.0
1020,2026-01-04 02:41:09,54,,475.0,475.0,0.0,457.43,458.26,458.62,459.24,0.052873075537899904,953856000.0
1080,2026-01-04 02:42:09,54,,504.0,504.0,0.0,457.57,458.55,459.0,460.06,0.05235862490906529,953991168.0
1140,2026-01-04 02:43:09,54,,508.0,508.0,0.0,456.65,458.52,458.99,459.76,0.053996080407518895,954142720.0
1200,2026-01-04 02:44:09,54,,636.0,635.0,0.0,457.61,458.71,459.08,459.54,0.055949357091439916,954318848.0
1260,2026-01-04 02:45:09,54,,630.0,630.0,0.0,457.46,458.57,458.96,459.6,0.07089328858646612,955588608.0
1320,2026-01-04 02:46:09,54,,715.0,714.0,0.0,457.41,458.46,458.73,459.76,0.07041988930993912,955645952.0
1380,2026-01-04 02:47:09,54,,757.0,757.0,0.0,457.39,458.31,458.71,459.66,0.06164718485133398,956194816.0
1440,2026-01-04 02:48:09,54,,794.0,793.0,0.0,455.97,458.51,459.05,460.51,0.07587953350611244,956563456.0
1500,2026-01-04 02:49:09,54,,767.0,768.0,0.0,457.28,458.17,458.62,459.66,0.08531930819472805,956112896.0
1560,2026-01-04 02:50:09,54,,800.0,799.0,0.0,456.66,458.17,458.54,459.46,0.07150498571675835,956198912.0
1620,2026-01-04 02:51:09,54,,706.0,707.0,0.0,457.32,458.26,458.58,459.31,0.07565387458034262,956116992.0
1680,2026-01-04 02:52:09,54,,617.0,618.0,0.0,457.3,458.16,458.67,459.39,0.05914986074285056,956567552.0
1740,2026-01-04 02:53:09,54,,498.0,499.0,0.0,456.46,458.35,458.71,459.54,0.05997605900012535,957259776.0
1800,2026-01-04 02:54:09,54,,455.0,455.0,0.0,457.3,458.2,458.61,459.56,0.04904134038282697,959512576.0
60,2026-01-04 02:57:19,55,,759.0,690.0,0.0,3597.35,8078.11,12363.95,39931.99,0.1935678223310576,2075361280.0
120,2026-01-04 02:58:19,55,,722.0,722.0,0.0,1015.41,1014.05,1035.25,1102.1,0.32585092142852123,2110492672.0
180,2026-01-04 02:59:19,55,,535.0,537.0,0.0,1011.25,1012.01,1012.81,1016.99,0.18296046665177756,1904046080.0
240,2026-01-04 03:00:19,55,,460.0,460.0,0.0,1011.29,1012.02,1012.49,1031.57,0.12236449132074945,1908400128.0
300,2026-01-04 03:01:19,55,,438.0,438.0,0.0,1010.55,1011.63,1012.24,1013.5,0.09051459000547783,1908666368.0
360,2026-01-04 03:02:19,55,,507.0,507.0,0.0,1010.54,1011.47,1012.13,1013.65,0.08646093237629146,1908944896.0
420,2026-01-04 03:03:19,55,,505.0,505.0,0.0,1010.46,1011.63,1012.3,1013.91,0.08755349246758672,1909338112.0
480,2026-01-04 03:04:19,55,,525.0,525.0,0.0,1010.47,1011.6,1012.13,1013.4,0.09258913458222949,1909637120.0
540,2026-01-04 03:05:19,55,,382.0,383.0,0.0,1010.46,1011.61,1012.28,1013.48,0.08489164864008775,1914056704.0
600,2026-01-04 03:06:19,55,,365.0,365.0,0.0,1010.76,1011.28,1012.17,1018.65,0.06716656891443597,1914191872.0
660,2026-01-04 03:07:19,55,,410.0,410.0,0.0,1010.29,1011.29,1011.92,1012.84,0.07475173973114382,1914785792.0
720,2026-01-04 03:08:19,55,,388.0,388.0,0.0,1010.78,1011.35,1012.1,1019.73,0.1011690022934234,1915580416.0
780,2026-01-04 03:09:19,55,,397.0,397.0,0.0,1010.05,1011.18,1011.63,1012.95,0.07472626111713272,1915826176.0
840,2026-01-04 03:10:19,55,,475.0,474.0,0.0,1011.05,1011.39,1012.33,1040.05,0.07797111407696754,1916346368.0
900,2026-01-04 03:11:19,55,,452.0,452.0,0.0,1010.48,1011.45,1012.26,1019.14,0.07970574780528365,1916645376.0
960,2026-01-04 03:12:19,55,,447.0,447.0,0.0,1010.17,1011.28,1011.7,1013.41,0.07986720545418331,1917022208.0
1020,2026-01-04 03:13:19,55,,475.0,475.0,0.0,1009.7,1011.01,1011.63,1012.75,0.07162105073542183,1916903424.0
1080,2026-01-04 03:14:19,55,,504.0,504.0,0.0,1009.89,1010.97,1011.38,1012.66,0.07043020531115685,1917145088.0
1140,2026-01-04 03:15:19,55,,508.0,508.0,0.0,1009.84,1010.83,1011.3,1012.27,0.07870528312704757,1917120512.0
1200,2026-01-04 03:16:19,55,,636.0,635.0,0.0,1009.72,1010.83,1011.38,1012.56,0.07935448099737917,1917317120.0
1260,2026-01-04 03:17:19,55,,630.0,630.0,0.0,1022.31,1011.05,1012.11,1616.59,0.09641891507961142,1917886464.0
1320,2026-01-04 03:18:19,55,,715.0,714.0,0.0,1009.77,1011.04,1011.69,1012.56,0.1000548852460593,1917952000.0
1380,2026-01-04 03:19:19,55,,757.0,757.0,0.0,1009.89,1011.17,1011.68,1013.14,0.1073993804262939,1920086016.0
1440,2026-01-04 03:20:19,55,,794.0,793.0,0.0,1009.56,1010.58,1011.07,1012.32,0.11074154010231498,1922142208.0
1500,2026-01-04 03:21:19,55,,767.0,768.0,0.0,1009.59,1010.7,1011.38,1013.08,0.11243039271761017,1922097152.0
1560,2026-01-04 03:22:19,55,,800.0,799.0,0.0,1009.62,1010.56,1011.48,1012.69,0.10580560642228756,1922568192.0
1620,2026-01-04 03:23:19,55,,706.0,707.0,0.0,1009.62,1010.68,1011.27,1012.37,0.11074258553773583,1924575232.0
1680,2026-01-04 03:24:19,55,,617.0,618.0,0.0,1009.57,1010.64,1011.16,1012.45,0.10213637911943113,1924403200.0
1740,2026-01-04 03:25:19,55,,498.0,499.0,0.0,1009.64,1010.57,1010.99,1012.65,0.0828197033528435,1924407296.0
1800,2026-01-04 03:26:19,55,,455.0,455.0,0.0,1009.92,1011.01,1011.34,1012.74,0.07098987607893262,1924575232.0
60,2026-01-04 03:29:33,56,,759.0,752.0,0.0,453.68,415.25,478.96,1717.6,0.08329133721263624,1899933696.0
120,2026-01-04 03:30:33,56,,722.0,722.0,0.0,409.84,410.96,411.41,412.75,0.21761973023057382,1615429632.0
180,2026-01-04 03:31:33,56,,535.0,537.0,0.0,409.4,410.45,411.07,412.3,0.15527401031937121,1618681856.0
240,2026-01-04 03:32:33,56,,460.0,460.0,0.0,409.36,410.59,411.03,411.96,0.09865096284922355,1622618112.0
300,2026-01-04 03:33:33,56,,438.0,438.0,0.0,409.42,410.62,411.09,411.92,0.06814112787526388,1622892544.0
360,2026-01-04 03:34:33,56,,507.0,507.0,0.0,409.22,410.28,410.96,411.99,0.07422733992337609,1623465984.0
420,2026-01-04 03:35:33,56,,505.0,505.0,0.0,409.25,410.33,410.88,411.99,0.07392980032844157,1623392256.0
480,2026-01-04 03:36:33,56,,525.0,525.0,0.0,409.21,410.32,410.81,411.93,0.07206224779432788,1623494656.0
540,2026-01-04 03:37:33,56,,382.0,383.0,0.0,409.21,410.25,411.1,412.16,0.06900648037030152,1625874432.0
600,2026-01-04 03:38:33,56,,365.0,365.0,0.0,409.52,410.96,411.43,412.91,0.04748272594882464,1625878528.0
660,2026-01-04 03:39:33,56,,410.0,410.0,0.0,411.1,410.39,411.02,421.94,0.06354343015843908,1628762112.0
720,2026-01-04 03:40:33,56,,388.0,388.0,0.0,409.05,410.1,410.61,411.53,0.0661896164782786,1628758016.0
780,2026-01-04 03:41:33,56,,397.0,397.0,0.0,409.01,410.12,410.47,411.57,0.06138350908157809,1632215040.0
840,2026-01-04 03:42:33,56,,475.0,474.0,0.0,409.13,410.29,410.63,411.32,0.058675460992074505,1632448512.0
900,2026-01-04 03:43:33,56,,452.0,452.0,0.0,409.18,410.35,410.66,411.67,0.0675790348990022,1632763904.0
960,2026-01-04 03:44:33,56,,447.0,447.0,0.0,409.26,410.62,411.04,412.37,0.06428823375136516,1632595968.0
1020,2026-01-04 03:45:33,56,,475.0,475.0,0.0,408.96,410.06,410.46,411.38,0.06906929717849151,1629720576.0
1080,2026-01-04 03:46:33,56,,504.0,504.0,0.0,409.0,409.85,410.32,411.3,0.06865185971722776,1632907264.0
1140,2026-01-04 03:47:33,56,,508.0,508.0,0.0,408.85,410.02,410.32,411.26,0.06345125331024942,1632727040.0
1200,2026-01-04 03:48:33,56,,636.0,635.0,0.0,408.79,409.89,410.25,411.35,0.0692558962356494,1636302848.0
1260,2026-01-04 03:49:33,56,,630.0,630.0,0.0,419.93,410.18,411.09,678.85,0.08467022670451875,1636708352.0
1320,2026-01-04 03:50:33,56,,715.0,714.0,0.0,408.84,409.83,410.26,411.21,0.08786972092141215,1637359616.0
1380,2026-01-04 03:51:33,56,,757.0,757.0,0.0,409.08,409.99,410.46,411.53,0.09552153466071889,1637883904.0
1440,2026-01-04 03:52:33,56,,794.0,793.0,0.0,408.72,409.66,410.1,410.88,0.10117030543742003,1637781504.0
1500,2026-01-04 03:53:33,56,,767.0,768.0,0.0,408.77,409.91,410.33,411.94,0.09160368916832949,1637654528.0
1560,2026-01-04 03:54:33,56,,800.0,799.0,0.0,408.71,409.73,410.22,411.1,0.09973360768486803,1637838848.0
1620,2026-01-04 03:55:33,56,,706.0,707.0,0.0,408.77,409.82,410.32,411.26,0.09673470833655644,1638027264.0
1680,2026-01-04 03:56:33,56,,617.0,618.0,0.0,408.69,409.71,410.15,411.08,0.08971990348144974,1637994496.0
1740,2026-01-04 03:57:33,56,,498.0,499.0,0.0,408.78,409.74,410.22,411.51,0.07754433779591212,1637892096.0
1800,2026-01-04 03:58:33,56,,455.0,455.0,0.0,409.08,410.08,410.7,411.61,0.05674620768721855,1637883904.0
60,2026-01-04 04:01:45,57,,759.0,579.0,0.0,18901.88,29299.64,32830.15,38736.68,0.20419610262386312,2044682240.0
120,2026-01-04 04:02:45,57,,722.0,604.0,0.0,34585.33,42970.34,45366.71,51466.13,0.30552893451925833,2108325888.0
180,2026-01-04 04:03:45,57,,535.0,513.0,3.0,43302.04,50349.09,53085.74,57319.21,0.2176856854460234,1897955328.0
240,2026-01-04 04:04:45,57,,460.0,459.0,1.0,43889.5,50043.91,52988.88,56915.44,0.20667511861536392,1904209920.0
300,2026-01-04 04:05:45,57,,438.0,438.0,0.0,39647.16,47152.08,49120.47,52795.15,0.1989627333953239,1905094656.0
360,2026-01-04 04:06:45,57,,507.0,507.0,0.0,38081.91,45067.01,47075.02,51839.17,0.19799879307779256,1905836032.0
420,2026-01-04 04:07:45,57,,505.0,505.0,0.0,41089.4,48321.54,49739.9,54321.09,0.19821859233729522,1906249728.0
480,2026-01-04 04:08:45,57,,525.0,500.0,8.0,46441.44,53278.41,56737.31,60000.36,0.19202357152260727,1906524160.0
540,2026-01-04 04:09:45,57,,382.0,383.0,0.0,40885.21,49459.68,52248.17,57336.0,0.1892405632236256,1906991104.0
600,2026-01-04 04:10:45,57,,365.0,365.0,0.0,25690.87,35217.17,38569.81,42958.53,0.18947403745435526,1906982912.0
660,2026-01-04 04:11:45,57,,410.0,410.0,0.0,8324.64,14234.45,15840.39,18562.43,0.19144893560980897,1911717888.0
720,2026-01-04 04:12:45,57,,388.0,388.0,0.0,3723.61,3849.99,3891.02,3994.73,0.203765187262396,1910104064.0
780,2026-01-04 04:13:45,57,,397.0,397.0,0.0,3778.69,3975.84,4015.64,4096.81,0.20908927998965346,1910595584.0
840,2026-01-04 04:14:45,57,,475.0,474.0,0.0,4534.09,5031.2,5198.0,5499.84,0.19449673399411904,1911173120.0
900,2026-01-04 04:15:45,57,,452.0,452.0,0.0,4223.63,4500.27,4590.86,4721.31,0.1851050623195732,1911365632.0
960,2026-01-04 04:16:45,57,,447.0,447.0,0.0,4768.84,5397.46,5599.81,5880.29,0.1827121626203846,1911750656.0
1020,2026-01-04 04:17:45,57,,475.0,475.0,0.0,4976.66,5471.49,5676.7,6109.0,0.18068920982274742,1911697408.0
1080,2026-01-04 04:18:45,57,,504.0,504.0,0.0,8827.79,11679.6,12188.88,13472.83,0.18133404487291693,1912279040.0
1140,2026-01-04 04:19:45,57,,508.0,508.0,0.0,14900.82,20331.24,22100.11,28361.5,0.18211662544783275,1912926208.0
1200,2026-01-04 04:20:45,57,,636.0,635.0,0.0,32500.55,43264.98,45857.18,50667.83,0.18169628108244312,1913683968.0
1260,2026-01-04 04:21:45,57,,630.0,581.0,21.0,49347.31,57213.32,59226.99,60000.51,0.18423714032414557,1914421248.0
1320,2026-01-04 04:22:45,57,,715.0,549.0,250.0,57494.82,60000.63,60000.72,60001.02,0.18900544316980333,1914810368.0
1380,2026-01-04 04:23:45,57,,757.0,510.0,421.0,59448.79,60000.69,60000.82,60001.13,0.1872480892847403,1914630144.0
1440,2026-01-04 04:24:45,57,,794.0,501.0,478.0,59895.18,60000.73,60000.87,60001.65,0.18478731376662533,1914789888.0
1500,2026-01-04 04:25:45,57,,767.0,500.0,495.0,59985.91,60000.56,60000.67,60001.0,0.18502928468105112,1916153856.0
1560,2026-01-04 04:26:45,57,,800.0,500.0,495.0,59988.3,60000.59,60000.74,60001.41,0.18618261685954834,1916141568.0
1620,2026-01-04 04:27:45,57,,706.0,501.0,498.0,59995.31,60000.63,60000.75,60000.96,0.18834941535010674,1916567552.0
1680,2026-01-04 04:28:45,57,,617.0,500.0,500.0,60000.06,60000.62,60000.75,60001.24,0.18867646645749855,1922387968.0
1740,2026-01-04 04:29:45,57,,498.0,483.0,483.0,60000.05,60000.6,60000.89,60001.62,0.18827285633997587,1922985984.0
1800,2026-01-04 04:30:45,57,,455.0,265.0,265.0,59999.96,60000.56,60000.76,60001.03,0.18700631687654057,1923121152.0
60,2026-01-04 04:34:29,58,,759.0,587.0,0.0,17713.88,27701.99,30924.48,35664.94,0.13602519181031716,1914617856.0
120,2026-01-04 04:35:29,58,,722.0,600.0,0.0,34584.75,44068.96,47047.21,51774.08,0.32667211185157813,2023772160.0
180,2026-01-04 04:36:29,58,,535.0,504.0,0.0,43954.21,51611.2,53170.01,55434.82,0.18660659892986953,1686802432.0
240,2026-01-04 04:37:29,58,,460.0,460.0,3.0,44884.62,51815.79,54945.21,58997.19,0.19188097456398076,1698086912.0
300,2026-01-04 04:38:29,58,,438.0,438.0,2.0,41007.3,48362.39,51831.28,56696.05,0.17407890109167223,1700601856.0
360,2026-01-04 04:39:29,58,,507.0,507.0,0.0,39335.58,46168.85,48195.12,52713.74,0.188559915042307,1701617664.0
420,2026-01-04 04:40:29,58,,505.0,503.0,1.0,43231.11,51015.85,53011.87,58422.67,0.19487374426810405,1702268928.0
480,2026-01-04 04:41:29,58,,525.0,505.0,5.0,46504.61,52638.93,54851.68,59060.89,0.1819935352041221,1703251968.0
540,2026-01-04 04:42:29,58,,382.0,383.0,1.0,42137.54,50077.13,53113.76,55408.8,0.14521429063060465,1703170048.0
600,2026-01-04 04:43:29,58,,365.0,365.0,0.0,26675.09,36306.85,37586.8,43127.45,0.18031999660043652,1703456768.0
660,2026-01-04 04:44:29,58,,410.0,410.0,0.0,8271.19,14691.69,16012.73,17475.53,0.15282725664722363,1704034304.0
720,2026-01-04 04:45:29,58,,388.0,388.0,0.0,3128.29,3371.35,3486.09,3684.0,0.1804834672785781,1707474944.0
780,2026-01-04 04:46:29,58,,397.0,397.0,0.0,3113.66,3315.39,3366.7,3472.54,0.19732155062668688,1709084672.0
840,2026-01-04 04:47:29,58,,475.0,474.0,0.0,4192.07,4613.42,4816.02,5042.21,0.16084933760047576,1708789760.0
900,2026-01-04 04:48:29,58,,452.0,452.0,0.0,3789.22,4115.04,4206.63,4368.36,0.1740283499540205,1709453312.0
960,2026-01-04 04:49:29,58,,447.0,447.0,0.0,3749.18,4072.12,4158.87,4342.58,0.1716363326969943,1709338624.0
1020,2026-01-04 04:50:29,58,,475.0,475.0,0.0,4220.6,4724.07,4863.61,5156.87,0.1708115508119064,1709543424.0
1080,2026-01-04 04:51:29,58,,504.0,504.0,0.0,5618.25,7583.08,8094.42,8981.46,0.17061075947036092,1709490176.0
1140,2026-01-04 04:52:29,58,,508.0,508.0,0.0,9035.41,11659.67,12440.27,14520.1,0.1734862095330513,1710067712.0
1200,2026-01-04 04:53:29,58,,636.0,635.0,0.0,28322.6,38849.51,41759.11,47741.48,0.16788744375265133,1710673920.0
1260,2026-01-04 04:54:29,58,,630.0,599.0,13.0,45613.93,54248.73,56936.82,60000.27,0.1725374237307455,1712058368.0
1320,2026-01-04 04:55:29,58,,715.0,560.0,236.0,56721.23,60000.59,60000.68,60000.97,0.17171480406554634,1712066560.0
1380,2026-01-04 04:56:29,58,,757.0,514.0,377.0,59247.35,60000.64,60000.76,60001.4,0.1735475794980316,1712517120.0
1440,2026-01-04 04:57:29,58,,794.0,501.0,435.0,59675.8,60000.62,60000.76,60001.07,0.17405983999344432,1713147904.0
1500,2026-01-04 04:58:29,58,,767.0,501.0,479.0,59949.88,60000.58,60000.72,60001.1,0.17520661908351146,1713176576.0
1560,2026-01-04 04:59:29,58,,800.0,499.0,487.0,59975.49,60000.56,60000.75,60001.18,0.17282780612593368,1714806784.0
1620,2026-01-04 05:00:29,58,,706.0,499.0,490.0,59959.87,60000.63,60000.77,60001.12,0.1751134898626847,1714745344.0
1680,2026-01-04 05:01:29,58,,617.0,500.0,499.0,59994.01,60000.48,60000.64,60001.23,0.16369564338139098,1715748864.0
1740,2026-01-04 05:02:29,58,,498.0,493.0,493.0,59999.99,60000.57,60000.7,60000.92,0.18298385711069062,1716727808.0
1800,2026-01-04 05:03:29,58,,455.0,265.0,265.0,60000.07,60000.61,60000.73,60001.05,0.17430926767285548,1716649984.0
60,2026-01-04 05:07:12,59,,759.0,752.0,0.0,1025.54,1013.65,1036.4,1539.39,0.17317750648118363,1655447552.0
120,2026-01-04 05:08:12,59,,722.0,722.0,0.0,1008.0,1009.14,1009.99,1011.27,0.11664225793577042,1661599744.0
180,2026-01-04 05:09:12,59,,535.0,537.0,0.0,1007.44,1008.36,1009.13,1010.48,0.13117771086833616,1300185088.0
240,2026-01-04 05:10:12,59,,460.0,460.0,0.0,1007.68,1008.94,1009.48,1010.74,0.06660366369069706,1300541440.0
300,2026-01-04 05:11:12,59,,438.0,438.0,0.0,1007.63,1008.29,1008.9,1010.7,0.04729162065278555,1301123072.0
360,2026-01-04 05:12:12,59,,507.0,507.0,0.0,1007.46,1008.65,1009.18,1010.05,0.060940150180536085,1301209088.0
420,2026-01-04 05:13:12,59,,505.0,505.0,0.0,1007.37,1008.46,1008.96,1009.73,0.04983665984675344,1303339008.0
480,2026-01-04 05:14:12,59,,525.0,525.0,0.0,1007.47,1008.58,1009.2,1010.32,0.0560424480906502,1303891968.0
540,2026-01-04 05:15:12,59,,382.0,383.0,0.0,1007.38,1008.46,1009.03,1010.01,0.05231429897896089,1303515136.0
600,2026-01-04 05:16:12,59,,365.0,365.0,0.0,1007.67,1008.69,1009.13,1010.41,0.041715535888799705,1303535616.0
660,2026-01-04 05:17:12,59,,410.0,410.0,0.0,1007.68,1008.27,1008.88,1010.73,0.049105315691377376,1303842816.0
720,2026-01-04 05:18:12,59,,388.0,388.0,0.0,1007.19,1008.17,1008.62,1009.35,0.061742966670793806,1304657920.0
780,2026-01-04 05:19:12,59,,397.0,397.0,0.0,1007.21,1008.09,1008.47,1009.26,0.041364074522892404,1304772608.0
840,2026-01-04 05:20:12,59,,475.0,474.0,0.0,1007.36,1008.35,1008.99,1010.38,0.048287383185503685,1305292800.0
900,2026-01-04 05:21:12,59,,452.0,452.0,0.0,1007.14,1008.2,1008.57,1009.86,0.047910679930669206,1308422144.0
960,2026-01-04 05:22:12,59,,447.0,447.0,0.0,1007.2,1008.22,1008.69,1009.48,0.047339358747672644,1308938240.0
1020,2026-01-04 05:23:12,59,,475.0,475.0,0.0,1007.0,1007.87,1008.39,1009.31,0.05074438874543909,1308913664.0
1080,2026-01-04 05:24:12,59,,504.0,504.0,0.0,1007.1,1008.1,1008.62,1009.33,0.05031731676420013,1309163520.0
1140,2026-01-04 05:25:12,59,,508.0,508.0,0.0,1007.08,1007.99,1008.4,1009.29,0.052329781566836146,1309163520.0
1200,2026-01-04 05:26:12,59,,636.0,635.0,0.0,1007.08,1008.06,1008.54,1009.66,0.0533613747990051,1309384704.0
1260,2026-01-04 05:27:12,59,,630.0,630.0,0.0,1007.15,1008.29,1008.97,1009.79,0.0675456005235672,1309995008.0
1320,2026-01-04 05:28:12,59,,715.0,714.0,0.0,1006.9,1007.82,1008.41,1009.88,0.06851572553203782,1310371840.0
1380,2026-01-04 05:29:12,59,,757.0,757.0,0.0,1007.13,1008.21,1008.68,1009.76,0.0690902745223582,1310101504.0
1440,2026-01-04 05:30:12,59,,794.0,793.0,0.0,1007.03,1008.14,1008.6,1009.49,0.06960886818079177,1310248960.0
1500,2026-01-04 05:31:12,59,,767.0,768.0,0.0,1007.23,1008.08,1008.43,1009.67,0.06751856626680064,1310220288.0
1560,2026-01-04 05:32:12,59,,800.0,799.0,0.0,1006.94,1007.87,1008.41,1009.53,0.08257521693423348,1310613504.0
1620,2026-01-04 05:33:12,59,,706.0,707.0,0.0,1007.08,1008.25,1008.83,1009.74,0.07008929681941396,1310511104.0
1680,2026-01-04 05:34:12,59,,617.0,618.0,0.0,1006.86,1007.79,1008.29,1009.07,0.06768707864322998,1310810112.0
1740,2026-01-04 05:35:12,59,,498.0,499.0,0.0,1007.04,1008.0,1008.45,1009.37,0.0544419696105295,1310535680.0
1800,2026-01-04 05:36:12,59,,455.0,455.0,0.0,1007.04,1007.92,1008.29,1009.04,0.041932023062449995,1310535680.0
60,2026-01-04 05:39:24,60,,759.0,752.0,0.0,424.29,411.62,417.12,961.55,0.11125384802198446,1297342464.0
120,2026-01-04 05:40:24,60,,722.0,722.0,0.0,407.1,408.28,408.81,410.13,0.15592716447020216,1302560768.0
180,2026-01-04 05:41:24,60,,535.0,537.0,0.0,409.95,407.87,408.76,487.56,0.1042969927505191,1089978368.0
240,2026-01-04 05:42:24,60,,460.0,460.0,0.0,406.69,407.7,408.07,409.0,0.07596712099951448,1090527232.0
300,2026-01-04 05:43:24,60,,438.0,438.0,0.0,406.68,407.66,408.21,409.43,0.053608832804850265,1090703360.0
360,2026-01-04 05:44:24,60,,507.0,507.0,0.0,406.55,407.54,407.96,408.9,0.06324179497226838,1087737856.0
420,2026-01-04 05:45:24,60,,505.0,505.0,0.0,406.39,407.4,407.79,408.45,0.052615156017833474,1087770624.0
480,2026-01-04 05:46:24,60,,525.0,525.0,0.0,406.37,407.24,407.78,408.64,0.04916821720352269,1090478080.0
540,2026-01-04 05:47:24,60,,382.0,383.0,0.0,406.35,407.3,407.71,408.47,0.047207412668471636,1090256896.0
600,2026-01-04 05:48:24,60,,365.0,365.0,0.0,406.59,407.84,408.15,409.28,0.03534124238873313,1090326528.0
660,2026-01-04 05:49:24,60,,410.0,410.0,0.0,406.35,407.32,407.67,408.84,0.03942787284114725,1090367488.0
720,2026-01-04 05:50:24,60,,388.0,388.0,0.0,406.22,407.14,407.57,408.54,0.05460483654924478,1094303744.0
780,2026-01-04 05:51:24,60,,397.0,397.0,0.0,406.26,407.23,407.79,408.6,0.03659913406678318,1094545408.0
840,2026-01-04 05:52:24,60,,475.0,474.0,0.0,406.24,407.21,407.6,408.44,0.029360554874324644,1094598656.0
900,2026-01-04 05:53:24,60,,452.0,452.0,0.0,406.19,407.04,407.57,408.48,0.04381835777138906,1094791168.0
960,2026-01-04 05:54:24,60,,447.0,447.0,0.0,406.22,407.17,407.68,408.55,0.04031460234262338,1094864896.0
1020,2026-01-04 05:55:24,60,,475.0,475.0,0.0,406.22,407.24,407.65,408.5,0.04285491430865476,1095020544.0
1080,2026-01-04 05:56:24,60,,504.0,504.0,0.0,406.16,407.1,407.4,408.36,0.042877395960074415,1094946816.0
1140,2026-01-04 05:57:24,60,,508.0,508.0,0.0,406.16,407.06,407.46,408.26,0.046188060670422575,1095073792.0
1200,2026-01-04 05:58:24,60,,636.0,635.0,0.0,406.08,406.95,407.46,408.52,0.0439161884244076,1099276288.0
1260,2026-01-04 05:59:24,60,,630.0,630.0,0.0,406.15,407.09,407.47,408.91,0.05451568150213737,1099440128.0
1320,2026-01-04 06:00:24,60,,715.0,714.0,0.0,406.11,407.09,407.6,408.64,0.05620165221115152,1099673600.0
1380,2026-01-04 06:01:24,60,,757.0,757.0,0.0,406.16,407.08,407.6,408.84,0.05984430485835147,1099460608.0
1440,2026-01-04 06:02:24,60,,794.0,793.0,0.0,406.09,406.86,407.26,408.02,0.06435451706356228,1099796480.0
1500,2026-01-04 06:03:24,60,,767.0,768.0,0.0,406.05,406.97,407.33,408.74,0.06211326034319251,1100038144.0
1560,2026-01-04 06:04:24,60,,800.0,799.0,0.0,406.3,406.94,407.41,408.29,0.0626195344366437,1100255232.0
1620,2026-01-04 06:05:24,60,,706.0,707.0,0.0,406.1,407.21,407.67,408.46,0.06024684383510124,1102651392.0
1680,2026-01-04 06:06:24,60,,617.0,618.0,0.0,406.07,407.11,407.38,408.5,0.058206618892637216,1104969728.0
1740,2026-01-04 06:07:24,60,,498.0,499.0,0.0,406.01,406.99,407.32,408.33,0.05161724722629789,1105133568.0
1800,2026-01-04 06:08:24,60,,455.0,455.0,0.0,406.01,406.88,407.23,408.17,0.03980006079853038,1105305600.0
60,2026-01-04 06:11:34,61,,759.0,752.0,0.0,736.71,716.63,749.92,1697.92,0.07814558173973728,1978654720.0
120,2026-01-04 06:12:34,61,,722.0,722.0,0.0,710.94,712.17,712.89,714.29,0.2528085701916614,1992437760.0
180,2026-01-04 06:13:34,61,,535.0,537.0,0.0,710.32,711.45,712.03,712.99,0.13722292986938237,1790853120.0
240,2026-01-04 06:14:34,61,,460.0,460.0,0.0,710.32,711.47,711.79,713.25,0.09168709929635505,1791664128.0
300,2026-01-04 06:15:34,61,,438.0,438.0,0.0,710.29,711.4,711.78,712.76,0.0797154377709157,1791782912.0
360,2026-01-04 06:16:34,61,,507.0,507.0,0.0,710.26,711.53,711.99,713.34,0.07918917723096891,1791606784.0
420,2026-01-04 06:17:34,61,,505.0,505.0,0.0,710.28,711.42,711.84,713.87,0.08335237892191584,1791803392.0
480,2026-01-04 06:18:34,61,,525.0,525.0,0.0,710.26,711.55,711.99,712.88,0.0819070684197396,1792073728.0
540,2026-01-04 06:19:34,61,,382.0,383.0,0.0,710.33,711.49,712.2,713.16,0.08096823241655017,1792237568.0
600,2026-01-04 06:20:34,61,,365.0,365.0,0.0,710.48,711.89,712.46,714.04,0.06136626375240005,1792430080.0
660,2026-01-04 06:21:34,61,,410.0,410.0,0.0,710.51,711.34,711.83,713.47,0.06078772909034201,1795379200.0
720,2026-01-04 06:22:34,61,,388.0,388.0,0.0,710.1,711.32,711.94,713.54,0.07000878132360512,1795395584.0
780,2026-01-04 06:23:34,61,,397.0,397.0,0.0,710.09,711.42,712.1,712.64,0.0646345343234455,1795428352.0
840,2026-01-04 06:24:34,61,,475.0,474.0,0.0,709.9,710.93,711.46,712.24,0.06824098391728546,1791012864.0
900,2026-01-04 06:25:34,61,,452.0,452.0,0.0,709.98,711.1,711.72,712.9,0.07143789169772147,1791021056.0
960,2026-01-04 06:26:34,61,,447.0,447.0,0.0,709.87,710.95,711.56,712.67,0.06766361249407901,1791242240.0
1020,2026-01-04 06:27:34,61,,475.0,475.0,0.0,709.77,710.86,711.27,712.69,0.06797153395055354,1791594496.0
1080,2026-01-04 06:28:34,61,,504.0,504.0,0.0,710.0,711.18,711.68,713.0,0.07268501923931554,1791598592.0
1140,2026-01-04 06:29:34,61,,508.0,508.0,0.0,709.98,711.08,711.57,712.93,0.07595668870953706,1791606784.0
1200,2026-01-04 06:30:34,61,,636.0,635.0,0.0,709.87,711.08,711.58,712.45,0.08640001922739082,1792335872.0
1260,2026-01-04 06:31:34,61,,630.0,630.0,0.0,744.14,711.53,745.4,2063.75,0.09416090257991055,1792335872.0
1320,2026-01-04 06:32:34,61,,715.0,714.0,0.0,709.63,710.61,711.08,712.02,0.1011781315970181,1798402048.0
1380,2026-01-04 06:33:34,61,,757.0,757.0,0.0,709.61,710.82,711.25,712.45,0.10929459693327485,1798254592.0
1440,2026-01-04 06:34:34,61,,794.0,793.0,0.0,709.64,710.71,711.05,711.97,0.11003207275429736,1798397952.0
1500,2026-01-04 06:35:34,61,,767.0,768.0,0.0,709.57,710.7,711.03,712.27,0.1056608574268759,1798746112.0
1560,2026-01-04 06:36:34,61,,800.0,799.0,0.0,709.62,710.66,711.05,712.04,0.11054111566819609,1798848512.0
1620,2026-01-04 06:37:34,61,,706.0,707.0,0.0,709.67,710.87,711.36,712.36,0.09856473245092517,1798717440.0
1680,2026-01-04 06:38:34,61,,617.0,618.0,0.0,709.43,710.47,710.95,712.13,0.10605027650031633,1803005952.0
1740,2026-01-04 06:39:34,61,,498.0,499.0,0.0,709.63,710.86,711.27,712.43,0.0856466391806116,1803075584.0
1800,2026-01-04 06:40:34,61,,455.0,455.0,0.0,709.43,710.47,710.77,711.69,0.07010967731761966,1803108352.0
60,2026-01-04 06:43:48,62,,759.0,752.0,0.0,142.14,115.18,150.2,1261.4,0.14080156771031452,1791856640.0
120,2026-01-04 06:44:48,62,,722.0,722.0,0.0,110.15,111.15,111.77,113.54,0.21817632287159597,1799540736.0
180,2026-01-04 06:45:48,62,,535.0,537.0,0.0,109.61,110.99,111.47,113.28,0.13969351451405435,1589727232.0
240,2026-01-04 06:46:48,62,,460.0,460.0,0.0,109.27,110.39,111.0,111.81,0.10036763654728872,1590153216.0
300,2026-01-04 06:47:48,62,,438.0,438.0,0.0,109.3,110.54,111.11,112.6,0.07322930309584655,1590390784.0
360,2026-01-04 06:48:48,62,,507.0,507.0,0.0,109.19,110.22,110.61,111.89,0.07417839529861946,1590587392.0
420,2026-01-04 06:49:48,62,,505.0,505.0,0.0,109.18,110.2,110.83,112.11,0.07489624400602922,1591017472.0
480,2026-01-04 06:50:48,62,,525.0,525.0,0.0,109.12,110.12,110.56,111.8,0.07373180349779504,1590968320.0
540,2026-01-04 06:51:48,62,,382.0,383.0,0.0,109.22,110.39,110.85,112.24,0.06685290429320423,1590919168.0
600,2026-01-04 06:52:48,62,,365.0,365.0,0.0,109.43,110.74,111.28,112.48,0.05782782068706716,1591431168.0
660,2026-01-04 06:53:48,62,,410.0,410.0,0.0,109.31,110.52,111.1,112.76,0.06860423439350373,1593929728.0
720,2026-01-04 06:54:48,62,,388.0,388.0,0.0,109.35,110.3,110.7,112.15,0.0690802363780711,1594089472.0
780,2026-01-04 06:55:48,62,,397.0,397.0,0.0,109.05,110.22,110.74,111.93,0.05901800663696918,1594269696.0
840,2026-01-04 06:56:48,62,,475.0,474.0,0.0,108.93,110.13,110.63,111.52,0.0621239474404366,1594617856.0
900,2026-01-04 06:57:48,62,,452.0,452.0,0.0,108.89,110.03,110.53,111.25,0.06449227948926133,1594703872.0
960,2026-01-04 06:58:48,62,,447.0,447.0,0.0,109.0,110.2,110.66,111.73,0.06304614609953617,1594580992.0
1020,2026-01-04 06:59:48,62,,475.0,475.0,0.0,109.02,110.09,110.56,111.62,0.0650517868641164,1594589184.0
1080,2026-01-04 07:00:48,62,,504.0,504.0,0.0,108.81,109.79,110.34,111.32,0.06609229456952,1594593280.0
1140,2026-01-04 07:01:48,62,,508.0,508.0,0.0,108.9,109.97,110.42,111.23,0.06782212723500235,1594654720.0
1200,2026-01-04 07:02:48,62,,636.0,635.0,0.0,108.87,109.94,110.46,111.6,0.07521532107544986,1595289600.0
1260,2026-01-04 07:03:48,62,,630.0,630.0,0.0,109.1,110.29,110.66,112.26,0.08325810067762383,1595068416.0
1320,2026-01-04 07:04:48,62,,715.0,714.0,0.0,108.94,110.06,110.69,111.55,0.08928868423539266,1595072512.0
1380,2026-01-04 07:05:48,62,,757.0,757.0,0.0,108.79,109.76,110.22,111.23,0.09577490205106672,1595174912.0
1440,2026-01-04 07:06:48,62,,794.0,793.0,0.0,108.84,109.92,110.32,111.68,0.09961521823645893,1595224064.0
1500,2026-01-04 07:07:48,62,,767.0,768.0,0.0,108.78,109.83,110.27,111.46,0.10041806759078142,1595428864.0
1560,2026-01-04 07:08:48,62,,800.0,799.0,0.0,108.79,109.84,110.25,111.43,0.10134060248645865,1595699200.0
1620,2026-01-04 07:09:48,62,,706.0,707.0,0.0,108.8,109.98,110.43,111.38,0.09769229009955258,1595416576.0
1680,2026-01-04 07:10:48,62,,617.0,618.0,0.0,108.67,109.63,110.0,111.32,0.08620911536672897,1597673472.0
1740,2026-01-04 07:11:48,62,,498.0,499.0,0.0,108.79,109.84,110.23,111.08,0.07482972177931774,1597673472.0
1800,2026-01-04 07:12:48,62,,455.0,455.0,0.0,108.76,109.88,110.37,110.97,0.06460790013684015,1597456384.0
60,2026-01-04 07:16:00,63,,759.0,585.0,0.0,17778.91,29074.77,32019.15,36509.91,0.1731494775794927,1999872000.0
120,2026-01-04 07:17:00,63,,722.0,603.0,0.0,34306.62,43575.01,45025.57,48378.45,0.28842682082419385,2072788992.0
180,2026-01-04 07:18:00,63,,535.0,503.0,5.0,45619.93,53666.32,56035.94,59712.21,0.2299530757844252,1864404992.0
240,2026-01-04 07:19:00,63,,460.0,451.0,3.0,46310.39,52943.36,55546.65,59380.56,0.19960773568675033,1876144128.0
300,2026-01-04 07:20:00,63,,438.0,438.0,2.0,41004.24,48561.87,51256.36,56208.52,0.19876949939104802,1877590016.0
360,2026-01-04 07:21:00,63,,507.0,507.0,1.0,41523.67,48479.42,51063.07,55842.84,0.19998166410078938,1879166976.0
420,2026-01-04 07:22:00,63,,505.0,505.0,7.0,45614.42,52158.48,55022.11,60000.24,0.1992154523534504,1881124864.0
480,2026-01-04 07:23:00,63,,525.0,496.0,21.0,49308.07,57406.61,59009.89,60000.66,0.19158742716640986,1881952256.0
540,2026-01-04 07:24:00,63,,382.0,383.0,8.0,44412.13,52470.55,56784.94,60000.38,0.15930717790098825,1882226688.0
600,2026-01-04 07:25:00,63,,365.0,365.0,0.0,31064.16,40771.0,42861.93,48458.94,0.1899057107794237,1882288128.0
660,2026-01-04 07:26:00,63,,410.0,410.0,0.0,13760.53,20237.13,21585.57,24995.11,0.1902094650988388,1882447872.0
720,2026-01-04 07:27:00,63,,388.0,388.0,0.0,3718.12,4592.33,5180.26,5958.24,0.1961441089985417,1883734016.0
780,2026-01-04 07:28:00,63,,397.0,397.0,0.0,3614.12,3869.0,3932.28,4053.84,0.18487297423213728,1883807744.0
840,2026-01-04 07:29:00,63,,475.0,474.0,0.0,5233.71,5963.67,6137.27,6439.27,0.20172738550321745,1884659712.0
900,2026-01-04 07:30:00,63,,452.0,452.0,0.0,4565.3,5515.65,5840.67,6158.25,0.1820656315389967,1884811264.0
960,2026-01-04 07:31:00,63,,447.0,447.0,0.0,4248.04,4714.43,4855.27,5064.85,0.17994332082946696,1884778496.0
1020,2026-01-04 07:32:00,63,,475.0,475.0,0.0,5012.76,5573.81,5702.7,5884.7,0.17904749235555004,1884995584.0
1080,2026-01-04 07:33:00,63,,504.0,504.0,0.0,7347.24,9499.84,10061.14,10922.97,0.18223631342019964,1887379456.0
1140,2026-01-04 07:34:00,63,,508.0,508.0,0.0,13237.61,17432.84,19390.0,23561.83,0.1820557336936507,1887739904.0
1200,2026-01-04 07:35:00,63,,636.0,635.0,0.0,29287.57,38791.49,42038.43,47980.0,0.18105212584703972,1888772096.0
1260,2026-01-04 07:36:00,63,,630.0,598.0,27.0,47400.06,56530.13,59633.64,60000.66,0.18473810851158842,1888702464.0
1320,2026-01-04 07:37:00,63,,715.0,540.0,314.0,58336.04,60000.67,60000.81,60001.12,0.18367595315585278,1890394112.0
1380,2026-01-04 07:38:00,63,,757.0,505.0,451.0,59781.9,60000.69,60000.85,60001.21,0.18452292758389074,1890807808.0
1440,2026-01-04 07:39:00,63,,794.0,501.0,476.0,59911.97,60000.58,60000.67,60001.01,0.18441018010615662,1891119104.0
1500,2026-01-04 07:40:00,63,,767.0,502.0,496.0,59985.79,60000.57,60000.65,60000.85,0.18822464521080273,1891213312.0
1560,2026-01-04 07:41:00,63,,800.0,499.0,499.0,59999.99,60000.55,60000.67,60001.07,0.18816682288320727,1891549184.0
1620,2026-01-04 07:42:00,63,,706.0,499.0,499.0,60000.01,60000.6,60000.78,60001.33,0.1858551315915789,1891811328.0
1680,2026-01-04 07:43:00,63,,617.0,500.0,499.0,59998.65,60000.56,60000.66,60000.93,0.1865396881391267,1894060032.0
1740,2026-01-04 07:44:00,63,,498.0,490.0,490.0,59999.94,60000.49,60000.6,60000.8,0.18716167353576502,1895882752.0
1800,2026-01-04 07:45:00,63,,455.0,265.0,265.0,60000.02,60000.55,60000.68,60000.97,0.18332266075690462,1896808448.0
60,2026-01-04 07:48:44,64,,759.0,587.0,0.0,17690.15,27638.99,30505.07,35232.41,0.19909814603008952,1972572160.0
120,2026-01-04 07:49:44,64,,722.0,603.0,1.0,33687.78,42358.78,44714.64,50198.43,0.3039056133368977,2034348032.0
180,2026-01-04 07:50:44,64,,535.0,514.0,2.0,41717.12,48711.73,51355.0,56049.15,0.20647009017026818,1680347136.0
240,2026-01-04 07:51:44,64,,460.0,460.0,3.0,41954.16,49806.82,51780.77,58334.6,0.20042481977469842,1683783680.0
300,2026-01-04 07:52:44,64,,438.0,438.0,0.0,37301.05,44862.64,48012.5,51553.94,0.194934221031403,1683529728.0
360,2026-01-04 07:53:44,64,,507.0,507.0,1.0,36259.87,43624.15,45744.97,49860.8,0.19038835170282495,1686851584.0
420,2026-01-04 07:54:44,64,,505.0,505.0,0.0,40382.47,48405.24,50173.57,53932.55,0.19233242049236596,1687789568.0
480,2026-01-04 07:55:44,64,,525.0,515.0,4.0,43953.13,51322.4,53744.29,59449.65,0.1871805349056288,1687932928.0
540,2026-01-04 07:56:44,64,,382.0,383.0,2.0,40449.1,48810.42,50206.36,55298.89,0.18337559672891235,1688399872.0
600,2026-01-04 07:57:44,64,,365.0,365.0,0.0,23488.49,33927.16,36282.72,43495.36,0.18108114031670863,1688424448.0
660,2026-01-04 07:58:44,64,,410.0,410.0,0.0,5949.31,11143.48,12189.78,13425.72,0.17967396995774831,1687924736.0
720,2026-01-04 07:59:44,64,,388.0,388.0,0.0,2824.85,2978.91,3037.55,3105.06,0.1932445731185633,1688891392.0
780,2026-01-04 08:00:44,64,,397.0,397.0,0.0,2959.99,3194.56,3267.24,3401.28,0.2062245895070468,1690001408.0
840,2026-01-04 08:01:44,64,,475.0,474.0,0.0,4195.96,4786.49,4945.0,5253.52,0.19210804904367673,1689993216.0
900,2026-01-04 08:02:44,64,,452.0,452.0,0.0,3758.42,4253.04,4362.86,4553.77,0.17669981465107656,1690157056.0
960,2026-01-04 08:03:44,64,,447.0,447.0,0.0,3673.77,3975.33,4136.85,4314.87,0.17587393536209284,1690304512.0
1020,2026-01-04 08:04:44,64,,475.0,475.0,0.0,3916.14,4433.87,4592.17,4804.12,0.17544698303488343,1690710016.0
1080,2026-01-04 08:05:44,64,,504.0,504.0,0.0,6193.31,8818.74,9469.66,10875.56,0.17594691864235673,1690779648.0
1140,2026-01-04 08:06:44,64,,508.0,508.0,0.0,13506.58,18273.67,20168.46,22445.55,0.17484073808361023,1691414528.0
1200,2026-01-04 08:07:44,64,,636.0,635.0,0.0,28788.19,38295.24,41652.11,46341.92,0.17847054537222928,1692061696.0
1260,2026-01-04 08:08:44,64,,630.0,589.0,16.0,45229.35,54135.36,56796.82,60000.6,0.17962541799915,1691922432.0
1320,2026-01-04 08:09:44,64,,715.0,576.0,255.0,56607.08,60000.64,60000.78,60001.01,0.17817377106760218,1692774400.0
1380,2026-01-04 08:10:44,64,,757.0,508.0,366.0,59213.78,60000.65,60000.83,60001.07,0.1768208789388649,1692676096.0
1440,2026-01-04 08:11:44,64,,794.0,500.0,439.0,59705.15,60000.59,60000.7,60000.94,0.17794614465101444,1694547968.0
1500,2026-01-04 08:12:44,64,,767.0,500.0,469.0,59884.0,60000.63,60000.78,60001.17,0.18113559705741034,1695649792.0
1560,2026-01-04 08:13:44,64,,800.0,499.0,485.0,59949.81,60000.58,60000.73,60001.04,0.18028429055610673,1695940608.0
1620,2026-01-04 08:14:44,64,,706.0,500.0,494.0,59976.57,60000.61,60000.73,60001.0,0.1792049124722823,1696100352.0
1680,2026-01-04 08:15:44,64,,617.0,497.0,495.0,59994.55,60000.61,60000.74,60000.91,0.15992629015554966,1696628736.0
1740,2026-01-04 08:16:44,64,,498.0,483.0,480.0,59986.67,60000.54,60000.71,60000.99,0.1784787666039726,1697435648.0
1800,2026-01-04 08:17:44,64,,455.0,265.0,262.0,59988.76,60000.63,60000.79,60001.52,0.17867608529833953,1698541568.0
60,2026-01-04 08:21:26,65,,759.0,752.0,0.0,725.85,713.03,725.64,1228.69,0.009319661896384751,1590071296.0
120,2026-01-04 08:22:26,65,,722.0,722.0,0.0,708.08,709.15,709.72,711.24,0.2450643613130205,1625104384.0
180,2026-01-04 08:23:26,65,,535.0,537.0,0.0,707.62,708.61,709.21,710.31,0.12436649268924896,1260888064.0
240,2026-01-04 08:24:26,65,,460.0,460.0,0.0,707.44,708.39,708.94,709.7,0.07603584783413014,1260367872.0
300,2026-01-04 08:25:26,65,,438.0,438.0,0.0,707.58,708.56,709.02,710.22,0.05652979256876882,1260896256.0
360,2026-01-04 08:26:26,65,,507.0,507.0,0.0,707.33,708.36,708.72,709.78,0.052985410656738244,1261252608.0
420,2026-01-04 08:27:26,65,,505.0,505.0,0.0,707.31,708.37,708.84,710.43,0.05982430492571931,1261559808.0
480,2026-01-04 08:28:26,65,,525.0,525.0,0.0,707.54,708.26,708.75,710.7,0.05517603713556617,1261277184.0
540,2026-01-04 08:29:26,65,,382.0,383.0,0.0,707.31,708.34,708.94,710.02,0.049612915039963026,1261355008.0
600,2026-01-04 08:30:26,65,,365.0,365.0,0.0,707.45,708.49,709.02,709.99,0.03902376495730734,1261670400.0
660,2026-01-04 08:31:26,65,,410.0,410.0,0.0,707.37,708.36,708.89,709.89,0.04644398504641864,1261838336.0
720,2026-01-04 08:32:26,65,,388.0,388.0,0.0,707.07,707.96,708.27,709.52,0.0657805737765619,1264467968.0
780,2026-01-04 08:33:26,65,,397.0,397.0,0.0,707.12,708.12,708.55,709.37,0.041362976611681465,1269428224.0
840,2026-01-04 08:34:26,65,,475.0,474.0,0.0,707.03,707.94,708.35,709.14,0.04428207258717372,1269313536.0
900,2026-01-04 08:35:26,65,,452.0,452.0,0.0,707.13,707.98,708.48,709.4,0.050942658697184305,1269760000.0
960,2026-01-04 08:36:26,65,,447.0,447.0,0.0,707.11,708.0,708.39,709.31,0.04599038169975652,1269661696.0
1020,2026-01-04 08:37:26,65,,475.0,475.0,0.0,707.04,708.12,708.75,709.56,0.047740599597266405,1269727232.0
1080,2026-01-04 08:38:26,65,,504.0,504.0,0.0,706.98,708.02,708.39,709.1,0.04899912329626712,1269964800.0
1140,2026-01-04 08:39:26,65,,508.0,508.0,0.0,706.92,707.89,708.29,708.98,0.0430229818345047,1270169600.0
1200,2026-01-04 08:40:26,65,,636.0,635.0,0.0,706.81,707.7,708.07,708.76,0.050538569180669866,1269936128.0
1260,2026-01-04 08:41:26,65,,630.0,630.0,0.0,707.2,708.04,708.66,709.92,0.05557366634555605,1270423552.0
1320,2026-01-04 08:42:26,65,,715.0,714.0,0.0,706.95,707.88,708.37,709.46,0.0643554947757742,1273339904.0
1380,2026-01-04 08:43:26,65,,757.0,757.0,0.0,706.97,707.77,708.22,709.1,0.06261378665657073,1273556992.0
1440,2026-01-04 08:44:26,65,,794.0,793.0,0.0,706.95,707.89,708.22,709.19,0.07228293377850176,1273688064.0
1500,2026-01-04 08:45:26,65,,767.0,768.0,0.0,706.89,707.82,708.27,709.3,0.06998347864699862,1273745408.0
1560,2026-01-04 08:46:26,65,,800.0,799.0,0.0,706.91,707.94,708.27,709.32,0.07224258510482783,1273872384.0
1620,2026-01-04 08:47:26,65,,706.0,707.0,0.0,706.98,708.09,708.55,709.37,0.08048083707899717,1273901056.0
1680,2026-01-04 08:48:26,65,,617.0,618.0,0.0,706.81,707.73,708.11,709.14,0.06361975548006192,1274589184.0
1740,2026-01-04 08:49:26,65,,498.0,499.0,0.0,706.81,707.57,707.99,709.03,0.050806094956188506,1274454016.0
1800,2026-01-04 08:50:26,65,,455.0,455.0,0.0,706.92,707.82,708.16,709.33,0.04740457323194487,1274621952.0
60,2026-01-04 08:53:40,66,,759.0,752.0,0.0,123.65,112.03,121.25,744.88,0.11679453253617803,1266872320.0
120,2026-01-04 08:54:40,66,,722.0,722.0,0.0,107.1,108.17,108.72,110.35,0.1731219082891637,1048797184.0
180,2026-01-04 08:55:40,66,,535.0,537.0,0.0,106.82,107.87,108.18,108.99,0.08887646285157441,1048776704.0
240,2026-01-04 08:56:40,66,,460.0,460.0,0.0,106.56,107.47,107.75,108.91,0.06910575388750943,1054347264.0
300,2026-01-04 08:57:40,66,,438.0,438.0,0.0,106.53,107.45,107.77,109.23,0.05579223863060392,1053483008.0
360,2026-01-04 08:58:40,66,,507.0,507.0,0.0,106.36,107.33,107.62,108.3,0.05515933378768734,1053896704.0
420,2026-01-04 08:59:40,66,,505.0,505.0,0.0,106.31,107.15,107.55,108.51,0.051419511043918106,1053945856.0
480,2026-01-04 09:00:40,66,,525.0,525.0,0.0,106.4,107.29,107.85,108.94,0.04256710077868087,1053949952.0
540,2026-01-04 09:01:40,66,,382.0,383.0,0.0,106.34,107.18,107.41,108.0,0.048563506520514645,1054109696.0
600,2026-01-04 09:02:40,66,,365.0,365.0,0.0,106.55,107.71,108.1,109.14,0.03581222773523546,1054142464.0
660,2026-01-04 09:03:40,66,,410.0,410.0,0.0,106.31,107.14,107.59,108.28,0.04440800740387568,1058070528.0
720,2026-01-04 09:04:40,66,,388.0,388.0,0.0,106.25,107.18,107.58,108.8,0.048221082971514576,1058566144.0
780,2026-01-04 09:05:40,66,,397.0,397.0,0.0,106.45,107.12,107.63,108.94,0.046632688889190366,1058660352.0
840,2026-01-04 09:06:40,66,,475.0,474.0,0.0,106.25,107.13,107.52,108.35,0.03656920570683447,1058836480.0
900,2026-01-04 09:07:40,66,,452.0,452.0,0.0,106.17,107.06,107.47,108.46,0.04341740101304675,1058869248.0
960,2026-01-04 09:08:40,66,,447.0,447.0,0.0,106.21,107.12,107.51,108.39,0.042866507991636535,1059086336.0
1020,2026-01-04 09:09:40,66,,475.0,475.0,0.0,106.21,107.01,107.61,108.47,0.04161869853437397,1059303424.0
1080,2026-01-04 09:10:40,66,,504.0,504.0,0.0,106.13,107.02,107.38,108.1,0.042523293149656444,1059172352.0
1140,2026-01-04 09:11:40,66,,508.0,508.0,0.0,106.07,106.92,107.25,108.41,0.044362557098966755,1059512320.0
1200,2026-01-04 09:12:40,66,,636.0,635.0,0.0,106.06,106.98,107.5,108.28,0.035119033652043934,1059512320.0
1260,2026-01-04 09:13:40,66,,630.0,630.0,0.0,106.13,107.2,107.55,108.86,0.051968288707600285,1061527552.0
1320,2026-01-04 09:14:40,66,,715.0,714.0,0.0,106.07,106.94,107.44,108.38,0.05494551657780676,1061793792.0
1380,2026-01-04 09:15:40,66,,757.0,757.0,0.0,106.38,106.98,107.42,108.38,0.059966942047481035,1061826560.0
1440,2026-01-04 09:16:40,66,,794.0,793.0,0.0,106.03,106.88,107.31,108.02,0.0621786048932431,1061625856.0
1500,2026-01-04 09:17:40,66,,767.0,768.0,0.0,106.07,106.97,107.47,108.35,0.06244617637131314,1061912576.0
1560,2026-01-04 09:18:40,66,,800.0,799.0,0.0,106.05,106.9,107.36,108.41,0.06371973406036699,1062002688.0
1620,2026-01-04 09:19:40,66,,706.0,707.0,0.0,106.09,107.09,107.42,108.16,0.0651239128250635,1061838848.0
1680,2026-01-04 09:20:40,66,,617.0,618.0,0.0,105.9,106.82,107.29,108.07,0.05274585173209303,1061916672.0
1740,2026-01-04 09:21:40,66,,498.0,499.0,0.0,105.97,106.8,107.14,108.64,0.04460063200264932,1062051840.0
1800,2026-01-04 09:22:40,66,,455.0,455.0,0.0,106.03,106.99,107.44,108.18,0.037276695210395824,1062068224.0
60,2026-01-04 09:25:51,67,,759.0,752.0,0.0,634.81,615.62,645.04,1583.57,0.12622671043594233,1784758272.0
120,2026-01-04 09:26:51,67,,722.0,722.0,0.0,609.7,611.02,611.56,612.98,0.19485888667912205,1791438848.0
180,2026-01-04 09:27:51,67,,535.0,537.0,0.0,609.53,610.83,611.49,612.81,0.13424032344394904,1586262016.0
240,2026-01-04 09:28:51,67,,460.0,460.0,0.0,609.24,610.42,611.03,612.1,0.09577265364056523,1586638848.0
300,2026-01-04 09:29:51,67,,438.0,438.0,0.0,609.25,610.44,611.09,612.13,0.07587798998866539,1587228672.0
360,2026-01-04 09:30:51,67,,507.0,507.0,0.0,609.21,610.37,610.92,612.24,0.07531978871427891,1587716096.0
420,2026-01-04 09:31:51,67,,505.0,505.0,0.0,609.18,610.48,610.89,611.81,0.07440910354343166,1587458048.0
480,2026-01-04 09:32:51,67,,525.0,525.0,0.0,609.05,610.21,610.78,612.12,0.07412602690863702,1587724288.0
540,2026-01-04 09:33:51,67,,382.0,383.0,0.0,609.12,610.24,610.96,611.92,0.06752665390686932,1587658752.0
600,2026-01-04 09:34:51,67,,365.0,365.0,0.0,609.23,610.63,611.1,612.57,0.05741263921460593,1587847168.0
660,2026-01-04 09:35:51,67,,410.0,410.0,0.0,609.09,610.32,610.86,612.39,0.06300978752958862,1588785152.0
720,2026-01-04 09:36:51,67,,388.0,388.0,0.0,608.95,610.23,610.54,611.28,0.06329017474629506,1588502528.0
780,2026-01-04 09:37:51,67,,397.0,397.0,0.0,608.98,610.12,610.69,612.44,0.05638662365918299,1586102272.0
840,2026-01-04 09:38:51,67,,475.0,474.0,0.0,608.87,610.04,610.62,611.43,0.061493178517569864,1586274304.0
900,2026-01-04 09:39:51,67,,452.0,452.0,0.0,608.95,610.33,610.71,611.95,0.06504158083685976,1586360320.0
960,2026-01-04 09:40:51,67,,447.0,447.0,0.0,608.96,610.13,610.59,611.5,0.06487017869275159,1586622464.0
1020,2026-01-04 09:41:51,67,,475.0,475.0,0.0,608.77,609.87,610.43,612.01,0.06491738191413553,1586507776.0
1080,2026-01-04 09:42:51,67,,504.0,504.0,0.0,608.92,610.07,610.57,611.43,0.06511338574729314,1586831360.0
1140,2026-01-04 09:43:51,67,,508.0,508.0,0.0,608.91,610.03,610.5,612.01,0.0732755247087755,1586966528.0
1200,2026-01-04 09:44:51,67,,636.0,635.0,0.0,608.77,609.77,610.4,611.68,0.07859867583149326,1586855936.0
1260,2026-01-04 09:45:51,67,,630.0,630.0,0.0,609.26,610.32,610.9,612.92,0.0835360302557019,1590235136.0
1320,2026-01-04 09:46:51,67,,715.0,714.0,0.0,608.86,610.08,610.57,611.65,0.09139208664138604,1592918016.0
1380,2026-01-04 09:47:51,67,,757.0,757.0,0.0,608.74,609.87,610.35,611.79,0.09418473319152555,1592836096.0
1440,2026-01-04 09:48:51,67,,794.0,793.0,0.0,608.87,609.98,610.5,611.18,0.09825463093083477,1592782848.0
1500,2026-01-04 09:49:51,67,,767.0,768.0,0.0,608.83,610.05,610.47,611.18,0.10285522701575359,1593303040.0
1560,2026-01-04 09:50:51,67,,800.0,799.0,0.0,608.87,610.01,610.43,612.08,0.10461129257259968,1593274368.0
1620,2026-01-04 09:51:51,67,,706.0,707.0,0.0,608.76,609.91,610.51,611.69,0.10151891182464945,1593053184.0
1680,2026-01-04 09:52:51,67,,617.0,618.0,0.0,608.57,609.64,610.25,611.56,0.09093182376229017,1596444672.0
1740,2026-01-04 09:53:51,67,,498.0,499.0,0.0,608.74,609.69,610.3,611.26,0.07722394310904514,1596465152.0
1800,2026-01-04 09:54:51,67,,455.0,455.0,0.0,608.64,609.7,610.14,611.03,0.06490439926302013,1596727296.0
60,2026-01-04 09:58:03,68,,759.0,752.0,0.0,28.71,13.09,20.02,646.65,0.13478514782378423,1578627072.0
120,2026-01-04 09:59:03,68,,722.0,722.0,0.0,8.7,9.95,10.39,11.51,0.15140922666340131,1586892800.0
180,2026-01-04 10:00:03,68,,535.0,537.0,0.0,8.34,9.31,9.79,10.71,0.08814205383861264,1375703040.0
240,2026-01-04 10:01:03,68,,460.0,460.0,0.0,8.34,9.55,10.17,11.45,0.08430983874044644,1375576064.0
300,2026-01-04 10:02:03,68,,438.0,438.0,0.0,8.43,9.73,10.1,12.05,0.07295955372631162,1384210432.0
360,2026-01-04 10:03:03,68,,507.0,507.0,0.0,8.19,9.36,9.71,10.79,0.06994022766747458,1376780288.0
420,2026-01-04 10:04:03,68,,505.0,505.0,0.0,8.27,9.39,10.1,11.39,0.06546876233739116,1377239040.0
480,2026-01-04 10:05:03,68,,525.0,525.0,0.0,8.08,9.22,9.76,10.54,0.06777860792976649,1377259520.0
540,2026-01-04 10:06:03,68,,382.0,383.0,0.0,8.13,9.15,9.9,10.62,0.0629964163175602,1377275904.0
600,2026-01-04 10:07:03,68,,365.0,365.0,0.0,8.24,9.55,10.07,11.15,0.052792999278229384,1377255424.0
660,2026-01-04 10:08:03,68,,410.0,410.0,0.0,8.23,9.24,9.89,11.26,0.05569447519741914,1377906688.0
720,2026-01-04 10:09:03,68,,388.0,388.0,0.0,8.11,9.29,9.69,11.04,0.0426179365583961,1380573184.0
780,2026-01-04 10:10:03,68,,397.0,397.0,0.0,7.92,9.05,9.41,10.54,0.05201728707531085,1379672064.0
840,2026-01-04 10:11:03,68,,475.0,474.0,0.0,8.02,9.12,9.66,10.88,0.04982078006541583,1380208640.0
900,2026-01-04 10:12:03,68,,452.0,452.0,0.0,7.84,8.93,9.39,10.79,0.05402389131847327,1379909632.0
960,2026-01-04 10:13:03,68,,447.0,447.0,0.0,7.94,9.0,9.59,10.65,0.0553790843195332,1380323328.0
1020,2026-01-04 10:14:03,68,,475.0,475.0,0.0,7.97,9.07,9.84,11.19,0.0527703172511914,1380229120.0
1080,2026-01-04 10:15:03,68,,504.0,504.0,0.0,7.85,9.07,9.4,10.37,0.05757175794914056,1381273600.0
1140,2026-01-04 10:16:03,68,,508.0,508.0,0.0,7.75,8.86,9.34,10.15,0.05975405565589252,1381851136.0
1200,2026-01-04 10:17:03,68,,636.0,635.0,0.0,7.71,8.66,9.14,9.99,0.05018242182279121,1381740544.0
1260,2026-01-04 10:18:03,68,,630.0,630.0,0.0,8.12,9.18,9.7,11.04,0.07004702624995114,1383817216.0
1320,2026-01-04 10:19:03,68,,715.0,714.0,0.0,7.67,8.67,9.18,10.24,0.07814557449417434,1390460928.0
1380,2026-01-04 10:20:03,68,,757.0,757.0,0.0,7.68,8.62,9.21,10.26,0.08095630151182637,1384398848.0
1440,2026-01-04 10:21:03,68,,794.0,793.0,0.0,7.74,8.79,9.14,9.98,0.0877686049601247,1384321024.0
1500,2026-01-04 10:22:03,68,,767.0,768.0,0.0,7.7,8.77,9.1,10.23,0.07553437935714201,1384341504.0
1560,2026-01-04 10:23:03,68,,800.0,799.0,0.0,7.66,8.68,9.24,10.47,0.08795481090597035,1384525824.0
1620,2026-01-04 10:24:03,68,,706.0,707.0,0.0,7.74,8.92,9.53,10.28,0.08531910649773634,1384181760.0
1680,2026-01-04 10:25:03,68,,617.0,618.0,0.0,7.65,8.45,8.93,9.87,0.07768726732517653,1384390656.0
1740,2026-01-04 10:26:03,68,,498.0,499.0,0.0,7.75,8.78,9.09,10.1,0.07050725238437823,1384321024.0
1800,2026-01-04 10:27:03,68,,455.0,455.0,0.0,7.67,8.73,9.29,10.33,0.060065841152809135,1385320448.0
60,2026-01-04 10:30:15,69,,759.0,585.0,0.0,17484.29,28273.61,30277.39,35087.6,0.20069977399175443,1758871552.0
120,2026-01-04 10:31:15,69,,722.0,606.0,0.0,33378.99,42044.79,45057.81,50027.96,0.2863729818777171,1850003456.0
180,2026-01-04 10:32:15,69,,535.0,512.0,2.0,41555.06,49096.95,52077.26,55652.11,0.2078208348259522,1671053312.0
240,2026-01-04 10:33:15,69,,460.0,460.0,2.0,42059.6,50063.36,53415.29,58123.13,0.19675557907551683,1682575360.0
300,2026-01-04 10:34:15,69,,438.0,438.0,1.0,38790.98,46234.01,48084.87,52561.19,0.17518416603941267,1684672512.0
360,2026-01-04 10:35:15,69,,507.0,507.0,0.0,37476.26,44431.75,46940.51,51789.47,0.181882838170715,1685741568.0
420,2026-01-04 10:36:15,69,,505.0,505.0,0.0,40658.28,47881.5,50284.04,54436.53,0.1940892530194065,1686122496.0
480,2026-01-04 10:37:15,69,,525.0,512.0,1.0,43413.59,51178.1,53471.82,58563.12,0.1843991334620069,1686409216.0
540,2026-01-04 10:38:15,69,,382.0,383.0,0.0,39593.55,48134.35,50622.52,54421.3,0.18259459685545787,1686925312.0
600,2026-01-04 10:39:15,69,,365.0,365.0,0.0,22437.14,33130.26,34804.7,40049.16,0.18043345941086025,1687285760.0
660,2026-01-04 10:40:15,69,,410.0,410.0,0.0,5341.38,8999.93,9899.56,11040.42,0.1770819780467171,1686630400.0
720,2026-01-04 10:41:15,69,,388.0,388.0,0.0,3362.31,3550.25,3600.73,3685.78,0.1929091823014525,1686302720.0
780,2026-01-04 10:42:15,69,,397.0,397.0,0.0,3442.35,3686.27,3755.91,3939.05,0.19421247495698576,1680691200.0
840,2026-01-04 10:43:15,69,,475.0,474.0,0.0,4494.35,4963.04,5085.16,5360.49,0.17435983300999808,1680785408.0
900,2026-01-04 10:44:15,69,,452.0,452.0,0.0,3913.89,4296.8,4407.65,4621.57,0.17643023268824787,1680998400.0
960,2026-01-04 10:45:15,69,,447.0,447.0,0.0,3955.08,4277.69,4330.8,4552.51,0.17374689986134406,1681207296.0
1020,2026-01-04 10:46:15,69,,475.0,475.0,0.0,4404.95,4749.14,4875.24,5100.84,0.17640473624965214,1681563648.0
1080,2026-01-04 10:47:15,69,,504.0,504.0,0.0,6054.66,7128.34,7461.77,7850.86,0.16085839352211206,1681661952.0
1140,2026-01-04 10:48:15,69,,508.0,508.0,0.0,10647.91,13843.64,14948.56,18178.71,0.1725870770590197,1681911808.0
1200,2026-01-04 10:49:15,69,,636.0,635.0,1.0,27977.71,38454.98,41361.43,47990.4,0.17638509802500557,1682821120.0
1260,2026-01-04 10:50:15,69,,630.0,592.0,10.0,45238.19,53993.95,56732.15,60000.37,0.1768367845908677,1683222528.0
1320,2026-01-04 10:51:15,69,,715.0,561.0,239.0,56676.53,60000.63,60000.75,60001.01,0.17694693749923351,1683505152.0
1380,2026-01-04 10:52:15,69,,757.0,514.0,384.0,59231.8,60000.62,60000.73,60001.02,0.1755627478309553,1683660800.0
1440,2026-01-04 10:53:15,69,,794.0,501.0,438.0,59739.15,60000.65,60000.86,60001.37,0.17926952353824788,1685225472.0
1500,2026-01-04 10:54:15,69,,767.0,502.0,467.0,59882.6,60000.55,60000.67,60001.24,0.17908100439049224,1685917696.0
1560,2026-01-04 10:55:15,69,,800.0,499.0,490.0,59969.9,60000.56,60000.67,60001.52,0.17945372118446506,1686441984.0
1620,2026-01-04 10:56:15,69,,706.0,499.0,497.0,59994.98,60000.58,60000.68,60000.95,0.17801137084960572,1686790144.0
1680,2026-01-04 10:57:15,69,,617.0,500.0,498.0,59996.75,60000.56,60000.68,60000.97,0.1590951933000578,1688268800.0
1740,2026-01-04 10:58:15,69,,498.0,486.0,485.0,59998.82,60000.57,60000.69,60001.0,0.17883230250067383,1688465408.0
1800,2026-01-04 10:59:15,69,,455.0,266.0,258.0,59981.13,60000.58,60000.77,60001.29,0.17661962345700316,1689841664.0
60,2026-01-04 11:02:56,70,,759.0,586.0,0.0,17445.56,27516.44,31470.0,35018.57,0.16153270828271182,1735606272.0
120,2026-01-04 11:03:56,70,,722.0,606.0,0.0,33003.07,41552.47,43464.19,52502.15,0.2963901301112146,1809510400.0
180,2026-01-04 11:04:56,70,,535.0,504.0,2.0,42977.75,49851.94,52105.24,58475.42,0.1989199137042547,1461313536.0
240,2026-01-04 11:05:56,70,,460.0,459.0,0.0,40773.85,48040.37,49892.32,53411.35,0.19202619707540658,1466798080.0
300,2026-01-04 11:06:56,70,,438.0,438.0,1.0,36628.2,44247.23,46490.35,51219.67,0.182167489218742,1469538304.0
360,2026-01-04 11:07:56,70,,507.0,507.0,0.0,35530.98,42692.65,45052.5,48605.6,0.18378145457063216,1470996480.0
420,2026-01-04 11:08:56,70,,505.0,505.0,0.0,37726.16,44285.6,46267.85,49500.31,0.1865261077709322,1472024576.0
480,2026-01-04 11:09:56,70,,525.0,525.0,1.0,41833.74,49885.35,52087.67,56008.58,0.18335672762761943,1472593920.0
540,2026-01-04 11:10:56,70,,382.0,383.0,0.0,38622.06,47704.05,50163.27,54038.66,0.17643876979570963,1472937984.0
600,2026-01-04 11:11:56,70,,365.0,365.0,0.0,22796.69,33762.96,36138.86,38780.12,0.17362042841005115,1472987136.0
660,2026-01-04 11:12:56,70,,410.0,410.0,0.0,5485.32,10102.69,11275.18,13588.39,0.15264382806551757,1472507904.0
720,2026-01-04 11:13:56,70,,388.0,388.0,0.0,2713.43,2914.21,2971.63,3064.68,0.1805472961958215,1476501504.0
780,2026-01-04 11:14:56,70,,397.0,397.0,0.0,2683.54,2829.55,2873.43,2924.9,0.19786673658374176,1477214208.0
840,2026-01-04 11:15:56,70,,475.0,474.0,0.0,3626.55,3982.78,4056.5,4234.5,0.18779591581742638,1477931008.0
900,2026-01-04 11:16:56,70,,452.0,452.0,0.0,3492.96,4057.23,4334.95,4579.05,0.14665575156238958,1477931008.0
960,2026-01-04 11:17:56,70,,447.0,447.0,0.0,3245.92,3476.94,3540.05,3665.6,0.17010892031893118,1477971968.0
1020,2026-01-04 11:18:56,70,,475.0,475.0,0.0,4238.65,4647.56,4773.35,4979.16,0.16895196183783565,1478430720.0
1080,2026-01-04 11:19:56,70,,504.0,504.0,0.0,6479.03,9018.07,9600.49,10614.9,0.1668353210515261,1478533120.0
1140,2026-01-04 11:20:56,70,,508.0,508.0,0.0,10995.83,14202.27,15696.29,18582.77,0.16959258885761366,1479450624.0
1200,2026-01-04 11:21:56,70,,636.0,635.0,0.0,27009.93,36162.76,38931.35,43707.75,0.17016317137081985,1480019968.0
1260,2026-01-04 11:22:56,70,,630.0,596.0,4.0,43182.38,51509.89,54461.81,58510.62,0.16972290015716185,1480048640.0
1320,2026-01-04 11:23:56,70,,715.0,581.0,161.0,54798.39,60000.59,60000.79,60001.55,0.17048228621965986,1480437760.0
1380,2026-01-04 11:24:56,70,,757.0,520.0,333.0,58666.98,60000.66,60000.77,60001.0,0.1692722092351303,1480790016.0
1440,2026-01-04 11:25:56,70,,794.0,505.0,421.0,59583.29,60000.65,60000.78,60001.16,0.1706492453942576,1480757248.0
1500,2026-01-04 11:26:56,70,,767.0,504.0,425.0,59629.36,60000.56,60000.68,60001.05,0.17210589410389798,1482211328.0
1560,2026-01-04 11:27:56,70,,800.0,499.0,449.0,59837.62,60000.62,60000.69,60001.06,0.17190147078098006,1483345920.0
1620,2026-01-04 11:28:56,70,,706.0,499.0,467.0,59906.13,60000.66,60000.79,60001.38,0.17175300341192418,1483853824.0
1680,2026-01-04 11:29:56,70,,617.0,500.0,488.0,59952.05,60000.56,60000.66,60001.07,0.17013623668648503,1483829248.0
1740,2026-01-04 11:30:56,70,,498.0,490.0,478.0,59966.96,60000.55,60000.68,60001.17,0.1715369197345615,1485385728.0
1800,2026-01-04 11:31:56,70,,455.0,267.0,254.0,59897.02,60000.68,60000.82,60001.24,0.17129546843825721,1485197312.0
60,2026-01-04 11:35:37,71,,759.0,752.0,0.0,623.32,611.49,621.21,1100.05,0.01837455033084066,1379000320.0
120,2026-01-04 11:36:37,71,,722.0,722.0,0.0,607.13,608.36,608.99,610.41,0.17894662492566357,1414332416.0
180,2026-01-04 11:37:37,71,,535.0,537.0,0.0,606.75,607.74,608.32,609.35,0.09996866625772989,1054449664.0
240,2026-01-04 11:38:37,71,,460.0,460.0,0.0,606.59,607.71,608.05,608.76,0.06323351828966446,1054736384.0
300,2026-01-04 11:39:37,71,,438.0,438.0,0.0,606.54,607.42,608.06,609.01,0.04177453771144622,1054978048.0
360,2026-01-04 11:40:37,71,,507.0,507.0,0.0,606.47,607.4,607.96,608.64,0.06140270986943912,1057755136.0
420,2026-01-04 11:41:37,71,,505.0,505.0,0.0,606.44,607.33,607.79,608.91,0.04858290917060375,1057800192.0
480,2026-01-04 11:42:37,71,,525.0,525.0,0.0,606.47,607.37,608.0,608.9,0.042980052818845,1057824768.0
540,2026-01-04 11:43:37,71,,382.0,383.0,0.0,606.44,607.43,607.9,608.71,0.04842890406831611,1057808384.0
600,2026-01-04 11:44:37,71,,365.0,365.0,0.0,606.66,607.97,608.5,609.33,0.03514555651060594,1057902592.0
660,2026-01-04 11:45:37,71,,410.0,410.0,0.0,606.41,607.3,607.7,609.04,0.04749608212138226,1058742272.0
720,2026-01-04 11:46:37,71,,388.0,388.0,0.0,606.34,607.36,607.79,608.72,0.04522111809196018,1058648064.0
780,2026-01-04 11:47:37,71,,397.0,397.0,0.0,606.28,607.22,607.54,608.43,0.03737145710485466,1061257216.0
840,2026-01-04 11:48:37,71,,475.0,474.0,0.0,606.16,607.07,607.51,608.29,0.040851711262288405,1061326848.0
900,2026-01-04 11:49:37,71,,452.0,452.0,0.0,606.18,607.11,607.61,608.83,0.03990563997228052,1061244928.0
960,2026-01-04 11:50:37,71,,447.0,447.0,0.0,606.21,607.07,607.7,608.87,0.03258504113079076,1061367808.0
1020,2026-01-04 11:51:37,71,,475.0,475.0,0.0,606.23,607.27,607.59,609.02,0.04313870518056028,1061740544.0
1080,2026-01-04 11:52:37,71,,504.0,504.0,0.0,606.22,607.21,607.71,608.57,0.04384902361025639,1061773312.0
1140,2026-01-04 11:53:37,71,,508.0,508.0,0.0,606.16,607.13,607.58,608.45,0.043057799012465224,1061883904.0
1200,2026-01-04 11:54:37,71,,636.0,635.0,0.0,606.03,606.9,607.26,607.92,0.04775327894662851,1061998592.0
1260,2026-01-04 11:55:37,71,,630.0,630.0,0.0,606.1,607.08,607.46,608.42,0.05261947939218544,1062690816.0
1320,2026-01-04 11:56:37,71,,715.0,714.0,0.0,606.15,607.01,607.54,608.86,0.05370182367318115,1065103360.0
1380,2026-01-04 11:57:37,71,,757.0,757.0,0.0,605.97,606.84,607.29,608.93,0.061353265247330896,1065299968.0
1440,2026-01-04 11:58:37,71,,794.0,793.0,0.0,606.0,606.83,607.29,608.15,0.06219898653882791,1065394176.0
1500,2026-01-04 11:59:37,71,,767.0,768.0,0.0,605.95,606.74,607.19,608.14,0.06020628356351807,1065549824.0
1560,2026-01-04 12:00:37,71,,800.0,799.0,0.0,606.03,606.9,607.38,608.53,0.062171192725619794,1065603072.0
1620,2026-01-04 12:01:37,71,,706.0,707.0,0.0,606.08,607.18,607.56,608.72,0.05178954874179094,1065517056.0
1680,2026-01-04 12:02:37,71,,617.0,618.0,0.0,605.87,606.63,607.17,607.88,0.057276997129233925,1066299392.0
1740,2026-01-04 12:03:37,71,,498.0,499.0,0.0,606.25,606.81,607.52,608.52,0.04187943712146065,1066565632.0
1800,2026-01-04 12:04:37,71,,455.0,455.0,0.0,606.05,606.97,607.39,608.18,0.036336945214613996,1066598400.0
60,2026-01-04 12:07:49,72,,759.0,752.0,0.0,20.98,10.07,14.85,570.59,0.09323159634085802,1054633984.0
120,2026-01-04 12:08:49,72,,722.0,722.0,0.0,6.05,7.05,7.63,8.35,0.13467224762121724,1060020224.0
180,2026-01-04 12:09:49,72,,535.0,537.0,0.0,5.74,6.69,7.07,8.54,0.08140365872334332,843345920.0
240,2026-01-04 12:10:49,72,,460.0,460.0,0.0,5.64,6.59,7.2,8.09,0.05598815303464778,843907072.0
300,2026-01-04 12:11:49,72,,438.0,438.0,0.0,5.58,6.6,7.0,7.58,0.04770820384233477,844369920.0
360,2026-01-04 12:12:49,72,,507.0,507.0,0.0,5.46,6.35,6.74,7.47,0.04744823225732199,847237120.0
420,2026-01-04 12:13:49,72,,505.0,505.0,0.0,5.49,6.5,6.88,8.27,0.04428256963807533,847265792.0
480,2026-01-04 12:14:49,72,,525.0,525.0,0.0,5.49,6.46,6.91,7.5,0.04281653241872829,847667200.0
540,2026-01-04 12:15:49,72,,382.0,383.0,0.0,5.35,6.25,6.75,7.26,0.03838011255640146,847724544.0
600,2026-01-04 12:16:49,72,,365.0,365.0,0.0,5.59,6.69,7.03,8.1,0.03268646836148775,849895424.0
660,2026-01-04 12:17:49,72,,410.0,410.0,0.0,5.29,6.15,6.65,7.51,0.03843291164837187,850165760.0
720,2026-01-04 12:18:49,72,,388.0,388.0,0.0,5.16,6.05,6.52,7.3,0.041039280552731816,854122496.0
780,2026-01-04 12:19:49,72,,397.0,397.0,0.0,5.34,5.97,6.33,7.23,0.035470274854005356,854253568.0
840,2026-01-04 12:20:49,72,,475.0,474.0,0.0,5.21,6.03,6.55,7.2,0.033684129267353854,854319104.0
900,2026-01-04 12:21:49,72,,452.0,452.0,0.0,5.15,5.9,6.31,6.85,0.033830038205153096,854364160.0
960,2026-01-04 12:22:49,72,,447.0,447.0,0.0,5.14,5.93,6.23,6.82,0.03287860883857548,854491136.0
1020,2026-01-04 12:23:49,72,,475.0,475.0,0.0,5.06,5.87,6.32,6.92,0.033266278357686425,854716416.0
1080,2026-01-04 12:24:49,72,,504.0,504.0,0.0,5.18,6.07,6.48,7.2,0.03311999492563034,854732800.0
1140,2026-01-04 12:25:49,72,,508.0,508.0,0.0,5.19,6.28,6.59,7.48,0.03658326880742047,854773760.0
1200,2026-01-04 12:26:49,72,,636.0,635.0,0.0,5.11,6.0,6.41,7.34,0.039778324887970506,855093248.0
1260,2026-01-04 12:27:49,72,,630.0,630.0,0.0,5.24,6.27,6.65,7.64,0.04265901821658104,855166976.0
1320,2026-01-04 12:28:49,72,,715.0,714.0,0.0,5.11,5.93,6.36,7.64,0.047667520341090897,855175168.0
1380,2026-01-04 12:29:49,72,,757.0,757.0,0.0,5.13,5.88,6.26,7.02,0.05048293181222282,855457792.0
1440,2026-01-04 12:30:49,72,,794.0,793.0,0.0,5.03,5.82,6.19,6.99,0.049844198673937475,855375872.0
1500,2026-01-04 12:31:49,72,,767.0,768.0,0.0,5.06,5.86,6.24,7.54,0.04966723790105605,855281664.0
1560,2026-01-04 12:32:49,72,,800.0,799.0,0.0,5.02,5.84,6.31,7.05,0.05125813116410678,855289856.0
1620,2026-01-04 12:33:49,72,,706.0,707.0,0.0,5.07,6.0,6.53,7.4,0.05216768770794686,855515136.0
1680,2026-01-04 12:34:49,72,,617.0,618.0,0.0,4.93,5.69,6.04,7.01,0.04845825326395529,857583616.0
1740,2026-01-04 12:35:49,72,,498.0,499.0,0.0,4.95,5.82,6.05,6.8,0.03905566949285419,857636864.0
1800,2026-01-04 12:36:49,72,,455.0,455.0,0.0,5.03,5.91,6.3,7.29,0.03205010992704285,857640960.0
